id,text,upos,xpos,feats,head,deprel,span,lemma,expanded
1,מטרת,NOUN,NOUN,Definite=Cons|Gender=Fem|Number=Sing,0.0,root,"(0, 4)",מטרה,
"(2, 3)",העבודה,,,,,,"(5, 11)",,"[{'id': 2, 'text': 'ה', 'upos': 'DET', 'xpos': 'DET', 'feats': 'PronType=Art', 'head': 3, 'deprel': 'det:def', 'lemma': 'ה'}, {'id': 3, 'text': 'עבודה', 'upos': 'NOUN', 'xpos': 'NOUN', 'feats': 'Gender=Fem|Number=Sing', 'head': 1, 'deprel': 'compound:smixut', 'lemma': 'עבודה'}]"
4,1,NUM,NUM,,1.0,nummod,"(12, 13)",1,
1,קביעת,NOUN,NOUN,Definite=Cons|Gender=Fem|Number=Sing,0.0,root,"(1, 6)",קביעה,
2,תנאי,NOUN,NOUN,Definite=Cons|Gender=Masc|Number=Plur,1.0,compound:smixut,"(7, 11)",תנאי,
3,סף,NOUN,NOUN,Gender=Masc|Number=Sing,2.0,compound:smixut,"(12, 14)",סף,
"(4, 5)",וקריטריונים,,,,,,"(15, 26)",,"[{'id': 4, 'text': 'ו', 'upos': 'CCONJ', 'xpos': 'CCONJ', 'head': 5, 'deprel': 'cc', 'lemma': 'ו'}, {'id': 5, 'text': 'קריטריונים', 'upos': 'NOUN', 'xpos': 'NOUN', 'feats': 'Gender=Masc|Number=Plur', 'head': 2, 'deprel': 'conj', 'lemma': 'קריטריון'}]"
"(6, 7)",למדרוג,,,,,,"(27, 33)",,"[{'id': 6, 'text': 'ל', 'upos': 'ADP', 'xpos': 'ADP', 'head': 7, 'deprel': 'case', 'lemma': 'ל'}, {'id': 7, 'text': 'מדרוג', 'upos': 'NOUN', 'xpos': 'NOUN', 'feats': 'Definite=Cons|Gender=Masc|Number=Sing', 'head': 5, 'deprel': 'nmod', 'lemma': 'מדרוג'}]"
8,תוספת,NOUN,NOUN,Definite=Cons|Gender=Fem|Number=Sing,7.0,compound:smixut,"(34, 39)",תוספת,
9,זכויות,NOUN,NOUN,Definite=Cons|Gender=Fem|Number=Plur,8.0,compound:smixut,"(40, 46)",זכות,
10,בנייה,NOUN,NOUN,Gender=Fem|Number=Sing,9.0,compound:smixut,"(47, 52)",בנייה,
"(11, 12)",כתמריץ,,,,,,"(53, 59)",,"[{'id': 11, 'text': 'כ', 'upos': 'ADP', 'xpos': 'ADP', 'head': 12, 'deprel': 'case', 'lemma': 'כ'}, {'id': 12, 'text': 'תמריץ', 'upos': 'NOUN', 'xpos': 'NOUN', 'feats': 'Gender=Masc|Number=Sing', 'head': 1, 'deprel': 'nmod', 'lemma': 'תמריץ'}]"
"(13, 14)",לחיזוק,,,,,,"(60, 66)",,"[{'id': 13, 'text': 'ל', 'upos': 'ADP', 'xpos': 'ADP', 'head': 14, 'deprel': 'case', 'lemma': 'ל'}, {'id': 14, 'text': 'חיזוק', 'upos': 'NOUN', 'xpos': 'NOUN', 'feats': 'Definite=Cons|Gender=Masc|Number=Sing', 'head': 12, 'deprel': 'nmod', 'lemma': 'חיזוק'}]"
15,מבנים,NOUN,NOUN,Gender=Masc|Number=Plur,14.0,compound:smixut,"(67, 72)",מבנה,
16,בפני,ADP,ADP,,17.0,case,"(73, 77)",בפני,
17,רעידות,NOUN,NOUN,Gender=Fem|Number=Plur,14.0,nmod,"(78, 84)",רעידה,
18,אדמה,NOUN,NOUN,Gender=Fem|Number=Sing,17.0,compound:smixut,"(85, 89)",אדמה,
"(19, 20)",מתוקף,,,,,,"(90, 95)",,"[{'id': 19, 'text': 'מ', 'upos': 'ADP', 'xpos': 'ADP', 'head': 20, 'deprel': 'case', 'lemma': 'מ'}, {'id': 20, 'text': 'תוקף', 'upos': 'NOUN', 'xpos': 'NOUN', 'feats': 'Definite=Cons|Gender=Masc|Number=Sing', 'head': 14, 'deprel': 'nmod', 'lemma': 'תוקף'}]"
21,"תמ""א",NOUN,NOUN,Abbr=Yes|Gender=Masc|Number=Sing,20.0,compound:smixut,"(96, 100)","תמ""א",
22,38,NUM,NUM,,21.0,compound:smixut,"(101, 103)",38,
1,2,NUM,NUM,,0.0,root,"(1, 2)",2,
1,הערכת,NOUN,NOUN,Definite=Cons|Gender=Fem|Number=Sing,15.0,nsubj,"(1, 6)",הערכה,
2,היקף,NOUN,NOUN,Definite=Cons|Gender=Masc|Number=Sing,1.0,compound:smixut,"(7, 11)",היקף,
"(3, 4)",הדירות,,,,,,"(12, 18)",,"[{'id': 3, 'text': 'ה', 'upos': 'DET', 'xpos': 'DET', 'feats': 'PronType=Art', 'head': 4, 'deprel': 'det:def', 'lemma': 'ה'}, {'id': 4, 'text': 'דירות', 'upos': 'NOUN', 'xpos': 'NOUN', 'feats': 'Gender=Fem|Number=Plur', 'head': 2, 'deprel': 'compound:smixut', 'lemma': 'דירה'}]"
"(5, 6)",מכלל,,,,,,"(19, 23)",,"[{'id': 5, 'text': 'מ', 'upos': 'ADP', 'xpos': 'ADP', 'head': 6, 'deprel': 'case', 'lemma': 'מ'}, {'id': 6, 'text': 'כלל', 'upos': 'NOUN', 'xpos': 'NOUN', 'feats': 'Definite=Cons|Gender=Masc|Number=Sing', 'head': 8, 'deprel': 'nmod', 'lemma': 'כלל'}]"
"(7, 8)",המבנים,,,,,,"(24, 30)",,"[{'id': 7, 'text': 'ה', 'upos': 'DET', 'xpos': 'DET', 'feats': 'PronType=Art', 'head': 8, 'deprel': 'det:def', 'lemma': 'ה'}, {'id': 8, 'text': 'מבנים', 'upos': 'NOUN', 'xpos': 'NOUN', 'feats': 'Gender=Masc|Number=Plur', 'head': 1, 'deprel': 'nmod', 'lemma': 'מבנה'}]"
9,אשר,SCONJ,SCONJ,,14.0,mark,"(31, 34)",אשר,
10,"תמ""א",NOUN,NOUN,Abbr=Yes|Gender=Masc|Number=Sing,14.0,nsubj,"(35, 39)","תמ""א",
11,38,NUM,NUM,,10.0,compound:smixut,"(40, 42)",38,
12,על,ADP,ADP,,13.0,case,"(43, 45)",על,
"(13, 14)",שינוייה,,,,,,"(46, 53)",,"[{'id': 13, 'text': 'ש', 'upos': 'PROPN', 'xpos': 'PROPN', 'head': 14, 'deprel': 'obl', 'lemma': 'ש'}, {'id': 14, 'text': 'ינוייה', 'upos': 'VERB', 'xpos': 'VERB', 'feats': 'Gender=Fem|HebBinyan=HIFIL|Number=Sing|Person=3|Tense=Past|Voice=Act', 'head': 8, 'deprel': 'acl:relcl', 'lemma': 'נויה'}]"
15,חלה,VERB,VERB,Gender=Fem|HebBinyan=PAAL|Number=Sing|Person=3|Tense=Past|Voice=Act,0.0,root,"(54, 57)",חל,
"(16, 17)",עליהם,,,,,,"(58, 63)",,"[{'id': 16, 'text': 'על_', 'upos': 'ADP', 'xpos': 'ADP', 'head': 17, 'deprel': 'case', 'lemma': 'על'}, {'id': 17, 'text': '_הם', 'upos': 'PRON', 'xpos': 'PRON', 'feats': 'Gender=Masc|Number=Plur|Person=3|PronType=Prs', 'head': 15, 'deprel': 'obl', 'lemma': 'הוא'}]"
18,",",PUNCT,PUNCT,,15.0,punct,"(63, 64)",",",
19,אשר,SCONJ,SCONJ,,21.0,mark,"(65, 68)",אשר,
20,הינם,AUX,AUX,Gender=Masc|Number=Plur|Person=3|Polarity=Pos|VerbForm=Part|VerbType=Cop,21.0,cop,"(69, 73)",הוא,
21,בעלי,NOUN,NOUN,Definite=Cons|Gender=Masc|Number=Plur,17.0,acl:relcl,"(74, 78)",בעל,
22,סיכוי,NOUN,NOUN,Gender=Masc|Number=Sing,21.0,compound:smixut,"(79, 84)",סיכוי,
23,כלכלי,ADJ,ADJ,Gender=Masc|Number=Sing,22.0,amod,"(85, 90)",כלכלי,
"(24, 25)",לחיזוק,,,,,,"(91, 97)",,"[{'id': 24, 'text': 'ל', 'upos': 'ADP', 'xpos': 'ADP', 'head': 25, 'deprel': 'case', 'lemma': 'ל'}, {'id': 25, 'text': 'חיזוק', 'upos': 'NOUN', 'xpos': 'NOUN', 'feats': 'Gender=Masc|Number=Sing', 'head': 22, 'deprel': 'nmod', 'lemma': 'חיזוק'}]"
26,:,PUNCT,PUNCT,,15.0,punct,"(97, 98)",:,
27,-,PUNCT,PUNCT,,29.0,punct,"(99, 100)",-,
"(28, 29)",מתוקף,,,,,,"(101, 106)",,"[{'id': 28, 'text': 'מ', 'upos': 'ADP', 'xpos': 'ADP', 'head': 29, 'deprel': 'case', 'lemma': 'מ'}, {'id': 29, 'text': 'תוקף', 'upos': 'NOUN', 'xpos': 'NOUN', 'feats': 'Definite=Cons|Gender=Masc|Number=Sing', 'head': 15, 'deprel': 'obl', 'lemma': 'תוקף'}]"
"(30, 31)",הזכויות,,,,,,"(107, 114)",,"[{'id': 30, 'text': 'ה', 'upos': 'DET', 'xpos': 'DET', 'feats': 'PronType=Art', 'head': 31, 'deprel': 'det:def', 'lemma': 'ה'}, {'id': 31, 'text': 'זכויות', 'upos': 'NOUN', 'xpos': 'NOUN', 'feats': 'Gender=Fem|Number=Plur', 'head': 29, 'deprel': 'compound:smixut', 'lemma': 'זכות'}]"
"(32, 33)",הניתנות,,,,,,"(115, 122)",,"[{'id': 32, 'text': 'ה', 'upos': 'SCONJ', 'xpos': 'SCONJ', 'head': 33, 'deprel': 'mark', 'lemma': 'ה'}, {'id': 33, 'text': 'ניתנות', 'upos': 'VERB', 'xpos': 'VERB', 'feats': 'Gender=Fem|HebBinyan=NIFAL|Number=Plur|Person=1,2,3|VerbForm=Part|Voice=Mid', 'head': 31, 'deprel': 'acl:relcl', 'lemma': 'ניתן'}]"
"(34, 35)",בתמ״א,,,,,,"(123, 128)",,"[{'id': 34, 'text': 'ב', 'upos': 'ADP', 'xpos': 'ADP', 'head': 35, 'deprel': 'case', 'lemma': 'ב'}, {'id': 35, 'text': 'תמקא', 'upos': 'NOUN', 'xpos': 'NOUN', 'head': 33, 'deprel': 'obl', 'lemma': 'תמקא'}]"
36,38,NUM,NUM,,35.0,nummod,"(129, 131)",38,
1,-,PUNCT,PUNCT,,3.0,punct,"(1, 2)",-,
"(2, 3)",מתוקף,,,,,,"(3, 8)",,"[{'id': 2, 'text': 'מ', 'upos': 'ADP', 'xpos': 'ADP', 'head': 3, 'deprel': 'case', 'lemma': 'מ'}, {'id': 3, 'text': 'תוקף', 'upos': 'NOUN', 'xpos': 'NOUN', 'feats': 'Definite=Cons|Gender=Masc|Number=Sing', 'head': 0, 'deprel': 'root', 'lemma': 'תוקף'}]"
"(4, 5)",הזכויות,,,,,,"(9, 16)",,"[{'id': 4, 'text': 'ה', 'upos': 'DET', 'xpos': 'DET', 'feats': 'PronType=Art', 'head': 5, 'deprel': 'det:def', 'lemma': 'ה'}, {'id': 5, 'text': 'זכויות', 'upos': 'NOUN', 'xpos': 'NOUN', 'feats': 'Gender=Fem|Number=Plur', 'head': 3, 'deprel': 'compound:smixut', 'lemma': 'זכות'}]"
"(6, 7)",הניתנות,,,,,,"(17, 24)",,"[{'id': 6, 'text': 'ה', 'upos': 'SCONJ', 'xpos': 'SCONJ', 'head': 7, 'deprel': 'mark', 'lemma': 'ה'}, {'id': 7, 'text': 'ניתנות', 'upos': 'VERB', 'xpos': 'VERB', 'feats': 'Gender=Fem|HebBinyan=PAAL|Number=Plur|Person=1,2,3|VerbForm=Part|Voice=Act', 'head': 5, 'deprel': 'acl:relcl', 'lemma': 'ניתן'}]"
"(8, 9)",בתמ״א,,,,,,"(25, 30)",,"[{'id': 8, 'text': 'ב', 'upos': 'ADP', 'xpos': 'ADP', 'head': 9, 'deprel': 'case', 'lemma': 'ב'}, {'id': 9, 'text': 'תמקא', 'upos': 'NOUN', 'xpos': 'NOUN', 'head': 7, 'deprel': 'obl', 'lemma': 'תמקא'}]"
10,38,NUM,NUM,,9.0,nummod,"(31, 33)",38,
"(11, 13)",ובתוספת,,,,,,"(34, 41)",,"[{'id': 11, 'text': 'ו', 'upos': 'CCONJ', 'xpos': 'CCONJ', 'head': 13, 'deprel': 'cc', 'lemma': 'ו'}, {'id': 12, 'text': 'ב', 'upos': 'ADP', 'xpos': 'ADP', 'head': 13, 'deprel': 'case', 'lemma': 'ב'}, {'id': 13, 'text': 'תוספת', 'upos': 'NOUN', 'xpos': 'NOUN', 'feats': 'Definite=Cons|Gender=Fem|Number=Sing', 'head': 5, 'deprel': 'conj', 'lemma': 'תוספת'}]"
14,זכויות,NOUN,NOUN,Gender=Fem|Number=Plur,13.0,compound:smixut,"(42, 48)",זכות,
"(15, 16)",המוצעות,,,,,,"(49, 56)",,"[{'id': 15, 'text': 'ה', 'upos': 'DET', 'xpos': 'DET', 'feats': 'PronType=Art', 'head': 16, 'deprel': 'det:def', 'lemma': 'ה'}, {'id': 16, 'text': 'מוצעות', 'upos': 'ADJ', 'xpos': 'ADJ', 'feats': 'Gender=Fem|Number=Plur', 'head': 14, 'deprel': 'amod', 'lemma': 'מוצע'}]"
"(17, 18)",בעבודה,,,,,,"(57, 63)",,"[{'id': 17, 'text': 'ב', 'upos': 'ADP', 'xpos': 'ADP', 'head': 18, 'deprel': 'case', 'lemma': 'ב'}, {'id': 18, 'text': 'עבודה', 'upos': 'NOUN', 'xpos': 'NOUN', 'feats': 'Gender=Fem|Number=Sing', 'head': 14, 'deprel': 'nmod', 'lemma': 'עבודה'}]"
19,זו,PRON,PRON,Gender=Fem|Number=Sing|Person=3|PronType=Dem,18.0,det,"(64, 66)",זו,
1,-,PUNCT,PUNCT,,4.0,punct,"(1, 2)",-,
"(2, 3)",שאינם,,,,,,"(3, 8)",,"[{'id': 2, 'text': 'ש', 'upos': 'SCONJ', 'xpos': 'SCONJ', 'head': 4, 'deprel': 'mark', 'lemma': 'ש'}, {'id': 3, 'text': 'אינם', 'upos': 'AUX', 'xpos': 'AUX', 'feats': 'Gender=Masc|Number=Plur|Person=3|Polarity=Neg|VerbForm=Part|VerbType=Cop', 'head': 4, 'deprel': 'advmod', 'lemma': 'אינו'}]"
4,בעלי,NOUN,NOUN,Definite=Cons|Gender=Masc|Number=Plur,0.0,root,"(9, 13)",בעל,
5,סיכוי,NOUN,NOUN,Gender=Masc|Number=Sing,4.0,compound:smixut,"(14, 19)",סיכוי,
6,כלכלי,ADJ,ADJ,Gender=Masc|Number=Sing,5.0,amod,"(20, 25)",כלכלי,
"(7, 8)",לחיזוק,,,,,,"(26, 32)",,"[{'id': 7, 'text': 'ל', 'upos': 'ADP', 'xpos': 'ADP', 'head': 8, 'deprel': 'case', 'lemma': 'ל'}, {'id': 8, 'text': 'חיזוק', 'upos': 'NOUN', 'xpos': 'NOUN', 'feats': 'Gender=Masc|Number=Sing', 'head': 5, 'deprel': 'nmod', 'lemma': 'חיזוק'}]"
9,גם,ADV,ADV,,10.0,advmod,"(33, 35)",גם,
10,עם,ADP,ADP,,11.0,case,"(36, 38)",עם,
11,תוספת,NOUN,NOUN,Definite=Cons|Gender=Fem|Number=Sing,4.0,nmod,"(39, 44)",תוספת,
"(12, 13)",הזכויות,,,,,,"(45, 52)",,"[{'id': 12, 'text': 'ה', 'upos': 'DET', 'xpos': 'DET', 'feats': 'PronType=Art', 'head': 13, 'deprel': 'det:def', 'lemma': 'ה'}, {'id': 13, 'text': 'זכויות', 'upos': 'NOUN', 'xpos': 'NOUN', 'feats': 'Gender=Fem|Number=Plur', 'head': 11, 'deprel': 'compound:smixut', 'lemma': 'זכות'}]"
1,תמ״א,NOUN,NOUN,Abbr=Yes,0.0,root,"(1, 5)",תמ״א,
2,38,NUM,NUM,,1.0,nummod,"(6, 8)",38,
3,1,NUM,NUM,,1.0,nummod,"(9, 10)",1,
1,"תמ""א",NOUN,NOUN,Abbr=Yes,3.0,nsubj,"(1, 5)","תמ""א",
2,38,NUM,NUM,,1.0,nummod,"(6, 8)",38,
3,מאפשרת,AUX,AUX,Gender=Fem|Number=Sing|VerbForm=Part|VerbType=Mod,0.0,root,"(9, 15)",מאפשרת,
4,חיזוק,NOUN,NOUN,Definite=Cons|Gender=Masc|Number=Sing,3.0,obj,"(16, 21)",חיזוק,
5,מבנים,NOUN,NOUN,Gender=Masc|Number=Plur,4.0,compound:smixut,"(22, 27)",מבנה,
6,ישנים,ADJ,ADJ,Gender=Masc|Number=Plur,5.0,amod,"(28, 33)",ישן,
"(7, 8)",לעמידות,,,,,,"(34, 41)",,"[{'id': 7, 'text': 'ל', 'upos': 'ADP', 'xpos': 'ADP', 'head': 8, 'deprel': 'case', 'lemma': 'ל'}, {'id': 8, 'text': 'עמידות', 'upos': 'NOUN', 'xpos': 'NOUN', 'feats': 'Gender=Fem|Number=Sing', 'head': 4, 'deprel': 'nmod', 'lemma': 'עמידות'}]"
9,בפני,ADP,ADP,,10.0,case,"(42, 46)",בפני,
10,רעידות,NOUN,NOUN,Definite=Cons|Gender=Fem|Number=Plur,8.0,nmod,"(47, 53)",רעידה,
11,אדמה,NOUN,NOUN,Gender=Fem|Number=Sing,10.0,compound:smixut,"(54, 58)",אדמה,
1,2,NUM,NUM,,0.0,root,"(1, 2)",2,
1,"תמ""א",NOUN,NOUN,Abbr=Yes|Gender=Masc|Number=Sing,3.0,nsubj,"(1, 5)","תמ""א",
2,38,NUM,NUM,,1.0,nummod,"(6, 8)",38,
3,כוללת,VERB,VERB,"Gender=Fem|HebBinyan=PAAL|Number=Sing|Person=1,2,3|VerbForm=Part|Voice=Act",0.0,root,"(9, 14)",כלל,
4,אמצעים,NOUN,NOUN,Gender=Masc|Number=Plur,3.0,obj,"(15, 21)",אמצעי,
"(5, 6)",לעידוד,,,,,,"(22, 28)",,"[{'id': 5, 'text': 'ל', 'upos': 'ADP', 'xpos': 'ADP', 'head': 6, 'deprel': 'case', 'lemma': 'ל'}, {'id': 6, 'text': 'עידוד', 'upos': 'NOUN', 'xpos': 'NOUN', 'feats': 'Definite=Cons|Gender=Masc|Number=Sing', 'head': 4, 'deprel': 'nmod', 'lemma': 'עידוד'}]"
7,ביצוע,NOUN,NOUN,Definite=Cons|Gender=Masc|Number=Sing,6.0,compound:smixut,"(29, 34)",ביצוע,
"(8, 9)",החיזוק,,,,,,"(35, 41)",,"[{'id': 8, 'text': 'ה', 'upos': 'DET', 'xpos': 'DET', 'feats': 'PronType=Art', 'head': 9, 'deprel': 'det:def', 'lemma': 'ה'}, {'id': 9, 'text': 'חיזוק', 'upos': 'NOUN', 'xpos': 'NOUN', 'feats': 'Gender=Masc|Number=Sing', 'head': 7, 'deprel': 'compound:smixut', 'lemma': 'חיזוק'}]"
10,על,ADP,ADP,,13.0,case,"(42, 44)",על,
11,-,PUNCT,PUNCT,,10.0,fixed,"(44, 45)",-,
12,ידי,NOUN,NOUN,Definite=Cons|Gender=Fem|Number=Plur,10.0,fixed,"(45, 48)",יד,
13,תוספות,NOUN,NOUN,Definite=Cons|Gender=Fem|Number=Plur,6.0,nmod,"(49, 55)",תוספת,
14,בנייה,NOUN,NOUN,Gender=Fem|Number=Sing,13.0,compound:smixut,"(56, 61)",בנייה,
15,הרחבת,NOUN,NOUN,Definite=Cons|Gender=Fem|Number=Sing,6.0,appos,"(62, 67)",הרחבה,
16,דירות,NOUN,NOUN,Gender=Fem|Number=Plur,15.0,compound:smixut,"(68, 73)",דירה,
17,קיימות,ADJ,ADJ,Gender=Fem|Number=Plur,16.0,amod,"(74, 80)",קיים,
18,",",PUNCT,PUNCT,,15.0,punct,"(80, 81)",",",
19,תוספת,NOUN,NOUN,Definite=Cons|Gender=Fem|Number=Sing,15.0,conj,"(82, 87)",תוספת,
20,קומה,NOUN,NOUN,Gender=Fem|Number=Sing,19.0,compound:smixut,"(88, 92)",קומה,
21,או,CCONJ,CCONJ,,22.0,cc,"(93, 95)",או,
22,אגף,NOUN,NOUN,Gender=Masc|Number=Sing,20.0,conj,"(96, 99)",אגף,
23,",",PUNCT,PUNCT,,15.0,punct,"(99, 100)",",",
24,סגירת,NOUN,NOUN,Definite=Cons|Gender=Fem|HebSource=ConvUncertainHead|Number=Sing,15.0,dep,"(101, 106)",סגירה,
25,קומת,NOUN,NOUN,Definite=Cons|Gender=Fem|Number=Sing,24.0,compound:smixut,"(107, 111)",קומה,
26,עמודים,NOUN,NOUN,Gender=Masc|Number=Plur,25.0,compound:smixut,"(112, 118)",עמוד,
1,3,NUM,NUM,,0.0,root,"(1, 2)",3,
"(1, 2)","התמ""א",,,,,,"(1, 6)",,"[{'id': 1, 'text': 'ה', 'upos': 'DET', 'xpos': 'DET', 'feats': 'PronType=Art', 'head': 2, 'deprel': 'det:def', 'lemma': 'ה'}, {'id': 2, 'text': 'תמ""א', 'upos': 'NOUN', 'xpos': 'NOUN', 'feats': 'Abbr=Yes|Gender=Masc|Number=Sing', 'head': 3, 'deprel': 'nsubj', 'lemma': 'תמ""א'}]"
3,חלה,VERB,VERB,Gender=Fem|HebBinyan=PAAL|Number=Sing|Person=3|Tense=Past|Voice=Act,0.0,root,"(7, 10)",חל,
4,על,ADP,ADP,,5.0,case,"(11, 13)",על,
5,מבנים,NOUN,NOUN,Gender=Masc|Number=Plur,3.0,obl,"(14, 19)",מבנה,
6,בני,NOUN,NOUN,Definite=Cons|Gender=Masc|Number=Plur,5.0,acl,"(20, 23)",בן,
7,3,NUM,NUM,,8.0,nummod,"(24, 25)",3,
8,קומות,NOUN,NOUN,Gender=Fem|Number=Plur,6.0,compound:smixut,"(26, 31)",קומה,
"(9, 10)",ויותר,,,,,,"(32, 37)",,"[{'id': 9, 'text': 'ו', 'upos': 'CCONJ', 'xpos': 'CCONJ', 'head': 10, 'deprel': 'cc', 'lemma': 'ו'}, {'id': 10, 'text': 'יותר', 'upos': 'ADV', 'xpos': 'ADV', 'head': 8, 'deprel': 'conj', 'lemma': 'יותר'}]"
"(11, 12)",שניתן,,,,,,"(38, 43)",,"[{'id': 11, 'text': 'ש', 'upos': 'SCONJ', 'xpos': 'SCONJ', 'head': 12, 'deprel': 'mark', 'lemma': 'ש'}, {'id': 12, 'text': 'ניתן', 'upos': 'VERB', 'xpos': 'VERB', 'feats': 'Gender=Masc|HebBinyan=NIFAL|Number=Sing|Person=3|Tense=Past|Voice=Mid', 'head': 5, 'deprel': 'acl:relcl', 'lemma': 'ניתן'}]"
"(13, 14)",היתר,,,,,,"(44, 48)",,"[{'id': 13, 'text': 'ה', 'upos': 'DET', 'xpos': 'DET', 'feats': 'PronType=Art', 'head': 14, 'deprel': 'det:def', 'lemma': 'ה'}, {'id': 14, 'text': 'יתר', 'upos': 'NOUN', 'xpos': 'NOUN', 'feats': 'Gender=Masc|Number=Sing', 'head': 12, 'deprel': 'nsubj', 'lemma': 'יתר'}]"
"(15, 18)",לבנייתם,,,,,,"(49, 56)",,"[{'id': 15, 'text': 'ל', 'upos': 'ADP', 'xpos': 'ADP', 'head': 16, 'deprel': 'case', 'lemma': 'ל'}, {'id': 16, 'text': 'בנייה_', 'upos': 'NOUN', 'xpos': 'NOUN', 'feats': 'Definite=Def|Gender=Fem|Number=Sing', 'head': 12, 'deprel': 'obl', 'lemma': 'בנייה'}, {'id': 17, 'text': '_של_', 'upos': 'ADP', 'xpos': 'ADP', 'head': 18, 'deprel': 'case:gen', 'lemma': 'של'}, {'id': 18, 'text': '_הם', 'upos': 'PRON', 'xpos': 'PRON', 'feats': 'Case=Gen|Gender=Masc|Number=Plur|Person=3|PronType=Prs', 'head': 16, 'deprel': 'nmod:poss', 'lemma': 'הוא'}]"
19,לפני,ADP,ADP,,20.0,case,"(57, 61)",לפני,
20,שנת,NOUN,NOUN,Definite=Cons|Gender=Fem|Number=Sing,12.0,obl,"(62, 65)",שנה,
21,1980,NUM,NUM,,20.0,compound:smixut,"(66, 70)",1980,
1,מטרת,NOUN,NOUN,Definite=Cons|Gender=Fem|Number=Sing,7.0,nsubj,"(1, 5)",מטרה,
"(2, 3)",המודל,,,,,,"(6, 11)",,"[{'id': 2, 'text': 'ה', 'upos': 'DET', 'xpos': 'DET', 'feats': 'PronType=Art', 'head': 3, 'deprel': 'det:def', 'lemma': 'ה'}, {'id': 3, 'text': 'מודל', 'upos': 'NOUN', 'xpos': 'NOUN', 'feats': 'Gender=Masc|Number=Sing', 'head': 1, 'deprel': 'compound:smixut', 'lemma': 'מודל'}]"
"(4, 5)",הכלכלי,,,,,,"(12, 18)",,"[{'id': 4, 'text': 'ה', 'upos': 'DET', 'xpos': 'DET', 'feats': 'PronType=Art', 'head': 5, 'deprel': 'det:def', 'lemma': 'ה'}, {'id': 5, 'text': 'כלכלי', 'upos': 'ADJ', 'xpos': 'ADJ', 'feats': 'Gender=Masc|Number=Sing', 'head': 3, 'deprel': 'amod', 'lemma': 'כלכלי'}]"
"(6, 7)",בחינת,,,,,,"(19, 24)",,"[{'id': 6, 'text': 'ב', 'upos': 'ADP', 'xpos': 'ADP', 'head': 7, 'deprel': 'case', 'lemma': 'ב'}, {'id': 7, 'text': 'חינת', 'upos': 'NOUN', 'xpos': 'NOUN', 'feats': 'Definite=Cons|Gender=Fem|Number=Sing', 'head': 0, 'deprel': 'root', 'lemma': 'חינה'}]"
"(8, 9)",הכדאיות,,,,,,"(25, 32)",,"[{'id': 8, 'text': 'ה', 'upos': 'DET', 'xpos': 'DET', 'feats': 'PronType=Art', 'head': 9, 'deprel': 'det:def', 'lemma': 'ה'}, {'id': 9, 'text': 'כדאיות', 'upos': 'NOUN', 'xpos': 'NOUN', 'feats': 'Gender=Fem|Number=Sing', 'head': 7, 'deprel': 'compound:smixut', 'lemma': 'כדאיות'}]"
"(10, 11)",הכלכלית,,,,,,"(33, 40)",,"[{'id': 10, 'text': 'ה', 'upos': 'DET', 'xpos': 'DET', 'feats': 'PronType=Art', 'head': 11, 'deprel': 'det:def', 'lemma': 'ה'}, {'id': 11, 'text': 'כלכלית', 'upos': 'ADJ', 'xpos': 'ADJ', 'feats': 'Gender=Fem|Number=Sing', 'head': 9, 'deprel': 'amod', 'lemma': 'כלכלי'}]"
12,של,ADP,ADP,Case=Gen,13.0,case:gen,"(41, 43)",של,
13,תוספת,NOUN,NOUN,Definite=Cons|Gender=Fem|Number=Sing,9.0,nmod,"(44, 49)",תוספת,
"(14, 15)",הזכויות,,,,,,"(50, 57)",,"[{'id': 14, 'text': 'ה', 'upos': 'DET', 'xpos': 'DET', 'feats': 'PronType=Art', 'head': 15, 'deprel': 'det:def', 'lemma': 'ה'}, {'id': 15, 'text': 'זכויות', 'upos': 'NOUN', 'xpos': 'NOUN', 'feats': 'Gender=Fem|Number=Plur', 'head': 13, 'deprel': 'compound:smixut', 'lemma': 'זכות'}]"
"(16, 17)",האפשרית,,,,,,"(58, 65)",,"[{'id': 16, 'text': 'ה', 'upos': 'DET', 'xpos': 'DET', 'feats': 'PronType=Art', 'head': 17, 'deprel': 'det:def', 'lemma': 'ה'}, {'id': 17, 'text': 'אפשרית', 'upos': 'ADJ', 'xpos': 'ADJ', 'feats': 'Gender=Fem|Number=Sing', 'head': 15, 'deprel': 'amod', 'lemma': 'אפשרי'}]"
"(18, 19)",מתוקף,,,,,,"(66, 71)",,"[{'id': 18, 'text': 'מ', 'upos': 'ADP', 'xpos': 'ADP', 'head': 19, 'deprel': 'case', 'lemma': 'מ'}, {'id': 19, 'text': 'תוקף', 'upos': 'NOUN', 'xpos': 'NOUN', 'feats': 'Definite=Cons|Gender=Masc|Number=Sing', 'head': 13, 'deprel': 'nmod', 'lemma': 'תוקף'}]"
20,"תמ""א",NOUN,NOUN,Abbr=Yes|Gender=Masc|Number=Sing,19.0,compound:smixut,"(72, 76)","תמ""א",
21,38,NUM,NUM,,20.0,compound:smixut,"(77, 79)",38,
22,על,ADP,ADP,,23.0,case,"(80, 82)",על,
"(23, 24)",שינוייה,,,,,,"(83, 90)",,"[{'id': 23, 'text': 'ש', 'upos': 'NOUN', 'xpos': 'NOUN', 'head': 19, 'deprel': 'nmod', 'lemma': 'ש'}, {'id': 24, 'text': 'ינוייה', 'upos': 'NOUN', 'xpos': 'NOUN', 'feats': 'Gender=Fem|Number=Sing', 'head': 13, 'deprel': 'nmod', 'lemma': 'ינוייה'}]"
"(25, 27)",ובתוספת,,,,,,"(91, 98)",,"[{'id': 25, 'text': 'ו', 'upos': 'CCONJ', 'xpos': 'CCONJ', 'head': 27, 'deprel': 'cc', 'lemma': 'ו'}, {'id': 26, 'text': 'ב', 'upos': 'ADP', 'xpos': 'ADP', 'head': 27, 'deprel': 'case', 'lemma': 'ב'}, {'id': 27, 'text': 'תוספת', 'upos': 'NOUN', 'xpos': 'NOUN', 'feats': 'Definite=Cons|Gender=Fem|Number=Sing', 'head': 13, 'deprel': 'conj', 'lemma': 'תוספת'}]"
28,זכויות,NOUN,NOUN,Gender=Fem|Number=Plur,27.0,compound:smixut,"(99, 105)",זכות,
29,של,ADP,ADP,Case=Gen,30.0,case:gen,"(106, 108)",של,
30,עד,NOUN,NOUN,,28.0,nmod:poss,"(109, 111)",עד,
31,קומה,NOUN,NOUN,Gender=Fem|Number=Sing,30.0,nmod,"(112, 116)",קומה,
"(32, 33)",וחצי,,,,,,"(117, 121)",,"[{'id': 32, 'text': 'ו', 'upos': 'CCONJ', 'xpos': 'CCONJ', 'head': 33, 'deprel': 'cc', 'lemma': 'ו'}, {'id': 33, 'text': 'חצי', 'upos': 'NOUN', 'xpos': 'NOUN', 'feats': 'Definite=Cons|Gender=Masc|Number=Plur', 'head': 30, 'deprel': 'conj', 'lemma': 'חץ'}]"
34,נוספת,ADJ,ADJ,Gender=Fem|Number=Sing,33.0,amod,"(122, 127)",נוסף,
1,באמצעות,ADP,ADP,,3.0,case,"(1, 8)",באמצעות,
2,:,PUNCT,PUNCT,,3.0,punct,"(8, 9)",:,
3,1,NUM,NUM,,18.0,obl,"(10, 11)",1,
4,),PUNCT,PUNCT,,3.0,punct,"(11, 12)",),
5,איתור,NOUN,NOUN,Definite=Cons|Gender=Masc|Number=Sing,18.0,dep,"(13, 18)",איתור,
6,מחיר,NOUN,NOUN,Definite=Cons|Gender=Masc|Number=Sing,5.0,compound:smixut,"(19, 23)",מחיר,
7,מכירה,NOUN,NOUN,Gender=Fem|Number=Sing,6.0,compound:smixut,"(24, 29)",מכירה,
"(8, 9)",למ״ר,,,,,,"(30, 34)",,"[{'id': 8, 'text': 'ל', 'upos': 'ADP', 'xpos': 'ADP', 'head': 9, 'deprel': 'case', 'lemma': 'ל'}, {'id': 9, 'text': 'מחר', 'upos': 'ADV', 'xpos': 'ADV', 'head': 6, 'deprel': 'nmod', 'lemma': 'מחר'}]"
"(10, 11)",המביא,,,,,,"(35, 40)",,"[{'id': 10, 'text': 'ה', 'upos': 'SCONJ', 'xpos': 'SCONJ', 'head': 11, 'deprel': 'mark', 'lemma': 'ה'}, {'id': 11, 'text': 'מביא', 'upos': 'VERB', 'xpos': 'VERB', 'feats': 'Gender=Masc|HebBinyan=HIFIL|Number=Sing|Person=1,2,3|VerbForm=Part|Voice=Act', 'head': 5, 'deprel': 'acl:relcl', 'lemma': 'הביא'}]"
"(12, 13)",לכדאיות,,,,,,"(41, 48)",,"[{'id': 12, 'text': 'ל', 'upos': 'ADP', 'xpos': 'ADP', 'head': 13, 'deprel': 'case', 'lemma': 'ל'}, {'id': 13, 'text': 'כדאיות', 'upos': 'NOUN', 'xpos': 'NOUN', 'feats': 'Gender=Fem|Number=Sing', 'head': 11, 'deprel': 'obl', 'lemma': 'כדאיות'}]"
14,כלכלית,ADJ,ADJ,Gender=Fem|Number=Sing,13.0,amod,"(49, 55)",כלכלי,
"(15, 17)",כפועל,,,,,,"(56, 61)",,"[{'id': 15, 'text': 'כ', 'upos': 'ADP', 'xpos': 'ADP', 'head': 17, 'deprel': 'case', 'lemma': 'כ'}, {'id': 16, 'text': 'ה_', 'upos': 'DET', 'xpos': 'DET', 'feats': 'PronType=Art', 'head': 17, 'deprel': 'det:def', 'lemma': 'ה'}, {'id': 17, 'text': 'פועל', 'upos': 'NOUN', 'xpos': 'NOUN', 'feats': 'Gender=Masc|Number=Sing', 'head': 13, 'deprel': 'nmod', 'lemma': 'פועל'}]"
18,יוצא,VERB,VERB,"Gender=Masc|HebBinyan=PAAL|Number=Sing|Person=1,2,3|VerbForm=Part|Voice=Act",0.0,root,"(62, 66)",יצא,
"(19, 22)",של עלות,,,,,,"(67, 74)",,"[{'id': 19, 'text': 'ש', 'upos': 'SCONJ', 'xpos': 'SCONJ', 'head': 22, 'deprel': 'mark', 'lemma': 'ש'}, {'id': 20, 'text': 'ל', 'upos': 'ADP', 'xpos': 'ADP', 'head': 22, 'deprel': 'case', 'lemma': 'ל'}, {'id': 21, 'text': 'ה_', 'upos': 'DET', 'xpos': 'DET', 'feats': 'PronType=Art', 'head': 22, 'deprel': 'det:def', 'lemma': 'ה'}, {'id': 22, 'text': 'צעלות', 'upos': 'NOUN', 'xpos': 'NOUN', 'feats': 'Gender=Fem|Number=Plur', 'head': 18, 'deprel': 'advcl', 'lemma': 'צעלות'}]"
"(23, 24)",הבנייה,,,,,,"(75, 81)",,"[{'id': 23, 'text': 'ה', 'upos': 'DET', 'xpos': 'DET', 'feats': 'PronType=Art', 'head': 24, 'deprel': 'det:def', 'lemma': 'ה'}, {'id': 24, 'text': 'בנייה', 'upos': 'NOUN', 'xpos': 'NOUN', 'feats': 'Gender=Fem|Number=Sing', 'head': 22, 'deprel': 'nsubj', 'lemma': 'בנייה'}]"
"(25, 27)",והחיזוק,,,,,,"(82, 89)",,"[{'id': 25, 'text': 'ו', 'upos': 'CCONJ', 'xpos': 'CCONJ', 'head': 27, 'deprel': 'cc', 'lemma': 'ו'}, {'id': 26, 'text': 'ה', 'upos': 'DET', 'xpos': 'DET', 'feats': 'PronType=Art', 'head': 27, 'deprel': 'det:def', 'lemma': 'ה'}, {'id': 27, 'text': 'חיזוק', 'upos': 'NOUN', 'xpos': 'NOUN', 'feats': 'Gender=Masc|Number=Sing', 'head': 24, 'deprel': 'conj', 'lemma': 'חיזוק'}]"
1,2,NUM,NUM,,0.0,root,"(1, 2)",2,
2,),PUNCT,PUNCT,,1.0,punct,"(2, 3)",),
3,איתור,NOUN,NOUN,Definite=Cons|Gender=Masc|Number=Sing,1.0,dep,"(3, 8)",איתור,
4,אזורים,NOUN,NOUN,Gender=Masc|Number=Plur,3.0,compound:smixut,"(9, 15)",אזור,
5,(,PUNCT,PUNCT,,6.0,punct,"(16, 17)",(,
6,ישובים,NOUN,NOUN,Gender=Masc|Number=Plur,4.0,appos,"(17, 23)",יישוב,
7,),PUNCT,PUNCT,,6.0,punct,"(23, 24)",),
"(8, 9)",בהם,,,,,,"(25, 28)",,"[{'id': 8, 'text': 'ב_', 'upos': 'ADP', 'xpos': 'ADP', 'head': 9, 'deprel': 'case', 'lemma': 'ב'}, {'id': 9, 'text': '_הם', 'upos': 'PRON', 'xpos': 'PRON', 'feats': 'Gender=Masc|Number=Plur|Person=3|PronType=Prs', 'head': 10, 'deprel': 'obl', 'lemma': 'הוא'}]"
10,מתקיימת,VERB,VERB,"Gender=Fem|HebBinyan=HITPAEL|Number=Sing|Person=1,2,3|VerbForm=Part",4.0,acl:relcl,"(29, 36)",התקיים,
11,כדאיות,NOUN,NOUN,Gender=Fem|Number=Sing,10.0,nsubj,"(37, 43)",כדאיות,
12,כלכלית,ADJ,ADJ,Gender=Fem|Number=Sing,11.0,amod,"(44, 50)",כלכלי,
"(13, 14)",לחיזוק,,,,,,"(51, 57)",,"[{'id': 13, 'text': 'ל', 'upos': 'ADP', 'xpos': 'ADP', 'head': 14, 'deprel': 'case', 'lemma': 'ל'}, {'id': 14, 'text': 'חיזוק', 'upos': 'NOUN', 'xpos': 'NOUN', 'feats': 'Definite=Cons|Gender=Masc|Number=Sing', 'head': 11, 'deprel': 'nmod', 'lemma': 'חיזוק'}]"
15,מבנים,NOUN,NOUN,Gender=Masc|Number=Plur,14.0,compound:smixut,"(58, 63)",מבנה,
16,(,PUNCT,PUNCT,,19.0,punct,"(64, 65)",(,
17,על,ADP,ADP,,19.0,case,"(65, 67)",על,
18,פי,NOUN,NOUN,Definite=Cons|Gender=Masc|Number=Sing,17.0,fixed,"(68, 70)",פה,
19,מחיר,NOUN,NOUN,Definite=Cons|Gender=Masc|Number=Sing,10.0,obl,"(71, 75)",מחיר,
20,מכירה,NOUN,NOUN,Gender=Fem|Number=Sing,19.0,compound:smixut,"(76, 81)",מכירה,
"(21, 22)",למ״ר,,,,,,"(82, 86)",,"[{'id': 21, 'text': 'ל', 'upos': 'ADP', 'xpos': 'ADP', 'head': 22, 'deprel': 'case', 'lemma': 'ל'}, {'id': 22, 'text': 'מחר', 'upos': 'ADV', 'xpos': 'ADV', 'head': 20, 'deprel': 'nmod', 'lemma': 'מחר'}]"
"(23, 25)",בישוב,,,,,,"(87, 92)",,"[{'id': 23, 'text': 'ב', 'upos': 'ADP', 'xpos': 'ADP', 'head': 25, 'deprel': 'case', 'lemma': 'ב'}, {'id': 24, 'text': 'ה_', 'upos': 'DET', 'xpos': 'DET', 'feats': 'PronType=Art', 'head': 25, 'deprel': 'det:def', 'lemma': 'ה'}, {'id': 25, 'text': 'ישוב', 'upos': 'NOUN', 'xpos': 'NOUN', 'feats': 'Gender=Masc|Number=Sing', 'head': 20, 'deprel': 'nmod', 'lemma': 'יישוב'}]"
26,),PUNCT,PUNCT,,19.0,punct,"(92, 93)",),
27,3,NUM,NUM,HebSource=ConvUncertainHead,1.0,dep,"(94, 95)",3,
28,),PUNCT,PUNCT,,27.0,punct,"(95, 96)",),
29,בחינת,NOUN,NOUN,Definite=Cons|Gender=Fem|Number=Sing,3.0,conj,"(96, 101)",בחינה,
"(30, 31)",ההשפעה,,,,,,"(102, 108)",,"[{'id': 30, 'text': 'ה', 'upos': 'DET', 'xpos': 'DET', 'feats': 'PronType=Art', 'head': 31, 'deprel': 'det:def', 'lemma': 'ה'}, {'id': 31, 'text': 'השפעה', 'upos': 'NOUN', 'xpos': 'NOUN', 'feats': 'Gender=Fem|Number=Sing', 'head': 29, 'deprel': 'compound:smixut', 'lemma': 'השפעה'}]"
32,של,ADP,ADP,Case=Gen,33.0,case:gen,"(109, 111)",של,
33,פרמטרים,NOUN,NOUN,Gender=Masc|Number=Plur,31.0,nmod:poss,"(112, 119)",פרמטר,
34,שונים,ADJ,ADJ,Gender=Masc|Number=Plur,33.0,amod,"(120, 125)",שונה,
35,על,ADP,ADP,,36.0,case,"(126, 128)",על,
36,רווחיות,NOUN,NOUN,Definite=Cons|Gender=Fem|Number=Sing,31.0,nmod,"(129, 136)",רווחיות,
"(37, 38)",הפרויקטים,,,,,,"(137, 146)",,"[{'id': 37, 'text': 'ה', 'upos': 'DET', 'xpos': 'DET', 'feats': 'PronType=Art', 'head': 38, 'deprel': 'det:def', 'lemma': 'ה'}, {'id': 38, 'text': 'פרויקטים', 'upos': 'NOUN', 'xpos': 'NOUN', 'feats': 'Gender=Masc|Number=Plur', 'head': 36, 'deprel': 'compound:smixut', 'lemma': 'פרויקט'}]"
1,הנחות,NOUN,NOUN,Definite=Cons|Gender=Fem|Number=Plur,8.0,nsubj,"(1, 6)",הנחה,
2,יסוד,NOUN,NOUN,Gender=Masc|Number=Sing,1.0,compound:smixut,"(7, 11)",יסוד,
"(3, 5)",למודל,,,,,,"(12, 17)",,"[{'id': 3, 'text': 'ל', 'upos': 'ADP', 'xpos': 'ADP', 'head': 5, 'deprel': 'case', 'lemma': 'ל'}, {'id': 4, 'text': 'ה_', 'upos': 'DET', 'xpos': 'DET', 'feats': 'PronType=Art', 'head': 5, 'deprel': 'det:def', 'lemma': 'ה'}, {'id': 5, 'text': 'מודל', 'upos': 'NOUN', 'xpos': 'NOUN', 'feats': 'Gender=Masc|Number=Sing', 'head': 1, 'deprel': 'nmod', 'lemma': 'מודל'}]"
"(6, 7)",הכלכלי,,,,,,"(18, 24)",,"[{'id': 6, 'text': 'ה', 'upos': 'DET', 'xpos': 'DET', 'feats': 'PronType=Art', 'head': 7, 'deprel': 'det:def', 'lemma': 'ה'}, {'id': 7, 'text': 'כלכלי', 'upos': 'ADJ', 'xpos': 'ADJ', 'feats': 'Gender=Masc|Number=Sing', 'head': 5, 'deprel': 'amod', 'lemma': 'כלכלי'}]"
8,1,NUM,NUM,,0.0,root,"(25, 26)",1,
9,),PUNCT,PUNCT,,8.0,punct,"(26, 27)",),
10,סוג,NOUN,NOUN,Definite=Cons|Gender=Masc|Number=Sing,8.0,dep,"(27, 30)",סוג,
"(11, 12)",המבנים,,,,,,"(31, 37)",,"[{'id': 11, 'text': 'ה', 'upos': 'DET', 'xpos': 'DET', 'feats': 'PronType=Art', 'head': 12, 'deprel': 'det:def', 'lemma': 'ה'}, {'id': 12, 'text': 'מבנים', 'upos': 'NOUN', 'xpos': 'NOUN', 'feats': 'Gender=Masc|Number=Plur', 'head': 10, 'deprel': 'compound:smixut', 'lemma': 'מבנה'}]"
13,:,PUNCT,PUNCT,HebSource=ConvUncertainHead,8.0,punct,"(37, 38)",:,
14,מבנה,NOUN,NOUN,Gender=Masc|HebSource=ConvUncertainHead|Number=Sing,8.0,dep,"(39, 43)",מבנה,
15,4,NUM,NUM,HebSource=ConvUncertainHead,14.0,nummod,"(44, 45)",4,
16,),PUNCT,PUNCT,,18.0,punct,"(45, 46)",),
17,H,X,X,,18.0,nummod,"(47, 48)",H,
18,קומות,NOUN,NOUN,Gender=Fem|Number=Plur,14.0,nmod,"(49, 54)",קומה,
19,",",PUNCT,PUNCT,,18.0,punct,"(54, 55)",",",
20,16,NUM,NUM,,21.0,nummod,"(56, 58)",16,
21,דירות,NOUN,NOUN,Gender=Fem|Number=Plur,18.0,appos,"(59, 64)",דירה,
22,),PUNCT,PUNCT,,8.0,punct,"(64, 65)",),
23,מבנה,NOUN,NOUN,Definite=Cons|Gender=Masc|HebSource=ConvUncertainHead|Number=Sing,8.0,dep,"(66, 70)",מבנה,
24,רכבת,NOUN,NOUN,Gender=Fem|Number=Sing,23.0,compound:smixut,"(71, 75)",רכבת,
25,(,PUNCT,PUNCT,,27.0,punct,"(76, 77)",(,
26,3,NUM,NUM,,27.0,nummod,"(77, 78)",3,
27,קומות,NOUN,NOUN,Gender=Fem|Number=Plur,23.0,appos,"(79, 84)",קומה,
28,טיפוסיות,ADJ,ADJ,Gender=Fem|Number=Plur,27.0,amod,"(85, 93)",טיפוסי,
29,מעל,ADP,ADP,,30.0,case,"(94, 97)",מעל,
30,קומת,NOUN,NOUN,Definite=Cons|Gender=Fem|Number=Sing,27.0,nmod,"(98, 102)",קומה,
31,קרקע,NOUN,NOUN,Gender=Fem|Number=Sing,30.0,compound:smixut,"(103, 107)",קרקע,
32,בנויה,ADJ,ADJ,Gender=Fem|Number=Sing,30.0,amod,"(108, 113)",בנה,
33,",",PUNCT,PUNCT,,27.0,punct,"(113, 114)",",",
34,3,NUM,NUM,,35.0,nummod,"(115, 116)",3,
35,כניסות,NOUN,NOUN,Gender=Fem|HebSource=ConvUncertainHead|Number=Plur,27.0,dep,"(117, 123)",כניסה,
36,",",PUNCT,PUNCT,,27.0,punct,"(123, 124)",",",
37,24,NUM,NUM,,38.0,nummod,"(125, 127)",24,
38,דירות,NOUN,NOUN,Gender=Fem|Number=Plur,35.0,nmod,"(128, 133)",דירה,
39,),PUNCT,PUNCT,,27.0,punct,"(133, 134)",),
40,2,NUM,NUM,,8.0,dep,"(135, 136)",2,
41,),PUNCT,PUNCT,,40.0,punct,"(136, 137)",),
42,גודל,NOUN,NOUN,Gender=Masc|Number=Sing,40.0,nsubj,"(137, 141)",גודל,
43,אחיד,ADJ,ADJ,Gender=Masc|Number=Sing,42.0,amod,"(142, 146)",אחיד,
"(44, 45)",לכל,,,,,,"(147, 150)",,"[{'id': 44, 'text': 'ל', 'upos': 'ADP', 'xpos': 'ADP', 'head': 46, 'deprel': 'case', 'lemma': 'ל'}, {'id': 45, 'text': 'כל', 'upos': 'DET', 'xpos': 'DET', 'feats': 'Definite=Cons', 'head': 46, 'deprel': 'det', 'lemma': 'כול'}]"
46,סוג,NOUN,NOUN,Definite=Cons|Gender=Masc|Number=Sing,42.0,nmod,"(151, 154)",סוג,
47,מבנה,NOUN,NOUN,Gender=Masc|Number=Sing,46.0,compound:smixut,"(155, 159)",מבנה,
1,3,NUM,NUM,,7.0,nsubj,"(1, 2)",3,
2,),PUNCT,PUNCT,,1.0,punct,"(2, 3)",),
3,עלות,NOUN,NOUN,Definite=Cons|Gender=Fem|Number=Sing,7.0,nsubj,"(4, 8)",עלות,
4,בנייה,NOUN,NOUN,Gender=Fem|Number=Sing,3.0,compound:smixut,"(9, 14)",בנייה,
"(5, 6)",וחיזוק,,,,,,"(15, 21)",,"[{'id': 5, 'text': 'ו', 'upos': 'CCONJ', 'xpos': 'CCONJ', 'head': 6, 'deprel': 'cc', 'lemma': 'ו'}, {'id': 6, 'text': 'חיזוק', 'upos': 'NOUN', 'xpos': 'NOUN', 'feats': 'Gender=Masc|Number=Sing', 'head': 4, 'deprel': 'conj', 'lemma': 'חיזוק'}]"
7,כוללת,VERB,VERB,"Gender=Fem|HebBinyan=PAAL|Number=Sing|Person=1,2,3|VerbForm=Part|Voice=Act",0.0,root,"(22, 27)",כלל,
8,לגל,ADP,ADP,,9.0,case,"(28, 31)",לגל,
9,סוג,NOUN,NOUN,Definite=Cons|Gender=Masc|Number=Sing,7.0,obl,"(32, 35)",סוג,
10,מבנה,NOUN,NOUN,Gender=Masc|Number=Sing,9.0,compound:smixut,"(36, 40)",מבנה,
1,4,NUM,NUM,,0.0,root,"(1, 2)",4,
2,),PUNCT,PUNCT,,1.0,punct,"(2, 3)",),
3,תוספת,NOUN,NOUN,Definite=Cons|Gender=Fem|Number=Sing,1.0,conj,"(3, 8)",תוספת,
4,"ממ""ד",NOUN,NOUN,Abbr=Yes|Gender=Masc|Number=Sing,3.0,compound:smixut,"(9, 13)","ממ""ד",
5,של,ADP,ADP,Case=Gen,7.0,case:gen,"(14, 16)",של,
6,15,NUM,NUM,,7.0,nummod,"(17, 19)",15,
7,מ״ר,NOUN,NOUN,Abbr=Yes|Gender=Masc|Number=Sing,3.0,nmod:poss,"(20, 23)",מ״ר,
8,ברוטו,NOUN,NOUN,Gender=Masc|Number=Sing,7.0,compound:smixut,"(24, 29)",ברוטו,
"(9, 11)",לדירות,,,,,,"(30, 36)",,"[{'id': 9, 'text': 'ל', 'upos': 'ADP', 'xpos': 'ADP', 'head': 11, 'deprel': 'case', 'lemma': 'ל'}, {'id': 10, 'text': 'ה_', 'upos': 'DET', 'xpos': 'DET', 'feats': 'PronType=Art', 'head': 11, 'deprel': 'det:def', 'lemma': 'ה'}, {'id': 11, 'text': 'דירות', 'upos': 'NOUN', 'xpos': 'NOUN', 'feats': 'Gender=Fem|Number=Plur', 'head': 3, 'deprel': 'nmod', 'lemma': 'דירה'}]"
"(12, 13)",הוותיקות,,,,,,"(37, 45)",,"[{'id': 12, 'text': 'ה', 'upos': 'DET', 'xpos': 'DET', 'feats': 'PronType=Art', 'head': 13, 'deprel': 'det:def', 'lemma': 'ה'}, {'id': 13, 'text': 'וותיקות', 'upos': 'ADJ', 'xpos': 'ADJ', 'feats': 'Gender=Fem|Number=Plur', 'head': 11, 'deprel': 'amod', 'lemma': 'ותיק'}]"
1,5,NUM,NUM,,6.0,parataxis,"(1, 2)",5,
2,),PUNCT,PUNCT,,1.0,punct,"(2, 3)",),
"(3, 4)",במבנה,,,,,,"(3, 8)",,"[{'id': 3, 'text': 'ב', 'upos': 'ADP', 'xpos': 'ADP', 'head': 4, 'deprel': 'case', 'lemma': 'ב'}, {'id': 4, 'text': 'מבנה', 'upos': 'NOUN', 'xpos': 'NOUN', 'feats': 'Definite=Cons|Gender=Masc|Number=Sing', 'head': 6, 'deprel': 'obl', 'lemma': 'מבנה'}]"
5,H,PROPN,PROPN,,4.0,compound:smixut,"(9, 10)",H,
6,נשמרת,VERB,VERB,"Gender=Fem|HebBinyan=NIFAL|Number=Sing|Person=1,2,3|VerbForm=Part|Voice=Mid",0.0,root,"(11, 16)",נשמר,
7,קומת,NOUN,NOUN,Definite=Cons|Gender=Fem|Number=Sing,6.0,nsubj,"(17, 21)",קומה,
"(8, 9)",העמודים,,,,,,"(22, 29)",,"[{'id': 8, 'text': 'ה', 'upos': 'DET', 'xpos': 'DET', 'feats': 'PronType=Art', 'head': 9, 'deprel': 'det:def', 'lemma': 'ה'}, {'id': 9, 'text': 'עמודים', 'upos': 'NOUN', 'xpos': 'NOUN', 'feats': 'Gender=Masc|Number=Plur', 'head': 7, 'deprel': 'compound:smixut', 'lemma': 'עמוד'}]"
10,-,PUNCT,PUNCT,,6.0,punct,"(30, 31)",-,
11,ללא,ADP,ADP,,12.0,case,"(32, 35)",ללא,
12,הוספת,NOUN,NOUN,Definite=Cons|Gender=Fem|Number=Sing,6.0,obl,"(36, 41)",הוספה,
13,דירות,NOUN,NOUN,Definite=Cons|Gender=Fem|Number=Plur,12.0,compound:smixut,"(42, 47)",דירה,
14,גן,NOUN,NOUN,Gender=Masc|Number=Sing,13.0,compound:smixut,"(48, 50)",גן,
1,6,NUM,NUM,,3.0,nsubj,"(1, 2)",6,
2,),PUNCT,PUNCT,,1.0,punct,"(2, 3)",),
3,שונות,ADJ,ADJ,Gender=Fem|Number=Plur,0.0,root,"(3, 8)",שונה,
4,עלויות,NOUN,NOUN,Definite=Cons|Gender=Fem|Number=Plur,3.0,nsubj,"(9, 15)",עלות,
5,בניה,NOUN,NOUN,Definite=Cons|Gender=Fem|Number=Sing,4.0,compound:smixut,"(16, 20)",בניה,
6,מרכז,NOUN,NOUN,Gender=Masc|Number=Sing,5.0,compound:smixut,"(21, 25)",מרכז,
7,/,PUNCT,PUNCT,,6.0,punct,"(26, 27)",/,
8,פריפריה,NOUN,NOUN,Gender=Fem|Number=Sing,6.0,nmod,"(28, 35)",פריפריה,
9,-,PUNCT,PUNCT,,11.0,punct,"(36, 37)",-,
10,10,NUM,NUM,,11.0,nummod,"(38, 40)",10,
11,%,NOUN,NOUN,"Gender=Masc|Number=Plur,Sing",3.0,dep,"(40, 41)",%,
1,מספר,DET,DET,Definite=Cons,2.0,det,"(1, 5)",מספר,
2,יחידות,NOUN,NOUN,Definite=Cons|Gender=Fem|Number=Plur,0.0,root,"(6, 12)",יחידה,
3,דיור,NOUN,NOUN,Gender=Masc|Number=Sing,2.0,compound:smixut,"(13, 17)",דיור,
"(4, 6)",בעלות,,,,,,"(18, 23)",,"[{'id': 4, 'text': 'ב', 'upos': 'ADP', 'xpos': 'ADP', 'head': 6, 'deprel': 'case', 'lemma': 'ב'}, {'id': 5, 'text': 'ה_', 'upos': 'DET', 'xpos': 'DET', 'feats': 'PronType=Art', 'head': 6, 'deprel': 'det:def', 'lemma': 'ה'}, {'id': 6, 'text': 'עלות', 'upos': 'NOUN', 'xpos': 'NOUN', 'feats': 'Gender=Fem|Number=Sing', 'head': 2, 'deprel': 'nmod', 'lemma': 'עלות'}]"
7,כדאיות,NOUN,NOUN,Gender=Fem|HebSource=ConvUncertainHead|Number=Sing,2.0,nmod,"(24, 30)",כדאיות,
8,כלכלית,ADJ,ADJ,Gender=Fem|Number=Sing,7.0,amod,"(31, 37)",כלכלי,
"(9, 10)",לחיזוק,,,,,,"(38, 44)",,"[{'id': 9, 'text': 'ל', 'upos': 'ADP', 'xpos': 'ADP', 'head': 10, 'deprel': 'case', 'lemma': 'ל'}, {'id': 10, 'text': 'חיזוק', 'upos': 'NOUN', 'xpos': 'NOUN', 'feats': 'Gender=Masc|Number=Sing', 'head': 7, 'deprel': 'nmod', 'lemma': 'חיזוק'}]"
11,על,ADP,ADP,,14.0,case,"(45, 47)",על,
12,-,PUNCT,PUNCT,,11.0,fixed,"(47, 48)",-,
13,ידי,NOUN,NOUN,Definite=Cons|Gender=Fem|Number=Plur,11.0,fixed,"(48, 51)",יד,
14,יזמים,NOUN,NOUN,Gender=Masc|Number=Plur,7.0,nmod,"(52, 57)",יזם,
15,פרטיים,ADJ,ADJ,Gender=Masc|Number=Plur,14.0,amod,"(58, 64)",פרטי,
16,(,PUNCT,PUNCT,,18.0,punct,"(65, 66)",(,
17,20,NUM,NUM,,18.0,nummod,"(66, 68)",20,
18,%,NOUN,NOUN,"Gender=Masc|Number=Plur,Sing",14.0,appos,"(68, 69)",%,
19,רווח,NOUN,NOUN,Gender=Masc|Number=Sing,18.0,nmod,"(70, 74)",רווח,
20,),PUNCT,PUNCT,,18.0,punct,"(74, 75)",),
21,■,PUNCT,PUNCT,,22.0,cc,"(76, 77)",■,
22,"סה""כ",NOUN,NOUN,Abbr=Yes|Gender=Masc|Number=Sing,2.0,conj,"(78, 82)","סה""ך",
"(23, 24)",לחיזוק,,,,,,"(83, 89)",,"[{'id': 23, 'text': 'ל', 'upos': 'ADP', 'xpos': 'ADP', 'head': 24, 'deprel': 'case', 'lemma': 'ל'}, {'id': 24, 'text': 'חיזוק', 'upos': 'NOUN', 'xpos': 'NOUN', 'feats': 'Definite=Cons|Gender=Masc|Number=Sing', 'head': 22, 'deprel': 'nmod', 'lemma': 'חיזוק'}]"
25,"810,000",NUM,NUM,,26.0,nummod,"(90, 97)","810,000",
26,יחידות,NOUN,NOUN,Definite=Cons|Gender=Fem|Number=Plur,22.0,nmod,"(98, 104)",יחידה,
27,דיור,NOUN,NOUN,Gender=Masc|Number=Sing,26.0,compound:smixut,"(105, 109)",דיור,
28,■,PUNCT,PUNCT,,31.0,cc,"(110, 111)",■,
"(29, 31)",בישובים,,,,,,"(112, 119)",,"[{'id': 29, 'text': 'ב', 'upos': 'ADP', 'xpos': 'ADP', 'head': 31, 'deprel': 'case', 'lemma': 'ב'}, {'id': 30, 'text': 'ה_', 'upos': 'DET', 'xpos': 'DET', 'feats': 'PronType=Art', 'head': 31, 'deprel': 'det:def', 'lemma': 'ה'}, {'id': 31, 'text': 'ישובים', 'upos': 'NOUN', 'xpos': 'NOUN', 'feats': 'Gender=Masc|Number=Plur', 'head': 22, 'deprel': 'dep', 'lemma': 'יישוב'}]"
32,חלשים,ADJ,ADJ,Gender=Masc|Number=Plur,31.0,amod,"(120, 125)",חלש,
"(33, 34)",באזורי,,,,,,"(126, 132)",,"[{'id': 33, 'text': 'ב', 'upos': 'ADP', 'xpos': 'ADP', 'head': 34, 'deprel': 'case', 'lemma': 'ב'}, {'id': 34, 'text': 'אזורי', 'upos': 'NOUN', 'xpos': 'NOUN', 'feats': 'Definite=Cons|Gender=Masc|Number=Plur', 'head': 31, 'deprel': 'nmod', 'lemma': 'אזור'}]"
35,סיכון,NOUN,NOUN,Gender=Masc|Number=Sing,34.0,compound:smixut,"(133, 138)",סיכון,
36,"65,000",NUM,NUM,,37.0,nummod,"(139, 145)","65,000",
37,יחידות,NOUN,NOUN,Definite=Cons|Gender=Fem|Number=Plur,31.0,dep,"(146, 152)",יחידה,
38,דיור,NOUN,NOUN,Gender=Masc|Number=Sing,37.0,compound:smixut,"(153, 157)",דיור,
39,מספר,DET,DET,Definite=Cons,40.0,det,"(158, 162)",מספר,
40,יחידות,NOUN,NOUN,Definite=Cons|Gender=Fem|Number=Plur,94.0,nsubj,"(163, 169)",יחידה,
41,דיור,NOUN,NOUN,Gender=Masc|Number=Sing,40.0,compound:smixut,"(170, 174)",דיור,
"(42, 44)",בעלות,,,,,,"(175, 180)",,"[{'id': 42, 'text': 'ב', 'upos': 'ADP', 'xpos': 'ADP', 'head': 44, 'deprel': 'case', 'lemma': 'ב'}, {'id': 43, 'text': 'ה_', 'upos': 'DET', 'xpos': 'DET', 'feats': 'PronType=Art', 'head': 44, 'deprel': 'det:def', 'lemma': 'ה'}, {'id': 44, 'text': 'עלות', 'upos': 'NOUN', 'xpos': 'NOUN', 'feats': 'Gender=Fem|Number=Sing', 'head': 40, 'deprel': 'nmod', 'lemma': 'עלות'}]"
45,כדאיות,NOUN,NOUN,Gender=Fem|HebSource=ConvUncertainHead|Number=Sing,40.0,nmod,"(181, 187)",כדאיות,
46,כלכלית,ADJ,ADJ,Gender=Fem|Number=Sing,45.0,amod,"(188, 194)",כלכלי,
"(47, 48)",לחיזוק,,,,,,"(195, 201)",,"[{'id': 47, 'text': 'ל', 'upos': 'ADP', 'xpos': 'ADP', 'head': 48, 'deprel': 'case', 'lemma': 'ל'}, {'id': 48, 'text': 'חיזוק', 'upos': 'NOUN', 'xpos': 'NOUN', 'feats': 'Gender=Masc|Number=Sing', 'head': 45, 'deprel': 'nmod', 'lemma': 'חיזוק'}]"
49,על,ADP,ADP,,52.0,case,"(202, 204)",על,
50,-,PUNCT,PUNCT,,49.0,fixed,"(204, 205)",-,
51,ידי,NOUN,NOUN,Definite=Cons|Gender=Fem|Number=Plur,49.0,fixed,"(205, 208)",יד,
52,חברות,NOUN,NOUN,Definite=Cons|Gender=Fem|Number=Plur,45.0,nmod,"(209, 214)",חברה,
53,ניהול,NOUN,NOUN,Gender=Masc|Number=Sing,52.0,compound:smixut,"(215, 220)",ניהול,
54,(,PUNCT,PUNCT,,56.0,punct,"(221, 222)",(,
55,10,NUM,NUM,,56.0,nummod,"(222, 224)",10,
56,%,NOUN,NOUN,"Gender=Masc|Number=Plur,Sing",52.0,appos,"(224, 225)",%,
57,רווח,NOUN,NOUN,Gender=Masc|Number=Sing,56.0,nmod,"(226, 230)",רווח,
58,),PUNCT,PUNCT,,56.0,punct,"(230, 231)",),
59,■,PUNCT,PUNCT,,60.0,cc,"(232, 233)",■,
60,"סה""כ",NOUN,NOUN,Abbr=Yes,40.0,dep,"(234, 238)","סה""ך",
"(61, 62)",לחיזוק,,,,,,"(239, 245)",,"[{'id': 61, 'text': 'ל', 'upos': 'ADP', 'xpos': 'ADP', 'head': 62, 'deprel': 'case', 'lemma': 'ל'}, {'id': 62, 'text': 'חיזוק', 'upos': 'NOUN', 'xpos': 'NOUN', 'feats': 'Gender=Masc|Number=Sing', 'head': 60, 'deprel': 'nmod', 'lemma': 'חיזוק'}]"
63,"810,000",NUM,NUM,,64.0,nummod,"(246, 253)","810,000",
64,יחידות,NOUN,NOUN,Definite=Cons|Gender=Fem|Number=Plur,60.0,nmod,"(254, 260)",יחידה,
65,דיור,NOUN,NOUN,Gender=Masc|Number=Sing,64.0,compound:smixut,"(261, 265)",דיור,
66,■,PUNCT,PUNCT,,31.0,cc,"(266, 267)",■,
"(67, 69)",בישובים,,,,,,"(268, 275)",,"[{'id': 67, 'text': 'ב', 'upos': 'ADP', 'xpos': 'ADP', 'head': 69, 'deprel': 'case', 'lemma': 'ב'}, {'id': 68, 'text': 'ה_', 'upos': 'DET', 'xpos': 'DET', 'feats': 'PronType=Art', 'head': 69, 'deprel': 'det:def', 'lemma': 'ה'}, {'id': 69, 'text': 'ישובים', 'upos': 'NOUN', 'xpos': 'NOUN', 'feats': 'Gender=Masc|Number=Plur', 'head': 31, 'deprel': 'dep', 'lemma': 'יישוב'}]"
70,"""",PUNCT,PUNCT,,71.0,punct,"(276, 277)","""",
71,חלשים,ADJ,ADJ,Gender=Masc|Number=Plur,69.0,amod,"(277, 282)",חלש,
72,"""",PUNCT,PUNCT,,71.0,punct,"(282, 283)","""",
"(73, 74)",באזורי,,,,,,"(284, 290)",,"[{'id': 73, 'text': 'ב', 'upos': 'ADP', 'xpos': 'ADP', 'head': 74, 'deprel': 'case', 'lemma': 'ב'}, {'id': 74, 'text': 'אזורי', 'upos': 'NOUN', 'xpos': 'NOUN', 'feats': 'Definite=Cons|Gender=Masc|Number=Plur', 'head': 71, 'deprel': 'advmod', 'lemma': 'אזור'}]"
75,סיכון,NOUN,NOUN,Gender=Masc|Number=Sing,74.0,compound:smixut,"(291, 296)",סיכון,
76,"65,000",NUM,NUM,,77.0,nummod,"(297, 303)","65,000",
77,יחידות,NOUN,NOUN,Definite=Cons|Gender=Fem|Number=Plur,31.0,nmod,"(304, 310)",יחידה,
78,דיור,NOUN,NOUN,Gender=Masc|Number=Sing,77.0,compound:smixut,"(311, 315)",דיור,
79,מסקנות,NOUN,NOUN,Definite=Cons|Gender=Fem|Number=Plur,77.0,dep,"(316, 322)",מסקנה,
"(80, 81)",העבודה,,,,,,"(323, 329)",,"[{'id': 80, 'text': 'ה', 'upos': 'DET', 'xpos': 'DET', 'feats': 'PronType=Art', 'head': 81, 'deprel': 'det:def', 'lemma': 'ה'}, {'id': 81, 'text': 'עבודה', 'upos': 'NOUN', 'xpos': 'NOUN', 'feats': 'Gender=Fem|Number=Sing', 'head': 79, 'deprel': 'compound:smixut', 'lemma': 'עבודה'}]"
82,■,PUNCT,PUNCT,,94.0,cc,"(330, 331)",■,
83,נכון,ADV,ADV,Gender=Masc|Number=Sing,85.0,case,"(332, 336)",נכון,
"(84, 85)",להיום,,,,,,"(337, 342)",,"[{'id': 84, 'text': 'ל', 'upos': 'ADP', 'xpos': 'ADP', 'head': 83, 'deprel': 'fixed', 'lemma': 'ל'}, {'id': 85, 'text': 'היום', 'upos': 'ADV', 'xpos': 'ADV', 'head': 94, 'deprel': 'obl', 'lemma': 'היום'}]"
86,(,PUNCT,PUNCT,,88.0,punct,"(343, 344)",(,
87,1,NUM,NUM,,88.0,nummod,"(344, 345)",1,
88,קומה,NOUN,NOUN,Gender=Fem|Number=Sing,103.0,appos,"(346, 350)",קומה,
89,),PUNCT,PUNCT,,88.0,punct,"(350, 351)",),
90,",",PUNCT,PUNCT,,94.0,punct,"(351, 352)",",",
91,כדאיות,NOUN,NOUN,Definite=Cons|Gender=Fem|Number=Sing,94.0,nsubj,"(353, 359)",כדאיות,
92,"תמ""א",NOUN,NOUN,Abbr=Yes|Definite=Cons|Gender=Masc|Number=Sing,91.0,compound:smixut,"(360, 364)","תמ""א",
93,38,NUM,NUM,,92.0,compound:smixut,"(365, 367)",38,
94,מצומצמת,ADJ,ADJ,Gender=Fem|Number=Sing,2.0,conj,"(368, 375)",מצומצם,
"(95, 96)",וכוללת,,,,,,"(376, 382)",,"[{'id': 95, 'text': 'ו', 'upos': 'CCONJ', 'xpos': 'CCONJ', 'head': 96, 'deprel': 'cc', 'lemma': 'ו'}, {'id': 96, 'text': 'כוללת', 'upos': 'VERB', 'xpos': 'VERB', 'feats': 'Gender=Fem|HebBinyan=PAAL|Number=Sing|Person=1,2,3|VerbForm=Part|Voice=Act', 'head': 94, 'deprel': 'conj', 'lemma': 'כלל'}]"
97,כ,ADV,ADV,,100.0,advmod,"(383, 384)",כ,
98,-,PUNCT,PUNCT,,100.0,punct,"(384, 385)",-,
99,"95,000",NUM,NUM,,100.0,nummod,"(385, 391)","95,000",
100,יח״ד,NOUN,NOUN,Abbr=Yes|Gender=Masc|Number=Sing,96.0,obj,"(392, 396)",יח״ד,
101,בלבד,ADV,ADV,,100.0,advmod,"(397, 401)",בלבד,
"(102, 103)",בשכונות,,,,,,"(402, 409)",,"[{'id': 102, 'text': 'ב', 'upos': 'ADP', 'xpos': 'ADP', 'head': 103, 'deprel': 'case', 'lemma': 'ב'}, {'id': 103, 'text': 'שכונות', 'upos': 'NOUN', 'xpos': 'NOUN', 'feats': 'Gender=Fem|Number=Plur', 'head': 100, 'deprel': 'nmod', 'lemma': 'שכונה'}]"
"(104, 105)",במעמד,,,,,,"(410, 415)",,"[{'id': 104, 'text': 'ב', 'upos': 'ADP', 'xpos': 'ADP', 'head': 105, 'deprel': 'case', 'lemma': 'ב'}, {'id': 105, 'text': 'מעמד', 'upos': 'NOUN', 'xpos': 'NOUN', 'feats': 'Gender=Masc|Number=Sing', 'head': 103, 'deprel': 'nmod', 'lemma': 'מעמד'}]"
106,כלכלי,ADJ,ADJ,Gender=Masc|Number=Sing,105.0,amod,"(416, 421)",כלכלי,
107,-,PUNCT,PUNCT,,106.0,punct,"(421, 422)",-,
108,חברתי,ADJ,ADJ,Gender=Masc|Number=Sing,106.0,dep,"(422, 427)",חברתי,
109,גבוה,ADJ,ADJ,Gender=Masc|Number=Sing,105.0,amod,"(428, 432)",גבוה,
"(110, 111)",בתל,,,,,,"(433, 436)",,"[{'id': 110, 'text': 'ב', 'upos': 'ADP', 'xpos': 'ADP', 'head': 111, 'deprel': 'case', 'lemma': 'ב'}, {'id': 111, 'text': 'תל', 'upos': 'NOUN', 'xpos': 'NOUN', 'feats': 'Definite=Cons|Gender=Masc|Number=Sing', 'head': 103, 'deprel': 'nmod', 'lemma': 'תל'}]"
112,-,PUNCT,PUNCT,,111.0,flat:name,"(436, 437)",-,
113,אביב,NOUN,NOUN,Gender=Masc|Number=Sing,111.0,flat:name,"(437, 441)",אביב,
"(114, 115)",ובירושלים,,,,,,"(442, 451)",,"[{'id': 114, 'text': 'ו', 'upos': 'CCONJ', 'xpos': 'CCONJ', 'head': 115, 'deprel': 'cc', 'lemma': 'ו'}, {'id': 115, 'text': 'בירושלים', 'upos': 'PROPN', 'xpos': 'PROPN', 'head': 111, 'deprel': 'conj', 'lemma': 'בירושלים'}]"
1,■,PUNCT,PUNCT,,2.0,cc,"(1, 2)",■,
2,תוספת,NOUN,NOUN,Definite=Cons|Gender=Fem|Number=Sing,0.0,root,"(3, 8)",תוספת,
3,חצי,NOUN,NOUN,Definite=Cons|Gender=Masc|Number=Plur,2.0,compound:smixut,"(9, 12)",חץ,
4,קומה,NOUN,NOUN,Gender=Fem|Number=Sing,3.0,compound:smixut,"(13, 17)",קומה,
5,לזכויות,NOUN,NOUN,Definite=Cons|Gender=Fem|Number=Plur,2.0,nmod,"(18, 25)",לזכות,
"(6, 7)","התמ""א",,,,,,"(26, 31)",,"[{'id': 6, 'text': 'ה', 'upos': 'DET', 'xpos': 'DET', 'feats': 'PronType=Art', 'head': 7, 'deprel': 'det:def', 'lemma': 'ה'}, {'id': 7, 'text': 'תמ""א', 'upos': 'NOUN', 'xpos': 'NOUN', 'feats': 'Abbr=Yes|Gender=Masc|Number=Sing', 'head': 5, 'deprel': 'compound:smixut', 'lemma': 'תמ""א'}]"
8,(,PUNCT,PUNCT,,2.0,punct,"(32, 33)",(,
9,"סה""כ",NOUN,NOUN,Abbr=Yes,2.0,appos,"(33, 37)","סה""ך",
10,1,NUM,NUM,,9.0,nummod,"(38, 39)",1,
1,5,NUM,NUM,,2.0,nummod,"(0, 1)",5,
2,קומות,NOUN,NOUN,Gender=Fem|Number=Plur,4.0,dep,"(2, 7)",קומה,
3,),PUNCT,PUNCT,,4.0,punct,"(7, 8)",),
4,מרחיבה,VERB,VERB,"Gender=Fem|HebBinyan=HIFIL|Number=Sing|Person=1,2,3|VerbForm=Part|Voice=Act",0.0,root,"(9, 15)",הרחיב,
5,משמעותית,ADV,ADV,,4.0,advmod,"(16, 24)",משמעותי,
6,את,ADP,ADP,Case=Acc,7.0,case:acc,"(25, 27)",את,
7,פוטנציאל,NOUN,NOUN,Definite=Cons|Gender=Masc|Number=Sing,4.0,obj,"(28, 36)",פוטנציאל,
8,יישום,NOUN,NOUN,Definite=Cons|Gender=Masc|Number=Sing,7.0,compound:smixut,"(37, 42)",יישום,
"(9, 10)",התמ״א,,,,,,"(43, 48)",,"[{'id': 9, 'text': 'ה', 'upos': 'DET', 'xpos': 'DET', 'feats': 'PronType=Art', 'head': 10, 'deprel': 'det:def', 'lemma': 'ה'}, {'id': 10, 'text': 'תמקא', 'upos': 'NOUN', 'xpos': 'NOUN', 'head': 8, 'deprel': 'compound:smixut', 'lemma': 'תמקא'}]"
11,על,ADP,ADP,,14.0,case,"(49, 51)",על,
12,-,PUNCT,PUNCT,,11.0,fixed,"(51, 52)",-,
13,ידי,NOUN,NOUN,Definite=Cons|Gender=Fem|Number=Plur,11.0,fixed,"(52, 55)",יד,
14,יזמים,NOUN,NOUN,Gender=Masc|Number=Plur,7.0,nmod,"(56, 61)",יזם,
15,לכדי,ADV,ADV,,11.0,advmod,"(62, 66)",לכדי,
1,"270,000",NUM,NUM,,2.0,nummod,"(1, 8)","270,000",
2,"יח""ד",NOUN,NOUN,Abbr=Yes|Gender=Masc|Number=Sing,0.0,root,"(9, 13)","יח""ד",
"(3, 4)",ומוסיפה,,,,,,"(14, 21)",,"[{'id': 3, 'text': 'ו', 'upos': 'CCONJ', 'xpos': 'CCONJ', 'head': 4, 'deprel': 'cc', 'lemma': 'ו'}, {'id': 4, 'text': 'מוסיפה', 'upos': 'VERB', 'xpos': 'VERB', 'feats': 'Gender=Fem|HebBinyan=HIFIL|Number=Sing|Person=1,2,3|VerbForm=Part|Voice=Act', 'head': 2, 'deprel': 'conj', 'lemma': 'הוסיף'}]"
5,כ,ADV,ADV,,8.0,advmod,"(22, 23)",כ,
6,-,PUNCT,PUNCT,,8.0,punct,"(23, 24)",-,
7,"100,000",NUM,NUM,,8.0,nummod,"(24, 31)","100,000",
8,יח״ד,NOUN,NOUN,Abbr=Yes|Gender=Masc|Number=Sing,4.0,dep,"(32, 36)",יח״ד,
9,חדשות,ADJ,ADJ,Gender=Fem|Number=Plur,8.0,nmod,"(37, 42)",חדש,
1,■,PUNCT,PUNCT,,2.0,punct,"(1, 2)",■,
2,תוספת,NOUN,NOUN,Definite=Cons|Gender=Fem|Number=Sing,0.0,root,"(3, 8)",תוספת,
3,קומה,NOUN,NOUN,Gender=Fem|Number=Sing,2.0,compound:smixut,"(9, 13)",קומה,
"(4, 5)",וחצי,,,,,,"(14, 18)",,"[{'id': 4, 'text': 'ו', 'upos': 'CCONJ', 'xpos': 'CCONJ', 'head': 5, 'deprel': 'cc', 'lemma': 'ו'}, {'id': 5, 'text': 'חצי', 'upos': 'NOUN', 'xpos': 'NOUN', 'feats': 'Definite=Cons|Gender=Masc|Number=Plur', 'head': 2, 'deprel': 'conj', 'lemma': 'חץ'}]"
6,מעבר,NOUN,NOUN,Gender=Masc|Number=Sing,5.0,compound:smixut,"(19, 23)",מעבר,
"(7, 9)","לתמ""א",,,,,,"(24, 29)",,"[{'id': 7, 'text': 'ל', 'upos': 'ADP', 'xpos': 'ADP', 'head': 9, 'deprel': 'case', 'lemma': 'ל'}, {'id': 8, 'text': 'ה_', 'upos': 'DET', 'xpos': 'DET', 'feats': 'PronType=Art', 'head': 9, 'deprel': 'det:def', 'lemma': 'ה'}, {'id': 9, 'text': 'תמ""א', 'upos': 'NOUN', 'xpos': 'NOUN', 'feats': 'Abbr=Yes|Gender=Masc|Number=Sing', 'head': 5, 'deprel': 'nmod', 'lemma': 'תמ""א'}]"
10,(,PUNCT,PUNCT,,2.0,punct,"(30, 31)",(,
11,"סה""כ",NOUN,NOUN,Abbr=Yes,2.0,appos,"(31, 35)","סה""ך",
12,2,NUM,NUM,,11.0,nummod,"(36, 37)",2,
1,5,NUM,NUM,,2.0,nummod,"(0, 1)",5,
2,קומות,NOUN,NOUN,Gender=Fem|Number=Plur,4.0,dep,"(2, 7)",קומה,
3,),PUNCT,PUNCT,,4.0,punct,"(7, 8)",),
4,מרחיבה,VERB,VERB,"Gender=Fem|HebBinyan=HIFIL|Number=Sing|Person=1,2,3|VerbForm=Part|Voice=Act",0.0,root,"(9, 15)",הרחיב,
5,את,ADP,ADP,Case=Acc,6.0,case:acc,"(16, 18)",את,
6,פוטנציאל,NOUN,NOUN,Definite=Cons|Gender=Masc|Number=Sing,4.0,obj,"(19, 27)",פוטנציאל,
7,יישום,NOUN,NOUN,Definite=Cons|Gender=Masc|Number=Sing,6.0,compound:smixut,"(28, 33)",יישום,
"(8, 9)","התמ""א",,,,,,"(34, 39)",,"[{'id': 8, 'text': 'ה', 'upos': 'DET', 'xpos': 'DET', 'feats': 'PronType=Art', 'head': 9, 'deprel': 'det:def', 'lemma': 'ה'}, {'id': 9, 'text': 'תמ""א', 'upos': 'NOUN', 'xpos': 'NOUN', 'feats': 'Abbr=Yes|Gender=Masc|Number=Sing', 'head': 7, 'deprel': 'compound:smixut', 'lemma': 'תמ""א'}]"
10,לכדי,ADP,ADP,,12.0,case,"(40, 44)",לכדי,
11,"400,000",NUM,NUM,,12.0,nummod,"(45, 52)","400,000",
12,יח״ד,NOUN,NOUN,Abbr=Yes|Gender=Masc|Number=Sing,4.0,obl,"(53, 57)",יח״ד,
"(13, 14)",במחוז,,,,,,"(58, 63)",,"[{'id': 13, 'text': 'ב', 'upos': 'ADP', 'xpos': 'ADP', 'head': 14, 'deprel': 'case', 'lemma': 'ב'}, {'id': 14, 'text': 'מחוז', 'upos': 'NOUN', 'xpos': 'NOUN', 'feats': 'Definite=Cons|Gender=Masc|Number=Sing', 'head': 12, 'deprel': 'nmod', 'lemma': 'מחוז'}]"
15,תל,NOUN,NOUN,Definite=Cons|Gender=Masc|Number=Sing,14.0,compound:smixut,"(64, 66)",תל,
16,-,PUNCT,PUNCT,,15.0,flat:name,"(66, 67)",-,
17,אביב,NOUN,NOUN,Gender=Masc|Number=Sing,15.0,flat:name,"(67, 71)",אביב,
18,",",PUNCT,PUNCT,,14.0,punct,"(71, 72)",",",
19,מחוז,NOUN,NOUN,Definite=Cons|Gender=Masc|Number=Sing,14.0,conj,"(73, 77)",מחוז,
20,מרכז,NOUN,NOUN,Gender=Masc|Number=Sing,19.0,compound:smixut,"(78, 82)",מרכז,
21,",",PUNCT,PUNCT,,14.0,punct,"(82, 83)",",",
"(22, 23)",העיר,,,,,,"(84, 88)",,"[{'id': 22, 'text': 'ה', 'upos': 'DET', 'xpos': 'DET', 'feats': 'PronType=Art', 'head': 23, 'deprel': 'det:def', 'lemma': 'ה'}, {'id': 23, 'text': 'עיר', 'upos': 'NOUN', 'xpos': 'NOUN', 'feats': 'Gender=Fem|Number=Sing', 'head': 14, 'deprel': 'conj', 'lemma': 'עיר'}]"
24,ירושלים,PROPN,PROPN,,23.0,flat:name,"(89, 96)",ירושלים,
"(25, 27)",ולשכונות,,,,,,"(97, 105)",,"[{'id': 25, 'text': 'ו', 'upos': 'CCONJ', 'xpos': 'CCONJ', 'head': 27, 'deprel': 'cc', 'lemma': 'ו'}, {'id': 26, 'text': 'ל', 'upos': 'ADP', 'xpos': 'ADP', 'head': 27, 'deprel': 'case', 'lemma': 'ל'}, {'id': 27, 'text': 'שכונות', 'upos': 'NOUN', 'xpos': 'NOUN', 'feats': 'Gender=Fem|Number=Plur', 'head': 14, 'deprel': 'conj', 'lemma': 'שכונה'}]"
28,חזקות,ADJ,ADJ,Gender=Fem|Number=Plur,27.0,amod,"(106, 111)",חזק,
"(29, 30)",בחיפה,,,,,,"(112, 117)",,"[{'id': 29, 'text': 'ב', 'upos': 'ADP', 'xpos': 'ADP', 'head': 30, 'deprel': 'case', 'lemma': 'ב'}, {'id': 30, 'text': 'חיפה', 'upos': 'PROPN', 'xpos': 'PROPN', 'head': 27, 'deprel': 'nmod', 'lemma': 'חיפה'}]"
1,■,PUNCT,PUNCT,,10.0,cc,"(1, 2)",■,
2,מימוש,NOUN,NOUN,Definite=Cons|Gender=Masc|Number=Sing,10.0,nsubj,"(3, 8)",מימוש,
"(3, 4)",התמ״א,,,,,,"(9, 14)",,"[{'id': 3, 'text': 'ה', 'upos': 'DET', 'xpos': 'DET', 'feats': 'PronType=Art', 'head': 4, 'deprel': 'det:def', 'lemma': 'ה'}, {'id': 4, 'text': 'תמקא', 'upos': 'NOUN', 'xpos': 'NOUN', 'feats': 'Gender=Masc|Number=Sing', 'head': 2, 'deprel': 'compound:smixut', 'lemma': 'תמקא'}]"
5,על,ADP,ADP,,8.0,case,"(15, 17)",על,
6,-,PUNCT,PUNCT,,5.0,fixed,"(17, 18)",-,
7,יד׳,NOUN,NOUN,Definite=Cons|Gender=Fem|Number=Plur,2.0,nmod,"(18, 21)",יד׳,
8,הברות,NOUN,NOUN,Definite=Cons|Gender=Fem|Number=Plur,2.0,nmod,"(22, 27)",הברה,
9,ניהול,NOUN,NOUN,Gender=Masc|HebSource=ConvUncertainLabel|Number=Sing,8.0,compound:smixut,"(28, 33)",ניהול,
10,תגדיל,VERB,VERB,Gender=Masc|HebBinyan=HIFIL|Number=Sing|Person=3|Tense=Fut|Voice=Act,0.0,root,"(34, 39)",הגדיל,
11,את,ADP,ADP,Case=Acc,12.0,case:acc,"(40, 42)",את,
12,אפשרות,NOUN,NOUN,Definite=Cons|Gender=Fem|Number=Sing,10.0,obj,"(43, 49)",אפשרות,
"(13, 14)",היישום,,,,,,"(50, 56)",,"[{'id': 13, 'text': 'ה', 'upos': 'DET', 'xpos': 'DET', 'feats': 'PronType=Art', 'head': 14, 'deprel': 'det:def', 'lemma': 'ה'}, {'id': 14, 'text': 'יישום', 'upos': 'NOUN', 'xpos': 'NOUN', 'feats': 'Gender=Masc|Number=Sing', 'head': 12, 'deprel': 'compound:smixut', 'lemma': 'יישום'}]"
15,לכדי,ADP,ADP,,17.0,case,"(57, 61)",לכדי,
16,"430,000",NUM,NUM,,17.0,nummod,"(62, 69)","430,000",
17,"יח""ד",NOUN,NOUN,Abbr=Yes|Gender=Masc|Number=Sing,10.0,obl,"(70, 74)","יח""ד",
18,עבור,ADP,ADP,,19.0,case,"(75, 79)",עבור,
19,2,NUM,NUM,,17.0,nummod,"(80, 81)",2,
1,5,NUM,NUM,,2.0,nummod,"(0, 1)",5,
2,קומות,NOUN,NOUN,Gender=Fem|Number=Plur,0.0,root,"(2, 7)",קומה,
1,המלצה,NOUN,NOUN,Gender=Fem|Number=Sing,0.0,root,"(1, 6)",המלצה,
"(2, 3)",למדרוג,,,,,,"(7, 13)",,"[{'id': 2, 'text': 'ל', 'upos': 'ADP', 'xpos': 'ADP', 'head': 3, 'deprel': 'case', 'lemma': 'ל'}, {'id': 3, 'text': 'מדרוג', 'upos': 'NOUN', 'xpos': 'NOUN', 'feats': 'Definite=Cons|Gender=Masc|Number=Sing', 'head': 1, 'deprel': 'nmod', 'lemma': 'מדרוג'}]"
4,זכויות,NOUN,NOUN,Gender=Fem|Number=Plur,3.0,compound:smixut,"(14, 20)",זכות,
"(5, 6)",במסגרת,,,,,,"(21, 27)",,"[{'id': 5, 'text': 'ב', 'upos': 'ADP', 'xpos': 'ADP', 'head': 7, 'deprel': 'case', 'lemma': 'ב'}, {'id': 6, 'text': 'מסגרת', 'upos': 'NOUN', 'xpos': 'NOUN', 'feats': 'Gender=Fem|Number=Sing', 'head': 5, 'deprel': 'fixed', 'lemma': 'מסגרת'}]"
7,"תמ""א",NOUN,NOUN,Abbr=Yes|Gender=Masc|Number=Sing,3.0,nmod,"(28, 32)","תמ""א",
8,38,NUM,NUM,,7.0,compound:smixut,"(33, 35)",38,
9,1,NUM,NUM,,7.0,nummod,"(36, 37)",1,
10,),PUNCT,PUNCT,,11.0,punct,"(37, 38)",),
11,שינוי,NOUN,NOUN,Definite=Cons|Gender=Masc|HebSource=ConvUncertainHead|Number=Sing,1.0,appos,"(39, 44)",שינוי,
12,מצב,NOUN,NOUN,Definite=Cons|Gender=Masc|Number=Sing,11.0,compound:smixut,"(45, 48)",מצב,
"(13, 14)",הבסיס,,,,,,"(49, 54)",,"[{'id': 13, 'text': 'ה', 'upos': 'DET', 'xpos': 'DET', 'feats': 'PronType=Art', 'head': 14, 'deprel': 'det:def', 'lemma': 'ה'}, {'id': 14, 'text': 'בסיס', 'upos': 'NOUN', 'xpos': 'NOUN', 'feats': 'Gender=Masc|Number=Sing', 'head': 12, 'deprel': 'compound:smixut', 'lemma': 'בסיס'}]"
"(15, 16)",והטמעת,,,,,,"(55, 61)",,"[{'id': 15, 'text': 'ו', 'upos': 'CCONJ', 'xpos': 'CCONJ', 'head': 16, 'deprel': 'cc', 'lemma': 'ו'}, {'id': 16, 'text': 'הטמעת', 'upos': 'NOUN', 'xpos': 'NOUN', 'feats': 'Definite=Cons|Gender=Fem|Number=Sing', 'head': 11, 'deprel': 'conj', 'lemma': 'הטמעה'}]"
17,תוספת,NOUN,NOUN,Definite=Cons|Gender=Fem|Number=Sing,16.0,compound:smixut,"(62, 67)",תוספת,
18,1,NUM,NUM,,17.0,compound:smixut,"(68, 69)",1,
19,/,PUNCT,PUNCT,,18.0,dep,"(69, 70)",/,
20,2,NUM,NUM,,18.0,dep,"(70, 71)",2,
21,קומה,NOUN,NOUN,Gender=Fem|Number=Sing,18.0,obl,"(72, 76)",קומה,
"(22, 23)",בתמ״א,,,,,,"(77, 82)",,"[{'id': 22, 'text': 'ב', 'upos': 'ADP', 'xpos': 'ADP', 'head': 23, 'deprel': 'case', 'lemma': 'ב'}, {'id': 23, 'text': 'תמקא', 'upos': 'PROPN', 'xpos': 'PROPN', 'head': 17, 'deprel': 'nmod', 'lemma': 'תמקא'}]"
24,2,NUM,NUM,,1.0,nummod,"(83, 84)",2,
25,),PUNCT,PUNCT,,1.0,punct,"(84, 85)",),
26,מדרוג,NOUN,NOUN,Definite=Cons|Gender=Masc|Number=Sing,1.0,appos,"(86, 91)",מדרוג,
27,תוספת,NOUN,NOUN,Definite=Cons|Gender=Fem|Number=Sing,26.0,compound:smixut,"(92, 97)",תוספת,
28,זכויות,NOUN,NOUN,Gender=Fem|Number=Plur,27.0,compound:smixut,"(98, 104)",זכות,
29,על,ADP,ADP,,30.0,case,"(105, 107)",על,
30,בסיס,NOUN,NOUN,Definite=Cons|Gender=Masc|Number=Sing,26.0,nmod,"(108, 112)",בסיס,
31,כדאיות,NOUN,NOUN,Gender=Fem|Number=Sing,30.0,compound:smixut,"(113, 119)",כדאיות,
32,כלכלית,ADJ,ADJ,Gender=Fem|Number=Sing,31.0,amod,"(120, 126)",כלכלי,
33,תוספת,NOUN,NOUN,Definite=Cons|Gender=Fem|Number=Sing,31.0,acl,"(127, 132)",תוספת,
"(34, 35)",הצי קומה,,,,,,"(133, 141)",,"[{'id': 34, 'text': 'ה', 'upos': 'DET', 'xpos': 'DET', 'feats': 'PronType=Art', 'head': 35, 'deprel': 'det:def', 'lemma': 'ה'}, {'id': 35, 'text': 'ציצקומה', 'upos': 'NOUN', 'xpos': 'NOUN', 'feats': 'Gender=Fem|Number=Sing', 'head': 33, 'deprel': 'compound:smixut', 'lemma': 'ציצקומה'}]"
36,מעבר,ADP,ADP,,39.0,case,"(142, 146)",מעבר,
"(37, 39)","לתמ""א",,,,,,"(147, 152)",,"[{'id': 37, 'text': 'ל', 'upos': 'ADP', 'xpos': 'ADP', 'head': 36, 'deprel': 'fixed', 'lemma': 'ל'}, {'id': 38, 'text': 'ה_', 'upos': 'DET', 'xpos': 'DET', 'feats': 'PronType=Art', 'head': 39, 'deprel': 'det:def', 'lemma': 'ה'}, {'id': 39, 'text': 'תמ""א', 'upos': 'NOUN', 'xpos': 'NOUN', 'feats': 'Abbr=Yes|Gender=Masc|Number=Sing', 'head': 33, 'deprel': 'nmod', 'lemma': 'תמ""א'}]"
40,38,NUM,NUM,,39.0,nummod,"(153, 155)",38,
41,על,ADP,ADP,,43.0,case,"(156, 158)",על,
"(42, 43)",שינוייה,,,,,,"(159, 166)",,"[{'id': 42, 'text': 'ש', 'upos': 'NOUN', 'xpos': 'NOUN', 'feats': 'HebSource=ConvUncertainHead', 'head': 52, 'deprel': 'obl', 'lemma': 'ש'}, {'id': 43, 'text': 'ינוייה', 'upos': 'NOUN', 'xpos': 'NOUN', 'feats': 'HebSource=ConvUncertainHead', 'head': 52, 'deprel': 'obl', 'lemma': 'ינוייה'}]"
44,■,PUNCT,PUNCT,,51.0,cc,"(167, 168)",■,
"(45, 46)",ברוב,,,,,,"(169, 173)",,"[{'id': 45, 'text': 'ב', 'upos': 'ADP', 'xpos': 'ADP', 'head': 48, 'deprel': 'case', 'lemma': 'ב'}, {'id': 46, 'text': 'רוב', 'upos': 'DET', 'xpos': 'DET', 'feats': 'Definite=Cons', 'head': 48, 'deprel': 'det', 'lemma': 'רוב'}]"
"(47, 48)",הרשויות,,,,,,"(174, 181)",,"[{'id': 47, 'text': 'ה', 'upos': 'DET', 'xpos': 'DET', 'feats': 'PronType=Art', 'head': 48, 'deprel': 'det:def', 'lemma': 'ה'}, {'id': 48, 'text': 'רשויות', 'upos': 'NOUN', 'xpos': 'NOUN', 'feats': 'Gender=Fem|Number=Plur', 'head': 51, 'deprel': 'obl', 'lemma': 'רשות'}]"
"(49, 50)",המקומיות,,,,,,"(182, 190)",,"[{'id': 49, 'text': 'ה', 'upos': 'DET', 'xpos': 'DET', 'feats': 'PronType=Art', 'head': 50, 'deprel': 'det:def', 'lemma': 'ה'}, {'id': 50, 'text': 'מקומיות', 'upos': 'ADJ', 'xpos': 'ADJ', 'feats': 'Gender=Fem|Number=Plur', 'head': 48, 'deprel': 'amod', 'lemma': 'מקומי'}]"
51,ניתן,AUX,AUX,"Gender=Masc|Number=Sing|Person=1,2,3|VerbType=Mod",52.0,aux,"(191, 195)",ניתן,
52,לבנות,VERB,VERB,HebBinyan=PAAL|VerbForm=Inf|Voice=Act,26.0,acl,"(196, 201)",בנה,
53,חלק,NOUN,NOUN,Gender=Masc|Number=Sing,56.0,det,"(202, 205)",חלק,
"(54, 56)",מהגג,,,,,,"(206, 210)",,"[{'id': 54, 'text': 'מ', 'upos': 'ADP', 'xpos': 'ADP', 'feats': 'HebSource=ConvUncertainLabel', 'head': 56, 'deprel': 'case', 'lemma': 'מ'}, {'id': 55, 'text': 'ה', 'upos': 'DET', 'xpos': 'DET', 'feats': 'PronType=Art', 'head': 56, 'deprel': 'det:def', 'lemma': 'ה'}, {'id': 56, 'text': 'גג', 'upos': 'NOUN', 'xpos': 'NOUN', 'feats': 'Gender=Masc|Number=Sing', 'head': 52, 'deprel': 'obl', 'lemma': 'גג'}]"
57,מכות,NOUN,NOUN,Definite=Cons|Gender=Fem|Number=Plur,56.0,case,"(211, 215)",מכה,
58,תכנית,NOUN,NOUN,Definite=Cons|Gender=Fem|Number=Sing,57.0,compound:smixut,"(216, 221)",תוכנית,
59,מתאר,NOUN,NOUN,Gender=Masc|Number=Sing,58.0,compound:smixut,"(222, 226)",תיאר,
60,מקומית,ADJ,ADJ,Gender=Fem|Number=Sing,58.0,amod,"(227, 233)",מקומי,
"(61, 62)",המחייבת,,,,,,"(234, 241)",,"[{'id': 61, 'text': 'ה', 'upos': 'SCONJ', 'xpos': 'SCONJ', 'head': 62, 'deprel': 'mark', 'lemma': 'ה'}, {'id': 62, 'text': 'מחייבת', 'upos': 'VERB', 'xpos': 'VERB', 'feats': 'Gender=Fem|HebBinyan=PIEL|Number=Sing|Person=1,2,3|VerbForm=Part|Voice=Act', 'head': 58, 'deprel': 'acl:relcl', 'lemma': 'חייב'}]"
63,100,NUM,NUM,,64.0,nummod,"(242, 245)",100,
64,%,NOUN,NOUN,"Gender=Masc|Number=Plur,Sing",62.0,obj,"(245, 246)",%,
65,הסכמות,NOUN,NOUN,Gender=Fem|Number=Plur,64.0,nmod,"(247, 253)",הסכמה,
"(66, 67)",ותשלומי,,,,,,"(254, 261)",,"[{'id': 66, 'text': 'ו', 'upos': 'CCONJ', 'xpos': 'CCONJ', 'head': 67, 'deprel': 'cc', 'lemma': 'ו'}, {'id': 67, 'text': 'תשלומי', 'upos': 'NOUN', 'xpos': 'NOUN', 'feats': 'Definite=Cons|Gender=Masc|Number=Plur', 'head': 65, 'deprel': 'conj', 'lemma': 'תשלום'}]"
68,מיסים,NOUN,NOUN,Gender=Masc|Number=Plur,67.0,compound:smixut,"(262, 267)",מס,
1,■,PUNCT,PUNCT,,2.0,cc,"(1, 2)",■,
2,הוספת,NOUN,NOUN,Definite=Cons|Gender=Fem|Number=Sing,0.0,root,"(3, 8)",הוספה,
3,חצי,NOUN,NOUN,Definite=Cons|Gender=Masc|Number=Plur,2.0,compound:smixut,"(9, 12)",חץ,
4,קומה,NOUN,NOUN,Gender=Fem|Number=Sing,3.0,compound:smixut,"(13, 17)",קומה,
5,על,ADP,ADP,,7.0,case,"(18, 20)",על,
"(6, 7)",הגג,,,,,,"(21, 24)",,"[{'id': 6, 'text': 'ה', 'upos': 'DET', 'xpos': 'DET', 'feats': 'PronType=Art', 'head': 7, 'deprel': 'det:def', 'lemma': 'ה'}, {'id': 7, 'text': 'גג', 'upos': 'NOUN', 'xpos': 'NOUN', 'feats': 'Gender=Masc|Number=Sing', 'head': 3, 'deprel': 'nmod', 'lemma': 'גג'}]"
"(8, 9)",בתנאי,,,,,,"(25, 30)",,"[{'id': 8, 'text': 'ב', 'upos': 'ADP', 'xpos': 'ADP', 'head': 9, 'deprel': 'case', 'lemma': 'ב'}, {'id': 9, 'text': 'תנאי', 'upos': 'NOUN', 'xpos': 'NOUN', 'feats': 'Definite=Cons|Gender=Masc|Number=Plur', 'head': 2, 'deprel': 'nmod', 'lemma': 'תנאי'}]"
"(10, 11)",התמ״א,,,,,,"(31, 36)",,"[{'id': 10, 'text': 'ה', 'upos': 'DET', 'xpos': 'DET', 'feats': 'PronType=Art', 'head': 11, 'deprel': 'det:def', 'lemma': 'ה'}, {'id': 11, 'text': 'תמקא', 'upos': 'NOUN', 'xpos': 'NOUN', 'feats': 'Gender=Masc|Number=Sing', 'head': 9, 'deprel': 'compound:smixut', 'lemma': 'תמקא'}]"
12,(,PUNCT,PUNCT,,13.0,punct,"(37, 38)",(,
13,הסכמות,NOUN,NOUN,Definite=Cons|Gender=Fem|Number=Plur,9.0,appos,"(38, 44)",הסכמה,
14,דיירים,NOUN,NOUN,Gender=Masc|Number=Plur,13.0,compound:smixut,"(45, 51)",דייר,
"(15, 16)",ומיסוי,,,,,,"(52, 58)",,"[{'id': 15, 'text': 'ו', 'upos': 'CCONJ', 'xpos': 'CCONJ', 'head': 16, 'deprel': 'cc', 'lemma': 'ו'}, {'id': 16, 'text': 'מיסוי', 'upos': 'NOUN', 'xpos': 'NOUN', 'feats': 'Gender=Masc|Number=Sing', 'head': 13, 'deprel': 'conj', 'lemma': 'מיסוי'}]"
17,),PUNCT,PUNCT,,13.0,punct,"(58, 59)",),
"(18, 19)",במטרה,,,,,,"(60, 65)",,"[{'id': 18, 'text': 'ב', 'upos': 'ADP', 'xpos': 'ADP', 'head': 19, 'deprel': 'case', 'lemma': 'ב'}, {'id': 19, 'text': 'מטרה', 'upos': 'NOUN', 'xpos': 'NOUN', 'feats': 'Gender=Fem|Number=Sing', 'head': 2, 'deprel': 'nmod', 'lemma': 'מטרה'}]"
20,להגדיל,VERB,VERB,HebBinyan=HIFIL|VerbForm=Inf|Voice=Act,19.0,acl,"(66, 72)",הגדיל,
21,משמעותית,ADV,ADV,,20.0,advmod,"(73, 81)",משמעותי,
22,את,ADP,ADP,Case=Acc,25.0,case:acc,"(82, 84)",את,
23,מספר,DET,DET,Definite=Cons,25.0,det,"(85, 89)",מספר,
"(24, 25)",המבנים,,,,,,"(90, 96)",,"[{'id': 24, 'text': 'ה', 'upos': 'DET', 'xpos': 'DET', 'feats': 'PronType=Art', 'head': 25, 'deprel': 'det:def', 'lemma': 'ה'}, {'id': 25, 'text': 'מבנים', 'upos': 'NOUN', 'xpos': 'NOUN', 'feats': 'Gender=Masc|Number=Plur', 'head': 20, 'deprel': 'obj', 'lemma': 'מבנה'}]"
26,בעלי,NOUN,NOUN,Definite=Cons|Gender=Masc|Number=Plur,25.0,acl,"(97, 101)",בעל,
27,כדאיות,NOUN,NOUN,Gender=Fem|Number=Sing,26.0,compound:smixut,"(102, 108)",כדאיות,
28,כלכלית,ADJ,ADJ,Gender=Fem|Number=Sing,27.0,amod,"(109, 115)",כלכלי,
"(29, 32)",לחיזוקם,,,,,,"(116, 123)",,"[{'id': 29, 'text': 'ל', 'upos': 'ADP', 'xpos': 'ADP', 'head': 30, 'deprel': 'case', 'lemma': 'ל'}, {'id': 30, 'text': 'חיזוק_', 'upos': 'NOUN', 'xpos': 'NOUN', 'feats': 'Definite=Def|Gender=Masc|Number=Sing', 'head': 27, 'deprel': 'nmod', 'lemma': 'חיזוק'}, {'id': 31, 'text': '_של_', 'upos': 'ADP', 'xpos': 'ADP', 'head': 32, 'deprel': 'case:gen', 'lemma': 'של'}, {'id': 32, 'text': '_הם', 'upos': 'PRON', 'xpos': 'PRON', 'feats': 'Case=Gen|Gender=Masc|Number=Plur|Person=3|PronType=Prs', 'head': 30, 'deprel': 'nmod:poss', 'lemma': 'הוא'}]"
1,-,PUNCT,PUNCT,,3.0,punct,"(1, 2)",-,
"(2, 3)",כתוספת,,,,,,"(3, 9)",,"[{'id': 2, 'text': 'כ', 'upos': 'ADP', 'xpos': 'ADP', 'head': 3, 'deprel': 'case', 'lemma': 'כ'}, {'id': 3, 'text': 'תוספת', 'upos': 'NOUN', 'xpos': 'NOUN', 'feats': 'Gender=Fem|Number=Sing', 'head': 0, 'deprel': 'root', 'lemma': 'תוספת'}]"
"(4, 6)",לדירות,,,,,,"(10, 16)",,"[{'id': 4, 'text': 'ל', 'upos': 'ADP', 'xpos': 'ADP', 'head': 6, 'deprel': 'case', 'lemma': 'ל'}, {'id': 5, 'text': 'ה_', 'upos': 'DET', 'xpos': 'DET', 'feats': 'PronType=Art', 'head': 6, 'deprel': 'det:def', 'lemma': 'ה'}, {'id': 6, 'text': 'דירות', 'upos': 'NOUN', 'xpos': 'NOUN', 'feats': 'Gender=Fem|Number=Plur', 'head': 3, 'deprel': 'nmod', 'lemma': 'דירה'}]"
"(7, 9)",בקומה,,,,,,"(17, 22)",,"[{'id': 7, 'text': 'ב', 'upos': 'ADP', 'xpos': 'ADP', 'head': 9, 'deprel': 'case', 'lemma': 'ב'}, {'id': 8, 'text': 'ה_', 'upos': 'DET', 'xpos': 'DET', 'feats': 'PronType=Art', 'head': 9, 'deprel': 'det:def', 'lemma': 'ה'}, {'id': 9, 'text': 'קומה', 'upos': 'NOUN', 'xpos': 'NOUN', 'feats': 'Gender=Fem|Number=Sing', 'head': 6, 'deprel': 'nmod', 'lemma': 'קומה'}]"
"(10, 11)",העליונה,,,,,,"(23, 30)",,"[{'id': 10, 'text': 'ה', 'upos': 'DET', 'xpos': 'DET', 'feats': 'PronType=Art', 'head': 11, 'deprel': 'det:def', 'lemma': 'ה'}, {'id': 11, 'text': 'עליונה', 'upos': 'ADJ', 'xpos': 'ADJ', 'feats': 'Gender=Fem|Number=Sing', 'head': 9, 'deprel': 'amod', 'lemma': 'עליון'}]"
"(12, 13)",ולא,,,,,,"(31, 34)",,"[{'id': 12, 'text': 'ו', 'upos': 'CCONJ', 'xpos': 'CCONJ', 'head': 15, 'deprel': 'cc', 'lemma': 'ו'}, {'id': 13, 'text': 'לא', 'upos': 'ADV', 'xpos': 'ADV', 'feats': 'Polarity=Neg', 'head': 14, 'deprel': 'advmod', 'lemma': 'לא'}]"
"(14, 15)",כיחידות,,,,,,"(35, 42)",,"[{'id': 14, 'text': 'כ', 'upos': 'ADP', 'xpos': 'ADP', 'head': 15, 'deprel': 'case', 'lemma': 'כ'}, {'id': 15, 'text': 'יחידות', 'upos': 'NOUN', 'xpos': 'NOUN', 'feats': 'Definite=Cons|Gender=Fem|Number=Plur', 'head': 6, 'deprel': 'conj', 'lemma': 'יחידה'}]"
16,דיור,NOUN,NOUN,Gender=Masc|Number=Sing,15.0,compound:smixut,"(43, 47)",דיור,
17,נפרדות,ADJ,ADJ,Gender=Fem|Number=Plur,15.0,amod,"(48, 54)",נפרד,
1,-,PUNCT,PUNCT,,2.0,punct,"(1, 2)",-,
2,מחליף,VERB,VERB,"Gender=Masc|HebBinyan=HIFIL|Number=Sing|Person=1,2,3|VerbForm=Part|Voice=Act",0.0,root,"(3, 8)",החליף,
3,תכנית,NOUN,NOUN,Definite=Cons|Gender=Fem|Number=Sing,2.0,obj,"(9, 14)",תוכנית,
4,גגות,NOUN,NOUN,Gender=Masc|Number=Plur,3.0,compound:smixut,"(15, 19)",גג,
5,מקומית,ADJ,ADJ,Gender=Fem|Number=Sing,3.0,amod,"(20, 26)",מקומי,
1,"""",PUNCT,PUNCT,,2.0,punct,"(1, 2)","""",
2,שובים,VERB,VERB,"Gender=Masc|HebBinyan=PAAL|Number=Plur|Person=1,2,3|VerbForm=Part|Voice=Act",0.0,root,"(2, 7)",שב,
3,חלשים,ADJ,ADJ,Gender=Masc|Number=Plur,2.0,amod,"(8, 13)",חלש,
"(4, 5)",באזורי,,,,,,"(14, 20)",,"[{'id': 4, 'text': 'ב', 'upos': 'ADP', 'xpos': 'ADP', 'head': 5, 'deprel': 'case', 'lemma': 'ב'}, {'id': 5, 'text': 'אזורי', 'upos': 'NOUN', 'xpos': 'NOUN', 'feats': 'Definite=Cons|Gender=Masc|Number=Plur', 'head': 2, 'deprel': 'nmod', 'lemma': 'אזור'}]"
6,סיכון,NOUN,NOUN,Gender=Masc|Number=Sing,5.0,compound:smixut,"(21, 26)",סיכון,
7,■,PUNCT,PUNCT,,2.0,dep,"(27, 28)",■,
8,ישובים,NOUN,NOUN,Gender=Masc|Number=Plur,2.0,dep,"(29, 35)",יישוב,
9,חלשים,ADJ,ADJ,Gender=Masc|Number=Plur,8.0,amod,"(36, 41)",חלש,
10,יישובים,NOUN,NOUN,Gender=Masc|Number=Plur,8.0,nmod,"(42, 49)",יישוב,
"(11, 12)",שהוגדרו,,,,,,"(50, 57)",,"[{'id': 11, 'text': 'ש', 'upos': 'SCONJ', 'xpos': 'SCONJ', 'head': 12, 'deprel': 'mark', 'lemma': 'ש'}, {'id': 12, 'text': 'הוגדרו', 'upos': 'VERB', 'xpos': 'VERB', 'feats': 'Gender=Fem,Masc|HebBinyan=HUFAL|Number=Plur|Person=3|Tense=Past|Voice=Pass', 'head': 10, 'deprel': 'acl:relcl', 'lemma': 'הוגדר'}]"
13,על,ADP,ADP,,17.0,case,"(58, 60)",על,
14,-,PUNCT,PUNCT,,13.0,fixed,"(60, 61)",-,
15,ידי,NOUN,NOUN,Definite=Cons|Gender=Fem|Number=Plur,13.0,fixed,"(61, 64)",יד,
"(16, 17)",הלמ״ס,,,,,,"(65, 70)",,"[{'id': 16, 'text': 'ה', 'upos': 'DET', 'xpos': 'DET', 'feats': 'PronType=Art', 'head': 17, 'deprel': 'det:def', 'lemma': 'ה'}, {'id': 17, 'text': 'למלס', 'upos': 'PROPN', 'xpos': 'PROPN', 'head': 12, 'deprel': 'obl', 'lemma': 'למלס'}]"
"(18, 19)",באשכולות,,,,,,"(71, 79)",,"[{'id': 18, 'text': 'ב', 'upos': 'ADP', 'xpos': 'ADP', 'head': 19, 'deprel': 'case', 'lemma': 'ב'}, {'id': 19, 'text': 'אשכולות', 'upos': 'NOUN', 'xpos': 'NOUN', 'feats': 'Gender=Masc|Number=Plur', 'head': 12, 'deprel': 'obl', 'lemma': 'אשכולת'}]"
20,חברתיים,ADJ,ADJ,Gender=Masc|Number=Plur,19.0,amod,"(80, 87)",חברתי,
"(21, 22)",־כלכליים,,,,,,"(87, 95)",,"[{'id': 21, 'text': 'ל', 'upos': 'ADP', 'xpos': 'ADP', 'head': 22, 'deprel': 'case', 'lemma': 'ל'}, {'id': 22, 'text': 'כלכליים', 'upos': 'ADJ', 'xpos': 'ADJ', 'feats': 'Gender=Masc|Number=Plur', 'head': 19, 'deprel': 'nmod', 'lemma': 'כלכלי'}]"
23,1,NUM,NUM,HebSource=ConvUncertainHead,8.0,nummod,"(96, 97)",1,
24,-,PUNCT,PUNCT,HebSource=ConvUncertainHead,23.0,punct,"(97, 98)",-,
25,5,NUM,NUM,HebSource=ConvUncertainHead,23.0,nummod,"(98, 99)",5,
1,■,PUNCT,PUNCT,,2.0,punct,"(1, 2)",■,
2,אזורי,NOUN,NOUN,Definite=Cons|Gender=Masc|Number=Plur,0.0,root,"(3, 8)",אזור,
3,סיכון,NOUN,NOUN,Gender=Masc|Number=Sing,2.0,compound:smixut,"(9, 14)",סיכון,
4,אזורים,NOUN,NOUN,Gender=Masc|Number=Plur,2.0,nmod,"(15, 21)",אזור,
"(5, 6)",שהוגדרו,,,,,,"(22, 29)",,"[{'id': 5, 'text': 'ש', 'upos': 'SCONJ', 'xpos': 'SCONJ', 'head': 6, 'deprel': 'mark', 'lemma': 'ש'}, {'id': 6, 'text': 'הוגדרו', 'upos': 'VERB', 'xpos': 'VERB', 'feats': 'Gender=Fem,Masc|HebBinyan=HUFAL|Number=Plur|Person=3|Tense=Past|Voice=Pass', 'head': 4, 'deprel': 'acl:relcl', 'lemma': 'הוגדר'}]"
"(7, 8)",ברגישות,,,,,,"(30, 37)",,"[{'id': 7, 'text': 'ב', 'upos': 'ADP', 'xpos': 'ADP', 'head': 8, 'deprel': 'case', 'lemma': 'ב'}, {'id': 8, 'text': 'רגישות', 'upos': 'NOUN', 'xpos': 'NOUN', 'feats': 'Gender=Fem|Number=Sing', 'head': 6, 'deprel': 'obl', 'lemma': 'רגישות'}]"
9,ס״סמית,ADJ,ADJ,Gender=Fem|Number=Sing,8.0,amod,"(38, 44)",סססמי,
10,גבוהה,ADJ,ADJ,Gender=Fem|Number=Sing,8.0,amod,"(45, 50)",גבוה,
11,(,PUNCT,PUNCT,,13.0,punct,"(51, 52)",(,
12,מקדם,ADV,ADV,,13.0,compound:affix,"(52, 56)",מקדם,
13,רגישות,NOUN,NOUN,Gender=Fem|Number=Sing,8.0,appos,"(57, 63)",רגישות,
14,ס״סמית,ADJ,ADJ,Abbr=Yes,13.0,amod,"(64, 70)",סססמי,
15,גבוה,ADJ,ADJ,Gender=Masc|Number=Sing,13.0,amod,"(71, 75)",גבוה,
16,מ,ADP,ADP,,18.0,case,"(76, 77)",מ,
17,-,PUNCT,PUNCT,,18.0,punct,"(77, 78)",-,
18,0,NUM,NUM,,15.0,advmod,"(78, 79)",0,
1,125,NUM,NUM,,0.0,root,"(0, 3)",125,
2,),PUNCT,PUNCT,,1.0,punct,"(3, 4)",),
3,לפי,ADP,ADP,,4.0,case,"(5, 8)",לפי,
4,תקנות,NOUN,NOUN,Definite=Cons|Gender=Fem|Number=Plur,1.0,obl,"(9, 14)",תקנה,
5,תכנון,NOUN,NOUN,Gender=Masc|Number=Sing,4.0,compound:smixut,"(15, 20)",תכנון,
"(6, 8)",ובניה,,,,,,"(21, 26)",,"[{'id': 6, 'text': 'ו', 'upos': 'CCONJ', 'xpos': 'CCONJ', 'head': 8, 'deprel': 'cc', 'lemma': 'ו'}, {'id': 7, 'text': 'ב', 'upos': 'PROPN', 'xpos': 'PROPN', 'head': 5, 'deprel': 'conj', 'lemma': 'ב'}, {'id': 8, 'text': 'ניה', 'upos': 'NOUN', 'xpos': 'NOUN', 'feats': 'Gender=Masc|Number=Sing', 'head': 5, 'deprel': 'conj', 'lemma': 'ניה'}]"
9,(,PUNCT,PUNCT,,10.0,punct,"(27, 28)",(,
10,פטור,NOUN,NOUN,Gender=Masc|Number=Sing,4.0,appos,"(28, 32)",פטר,
"(11, 13)",מהיטל,,,,,,"(33, 38)",,"[{'id': 11, 'text': 'מ', 'upos': 'ADP', 'xpos': 'ADP', 'head': 13, 'deprel': 'case', 'lemma': 'מ'}, {'id': 12, 'text': 'ה', 'upos': 'DET', 'xpos': 'DET', 'feats': 'PronType=Art', 'head': 13, 'deprel': 'dep', 'lemma': 'ה'}, {'id': 13, 'text': 'יטל', 'upos': 'NOUN', 'xpos': 'NOUN', 'feats': 'Definite=Cons|Gender=Masc|Number=Sing', 'head': 10, 'deprel': 'nmod', 'lemma': 'יטל'}]"
14,השבחה,NOUN,NOUN,Gender=Fem|Number=Sing,13.0,compound:smixut,"(39, 44)",השבחה,
"(15, 16)",לעידוד,,,,,,"(45, 51)",,"[{'id': 15, 'text': 'ל', 'upos': 'ADP', 'xpos': 'ADP', 'head': 16, 'deprel': 'case', 'lemma': 'ל'}, {'id': 16, 'text': 'עידוד', 'upos': 'NOUN', 'xpos': 'NOUN', 'feats': 'Definite=Cons|Gender=Masc|Number=Sing', 'head': 13, 'deprel': 'nmod', 'lemma': 'עידוד'}]"
17,חיזוק,NOUN,NOUN,Definite=Cons|Gender=Masc|Number=Sing,16.0,compound:smixut,"(52, 57)",חיזוק,
18,מבנים,NOUN,NOUN,Gender=Masc|Number=Plur,17.0,compound:smixut,"(58, 63)",מבנה,
19,מפני,ADP,ADP,,20.0,case,"(64, 68)",מפני,
20,רעידות,NOUN,NOUN,Definite=Cons|Gender=Fem|Number=Plur,16.0,nmod,"(69, 75)",רעידה,
21,אדמה,NOUN,NOUN,Gender=Fem|Number=Sing,20.0,compound:smixut,"(76, 80)",אדמה,
22,),PUNCT,PUNCT,,10.0,punct,"(80, 81)",),
23,(,PUNCT,PUNCT,,24.0,punct,"(82, 83)",(,
24,הוראת,NOUN,NOUN,Definite=Cons|Gender=Fem|Number=Sing,4.0,appos,"(83, 88)",הוראה,
25,שעה,NOUN,NOUN,Gender=Fem|Number=Sing,24.0,compound:smixut,"(89, 92)",שעה,
26,),PUNCT,PUNCT,,24.0,punct,"(92, 93)",),
"(27, 28)","התשס""ט",,,,,,"(94, 100)",,"[{'id': 27, 'text': 'ה', 'upos': 'DET', 'xpos': 'DET', 'feats': 'PronType=Art', 'head': 24, 'deprel': 'det:def', 'lemma': 'ה'}, {'id': 28, 'text': 'תשס""ט', 'upos': 'PROPN', 'xpos': 'PROPN', 'feats': 'Abbr=Yes', 'head': 24, 'deprel': 'nmod', 'lemma': 'תשס""ט'}]"
29,2008,NUM,NUM,,28.0,nummod,"(101, 105)",2008,
