כותר,שם משפחה מחבר,שם פרטי מחבר,שנת פרסום,"מו""ל",מקום פרסום,מספר מערכת בקורפוס,מספר מילים,ראשית,סוג מסמך,קטגוריה,קורפוס
אגרגטים ממוחזרים כתחליפים לאגרגטים דקים בייצור בטון,קוליש,דניאל,2016,המכון הלאומי לחקר הבנייה,חיפה,1200000,16678,Born digital,research,המכון הלאומי לחקר הבנייה,IIA
אופטימיזציית הפסד-עלות מרובת מטרות לשדרוג סיסמי של מבנים באמצעות מרסנים ויסקוזיים,לבן,אורן,2019,המכון הלאומי לחקר הבנייה,חיפה,1200001,8532,Born digital,research,המכון הלאומי לחקר הבנייה,IIA
אופטימיזצית התכן של בטונים בעלי עבידות משופרת (בטון מצטופף מעצמו - SCC) לשיפור קיים ותפקוד ארוך טווח,וסרמן,רינה,2008,המכון הלאומי לחקר הבנייה,חיפה,1200002,9603,Born digital,research,המכון הלאומי לחקר הבנייה,IIA
אורך דיפוזיה של ראדון בחומרי איטום,קובלר,קונסטנטין,2012,המכון הלאומי לחקר הבנייה,חיפה,1200003,329,Born digital,"תקציר דו""ח מחקר",המכון הלאומי לחקר הבנייה,IIA
איתור הזדמנות לשילוב ואינטגרציה של ציוד  כלים,רוזנפלד,יחיאל,2007,המכון הלאומי לחקר הבנייה,חיפה,1200004,630,Born digital,"תקציר דו""ח מחקר",המכון הלאומי לחקר הבנייה,IIA
אנאליזה וחישוב של התפקוד התרמי והאנרגטי של גשרים תרמיים ופתרונותיהם בבנייה עם שלד מבטון,בקר,רות,2014,המכון הלאומי לחקר הבנייה,חיפה,1200005,22727,Born digital,research,המכון הלאומי לחקר הבנייה,IIA
אסטרטגיה למינוף תכנית תכנן ובנה לקידום תיעוש הבניה ואיכות החיים בישראל,רוזנפלד,יחיאל,2021,המכון הלאומי לחקר הבנייה,חיפה,1200006,35884,Born digital,research,המכון הלאומי לחקר הבנייה,IIA
בדיקה ניסויית של אמצעי שידרוג מחבר עמוד קורה התנהגות של חללים תת קרקעיים רדודים מדופנים בעמיסה דינמית – שלב ג',אנטיס,מרק,2007,המכון הלאומי לחקר הבנייה,חיפה,1200007,143,Born digital,"תקציר דו""ח מחקר",המכון הלאומי לחקר הבנייה,IIA
בחינה מחדש של קריטריוני התכן ואופן החישוב של שקיעות בקורות ותקרות מבטון מזוין,דנציגר,אברהם,2017,המכון הלאומי לחקר הבנייה,חיפה,1200008,15434,Born digital,research,המכון הלאומי לחקר הבנייה,IIA
בחינה של דרישות התקנים לתכולה מינימלית של צמנט להבטחת קיים של בטון מזוין,וסרמן,רינה,2007,המכון הלאומי לחקר הבנייה,חיפה,1200009,383,Born digital,"תקציר דו""ח מחקר",המכון הלאומי לחקר הבנייה,IIA
בחינת ההשפעה של מנהל פרויקט מטעם היזם על התוצאות של פרויקטי בנייה,רוזנפלד,יחיאל,2019,המכון הלאומי לחקר הבנייה,חיפה,1200010,24920,Born digital,research,המכון הלאומי לחקר הבנייה,IIA
בחינת השפעת איכות האבן על תכונות בטון,כץ,אמנון,2021,המכון הלאומי לחקר הבנייה,חיפה,1200011,561,Born digital,"תקציר דו""ח מחקר",המכון הלאומי לחקר הבנייה,IIA
בחינת תרומה של ספיני קירות בני לצמצום הסכנה להתמוטטות בשרשרת של בנייני קומות הכוללים שלד מסגרתי מבטון מזויין שלב א',שוורץ, סטפן,2014,המכון הלאומי לחקר הבנייה,חיפה,1200012,514,Born digital,"תקציר דו""ח מחקר",המכון הלאומי לחקר הבנייה,IIA
בטון בעל משיכות משופרת המכיל תוצרי מחזור צמיגי ליישום במעקות בטיחות לכבישים,ורסמן,רינה,2012,המכון הלאומי לחקר הבנייה,חיפה,1200013,281,Born digital,"תקציר דו""ח מחקר",המכון הלאומי לחקר הבנייה,IIA
בטון בעל תכונות מעולות (HPC) שילוב אגרגט גס וסוגי סיבים שונים והשפעתם על תכונות הבטון הקשוי והטרי,אגרנטי,גלית,2018,המכון הלאומי לחקר הבנייה,חיפה,1200014,619,Born digital,"תקציר דו""ח מחקר",המכון הלאומי לחקר הבנייה,IIA
"בטונים בעלי חוזק גבוה שלב א', חלק ב', תכונות בטונים מאגרגטים מקומיים",כץ,אמנון,2007,המכון הלאומי לחקר הבנייה,חיפה,1200015,563,Born digital,"תקציר דו""ח מחקר",המכון הלאומי לחקר הבנייה,IIA
בלייה של בטון מזויין בתנאי גשם חומצי וקרינת UV בישראל,בנטור,אמנון,2009,המכון הלאומי לחקר הבנייה,חיפה,1200016,6988,Born digital,research,המכון הלאומי לחקר הבנייה,IIA
בעיות גז ראדון – 222 בנייה למגורים,קובלר,קונסטנטין,2002,המכון הלאומי לחקר הבנייה,חיפה,1200017,435,Born digital,"תקציר דו""ח מחקר",המכון הלאומי לחקר הבנייה,IIA
"גורמים טכנולוגיים המשפיעים על חוזק החיבור של חיפוי חוץ קשיח, שלב ב'",ורסמן,רינה,2012,המכון הלאומי לחקר הבנייה,חיפה,1200018,16749,Born digital,research,המכון הלאומי לחקר הבנייה,IIA
גישה ישירה לתכן סייסמי מבוסס הזזות של בניינים בהתחשב בצורות תנודה רבות,לבן,אורן,2013,המכון הלאומי לחקר הבנייה,חיפה,1200019,7814,Born digital,research,המכון הלאומי לחקר הבנייה,IIA
גישה משולבת להארכת מחזור החיים של מבנים מבטון מזוין,קובלר,קונסטנטין,2021,המכון הלאומי לחקר הבנייה,חיפה,1200020,5711,Born digital,research,המכון הלאומי לחקר הבנייה,IIA
הגורמים המשפיעים על בחירת טפסות וציוד עיקרי אחר בהקמת בניינים רבי קומות,שפירא,אביעד,2013,המכון הלאומי לחקר הבנייה,חיפה,1200021,790,Born digital,"תקציר דו""ח מחקר",המכון הלאומי לחקר הבנייה,IIA
ההתנהגות המכנית של לוחות זכוכית,ינקלבסקי,דוד,2017,המכון הלאומי לחקר הבנייה,חיפה,1200022,4266,Born digital,research,המכון הלאומי לחקר הבנייה,IIA
"היבטים כלכליים הנדסיים של צמצום הנזק לתשתית הבנייה ברעידות אדמה, שלב א'",שוורץ, סטפן,2014,המכון הלאומי לחקר הבנייה,חיפה,1200023,377,Born digital,"תקציר דו""ח מחקר",המכון הלאומי לחקר הבנייה,IIA
היבטים של קורוזיה במבני בטון מזויין והשפעתם על בטיחות המבנים (שלב ב'),ול,דמיטרי,2006,המכון הלאומי לחקר הבנייה,חיפה,1200024,515,Born digital,"תקציר דו""ח מחקר",המכון הלאומי לחקר הבנייה,IIA
"הכנת תרחישי נזק ריאליים ונתונים לקבלת החלטות באירועי רעידת אדמה חזקה, שלב א' – חלק 1",ינקלבסקי,דוד,2009,המכון הלאומי לחקר הבנייה,חיפה,1200025,922,Born digital,"תקציר דו""ח מחקר",המכון הלאומי לחקר הבנייה,IIA
הכשרת עובדים לבטיחות בבנייה באמצעות מציאות מדומה,זקס,רפאל,2012,המכון הלאומי לחקר הבנייה,חיפה,1200026,558,Born digital,"תקציר דו""ח מחקר",המכון הלאומי לחקר הבנייה,IIA
הנצלה של שארית צמנט פעיל בפסולת בנייה לשימוש נוסף בבטון חדש,קוליש,דניאל,2022,המכון הלאומי לחקר הבנייה,חיפה,1200027,21523,Born digital,research,המכון הלאומי לחקר הבנייה,IIA
הערכה משולבת של תגובות אתר וסיכוני התנזלות בזמן רעידות אדמה בעמק זבולון,פרידמן,סם,2013,המכון הלאומי לחקר הבנייה,חיפה,1200028,373,Born digital,"תקציר דו""ח מחקר",המכון הלאומי לחקר הבנייה,IIA
הערכת הכדאיות הכלכלית של שילוב טכנולוגיות מקדמות בתכן סיסמי של מבנים חדשים באמצעות אופטימיזציה,לבן,אורן,2021,המכון הלאומי לחקר הבנייה,חיפה,1200029,7927,Born digital,research,המכון הלאומי לחקר הבנייה,IIA
הערכת הנזק שנגרם לאלמנטי מבנה מגורים טיפוסי מפיצוץ פנימי – שלב א',ינקלבסקי,דוד,2009,המכון הלאומי לחקר הבנייה,חיפה,1200030,345,Born digital,"תקציר דו""ח מחקר",המכון הלאומי לחקר הבנייה,IIA
הערכת נזקי רעידות אדמה לבניינים באמצעות מודל בניין ממוחשב וסריקות לייזר,זקס,רפאל,2014,המכון הלאומי לחקר הבנייה,חיפה,1200031,746,Born digital,"תקציר דו""ח מחקר",המכון הלאומי לחקר הבנייה,IIA
הפחתת משקל של תקרות דרוכות באמצעות תכן אופטימלי של מיקומי העמודים ופריסת כבלי הדריכה,זליקמן,יעקב,2022,המכון הלאומי לחקר הבנייה,חיפה,1200032,16847,Born digital,research,המכון הלאומי לחקר הבנייה,IIA
השפעה של תכולת דקים על תערובת בטון,באום,הדסה,2006,המכון הלאומי לחקר הבנייה,חיפה,1200033,1008,Born digital,"תקציר דו""ח מחקר",המכון הלאומי לחקר הבנייה,IIA
השפעת גלי הלם הנוצרים בפיצוץ פנימי בתוך מנהרת תשתית על פני קרקע ועל מנהרות סמוכות,פלדגון,ולדימיר,2013,המכון הלאומי לחקר הבנייה,חיפה,1200034,151,Born digital,"תקציר דו""ח מחקר",המכון הלאומי לחקר הבנייה,IIA
השפעת גלי צונאמי על בניינים ומתקנים,קרינסקי,יורי,2014,המכון הלאומי לחקר הבנייה,חיפה,1200035,290,Born digital,"תקציר דו""ח מחקר",המכון הלאומי לחקר הבנייה,IIA
השפעת האשפרה על בלייה של בטון עם אפר פחם בתנאי גשם חומצי וקרינת UV בישראל,וסרמן,רינה,2012,המכון הלאומי לחקר הבנייה,חיפה,1200036,5329,Born digital,research,המכון הלאומי לחקר הבנייה,IIA
השפעת העיסה הצמנטית הישנה על תכונות בטון מאגרגט ממוחזר,מנדלבוים,ליעד,2019,המכון הלאומי לחקר הבנייה,חיפה,1200037,540,Born digital,"תקציר דו""ח מחקר",המכון הלאומי לחקר הבנייה,IIA
השפעת מנהור על תשתיות קבורות בסביבה עירונית,קלר,אסף,2019,המכון הלאומי לחקר הבנייה,חיפה,1200038,204,Born digital,"תקציר דו""ח מחקר",המכון הלאומי לחקר הבנייה,IIA
השפעת תכולת דקים בחול על תכונות מלטים לטיח,באום,הדסה,2008,המכון הלאומי לחקר הבנייה,חיפה,1200039,1240,Born digital,"תקציר דו""ח מחקר",המכון הלאומי לחקר הבנייה,IIA
התנגדות של מישקי טיט בקירות בלוק בטון הנתונים לעמיסה של כוחות אופקיים - שלב א',יאגוסט,ולדימיר,2010,המכון הלאומי לחקר הבנייה,חיפה,1200040,9706,Born digital,research,המכון הלאומי לחקר הבנייה,IIA
התנהגות סטטית בכפיפה של קורות מבטון עם מנת זיון נמוכה ועם סיבי פלדה,דנציגר,אברהם,2013,המכון הלאומי לחקר הבנייה,חיפה,1200041,5994,Born digital,research,המכון הלאומי לחקר הבנייה,IIA
התנהגות סיסמית של מנהרה מדופנת והשפעתה על פני קרקע,פלדגון,ולדימיר,2014,המכון הלאומי לחקר הבנייה,חיפה,1200042,424,Born digital,"תקציר דו""ח מחקר",המכון הלאומי לחקר הבנייה,IIA
התנהגות סיסמית של מנהרת תשתית,ינקלבסקי,דוד,2016,המכון הלאומי לחקר הבנייה,חיפה,1200043,4230,Born digital,research,המכון הלאומי לחקר הבנייה,IIA
התנהגות קירות גזירה מבטון מזוין - שלב א',אבוטבול,א,2008,המכון הלאומי לחקר הבנייה,חיפה,1200044,21809,Born digital,research,המכון הלאומי לחקר הבנייה,IIA
התנהגות של חללים תת-קרקעיים רדודים מדופנים בעמיסה דינמית,אנטיס,מרק,2007,המכון הלאומי לחקר הבנייה,חיפה,1200045,494,Born digital,"תקציר דו""ח מחקר",המכון הלאומי לחקר הבנייה,IIA
"התנהגות של חללים תת-קרקעיים רדודים מדופנים בעמיסה דינמית, שלב ב'",אנטיס,מרק,2007,המכון הלאומי לחקר הבנייה,חיפה,1200046,197,Born digital,"תקציר דו""ח מחקר",המכון הלאומי לחקר הבנייה,IIA
"התנהגות של חללים תת-קרקעיים רדודים מדופנים בעמיסה דינמית, שלב ד'",אנטיס,מרק,2010,המכון הלאומי לחקר הבנייה,חיפה,1200047,193,Born digital,"תקציר דו""ח מחקר",המכון הלאומי לחקר הבנייה,IIA
התנהגות של מנהרה מדופנת בעמיסה סייסמית,אנטיס,מרק,2012,המכון הלאומי לחקר הבנייה,חיפה,1200048,176,Born digital,"תקציר דו""ח מחקר",המכון הלאומי לחקר הבנייה,IIA
"התנהגות של מנהרה מדופנת בעמיסה סייסמית, שלב ג'",אנטיס,מרק,2012,המכון הלאומי לחקר הבנייה,חיפה,1200049,267,Born digital,"תקציר דו""ח מחקר",המכון הלאומי לחקר הבנייה,IIA
"התנהגות של מנהרה תת קרקעית בהשפעת פיצוץ,  שלב ב'",פלדגון,ולדימיר,2009,המכון הלאומי לחקר הבנייה,חיפה,1200050,213,Born digital,"תקציר דו""ח מחקר",המכון הלאומי לחקר הבנייה,IIA
"התנזלות, קשיחות וריסון בחול ישראלי ברעידת אדמה",טלסניק,מרק,2009,המכון הלאומי לחקר הבנייה,חיפה,1200051,17380,Born digital,research,המכון הלאומי לחקר הבנייה,IIA
זיהוי וניתוח של גורמים שורשיים לליקויי בנייה בביצוע של פרוייקטי מגורים,רוזנפלד,יחיאל,2007,המכון הלאומי לחקר הבנייה,חיפה,1200052,637,Born digital,"תקציר דו""ח מחקר",המכון הלאומי לחקר הבנייה,IIA
זיהוי נזקים במסגרות מרחביות תוך התבססות על מדידות דינמיות גלובאליות,גולדפלד,יסכה,2009,המכון הלאומי לחקר הבנייה,חיפה,1200053,326,Born digital,"תקציר דו""ח מחקר",המכון הלאומי לחקר הבנייה,IIA
זרימת מידע תהליכי באתר והשפעתה על זרימת העבודה של צוותי ביצוע,זקס,רפאל,2016,המכון הלאומי לחקר הבנייה,חיפה,1200054,15448,Born digital,research,המכון הלאומי לחקר הבנייה,IIA
חיזוי אמין של לחצי תפיחה ותפיחה חופשית בקרקע חרסיתית בקנה מידה המתאים לשדה,טלסניק,מרק,2022,המכון הלאומי לחקר הבנייה,חיפה,1200055,3591,Born digital,research,המכון הלאומי לחקר הבנייה,IIA
חיזוי עומס המגע על מבנה טמון – המשך המחקר הניסויי,טלסניק,מרק,2006,המכון הלאומי לחקר הבנייה,חיפה,1200057,611,Born digital,"תקציר דו""ח מחקר",המכון הלאומי לחקר הבנייה,IIA
חקירת מכניזם ההתנהגות של קירות מקרקע משוריינת,טלסניק,מרק,2018,המכון הלאומי לחקר הבנייה,חיפה,1200058,446,Born digital,"תקציר דו""ח מחקר",המכון הלאומי לחקר הבנייה,IIA
חקירת תגובת הקרקע להעמסה מחזורית באמצעות מדידה ישירה של מאמץ גזירה בתוך הקרקע,עומר,איתמר,2022,המכון הלאומי לחקר הבנייה,חיפה,1200059,4063,Born digital,research,המכון הלאומי לחקר הבנייה,IIA
חקירת תגובת קרקעות לעומס סטטי ומחזורי באמצעות חיישני מאמץ ועיבור,דולב,נעה,2021,המכון הלאומי לחקר הבנייה,חיפה,1200060,16704,Born digital,research,המכון הלאומי לחקר הבנייה,IIA
חקירת תכונות צמנט רב מרכיבי,כץ,אמנון,2007,המכון הלאומי לחקר הבנייה,חיפה,1200061,800,Born digital,"תקציר דו""ח מחקר",המכון הלאומי לחקר הבנייה,IIA
"טכנולוגיות לניהול ובקרת חומרים, כ""א וצמ""ה בפרוייקטי בנייה",נבון,רוני,2005,המכון הלאומי לחקר הבנייה,חיפה,1200062,743,Born digital,"תקציר דו""ח מחקר",המכון הלאומי לחקר הבנייה,IIA
יישום מתקדם של שיטות Lean Construction בהקמת בנייני מגורים,זקס,רפאל,2019,המכון הלאומי לחקר הבנייה,חיפה,1200063,1498,Born digital,"תקציר דו""ח מחקר",המכון הלאומי לחקר הבנייה,IIA
כימות התכונות המכניות – מבניות של קירות דֶבֶּש לצורך הערכת עמידותם הסיסמית,ג'בר,גאלי,2019,המכון הלאומי לחקר הבנייה,חיפה,1200064,17999,Born digital,research,המכון הלאומי לחקר הבנייה,IIA
כשל חומרים צמנטיים לאחר יישומם באתר הבנייה בתנאים רטובים,ז'וטובסקי,סמיון,2014,המכון הלאומי לחקר הבנייה,חיפה,1200065,147,Born digital,"תקציר דו""ח מחקר",המכון הלאומי לחקר הבנייה,IIA
לקראת תקן ישראלי לניהול פרויקטי בניה - נייר עמדה,רוזנפלד,יחיאל,?,המכון הלאומי לחקר הבנייה,חיפה,1200066,2079,Born digital,נייר עמדה,המכון הלאומי לחקר הבנייה,IIA
מדיניות לאומית בתחום הבינוי ,בנטור,אמנון,?,המכון הלאומי לחקר הבנייה,חיפה,1200067,6549,Born digital,"דו""ח מחקר",המכון הלאומי לחקר הבנייה,IIA
מודל אינטגרטיבי ליישום הפוטנציאל הקיים של האבן הטבעית בישראל בבנייה ידידותית לסביבה,זינגרמן,ס,2008,המכון הלאומי לחקר הבנייה,חיפה,1200068,294,Born digital,"תקציר דו""ח מחקר",המכון הלאומי לחקר הבנייה,IIA
מחזור פסולת בטון לצרכי ייצור קלינקר של צמנט פורטלנד,ז'וטובסקי,סמיון,2020,המכון הלאומי לחקר הבנייה,חיפה,1200069,166,Born digital,"תקציר דו""ח מחקר",המכון הלאומי לחקר הבנייה,IIA
"מחזור פסולת בטון לצרכי ייצור קלינקר של צמנט פורטלנד, שלב ב'",ז'וטובסקי,סמיון,2021,המכון הלאומי לחקר הבנייה,חיפה,1200070,5254,Born digital,research,המכון הלאומי לחקר הבנייה,IIA
מחיצות קלות בבנייני מגורים - חיזוי חיי השירות ועלויות מחזור החיים במטרה לקבוע את תרומתן בתהליכי תיעוש הבנייה,שוחט,"י""מ",2005,המכון הלאומי לחקר הבנייה,חיפה,1200071,734,Born digital,"תקציר דו""ח מחקר",המכון הלאומי לחקר הבנייה,IIA
מידול התקדמות הכשל במבני בטון תחת נגיפה במהירויות גבוהות,וולך,קונסטנטין,2009,המכון הלאומי לחקר הבנייה,חיפה,1200072,225,Born digital,"תקציר דו""ח מחקר",המכון הלאומי לחקר הבנייה,IIA
מידול של התפשטות כשל מבני בטון מזויין עקב אימפקט במהירות גבוהה,וולך,קונסטנטין,2010,המכון הלאומי לחקר הבנייה,חיפה,1200073,219,Born digital,"תקציר דו""ח מחקר",המכון הלאומי לחקר הבנייה,IIA
מכניזם ההידבקות והעיגון של מוט זיון בבטון עם אגרגטים ממוחזרים מבטון מפסולת בנייה,ינקלבסקי,דוד,2021,המכון הלאומי לחקר הבנייה,חיפה,1200074,18265,Born digital,research,המכון הלאומי לחקר הבנייה,IIA
מנגנוני כשל קילוף במערכות אריחים מודבקים,פלדפוגל,שי,2020,המכון הלאומי לחקר הבנייה,חיפה,1200075,17113,Born digital,research,המכון הלאומי לחקר הבנייה,IIA
מרכיב כוח האדם בטכנולוגיות בנייה שונות,רוזנפלד,יחיאל,2007,המכון הלאומי לחקר הבנייה,חיפה,1200076,799,Born digital,"תקציר דו""ח מחקר",המכון הלאומי לחקר הבנייה,IIA
"ניתוח התנהגות של חללים תת קרקעיים מדופנים ברעידות אדמה, שלב ה'",קרינסקי,יורי,2005,המכון הלאומי לחקר הבנייה,חיפה,1200077,264,Born digital,"תקציר דו""ח מחקר",המכון הלאומי לחקר הבנייה,IIA
ננו- ומיקרו מתקנים לניטור מבני תחבורה ופיתוח בטונים חכמים ואינטראקטיביים,קובלר,קונסטנטין,2007,המכון הלאומי לחקר הבנייה,חיפה,1200078,375,Born digital,"תקציר דו""ח מחקר",המכון הלאומי לחקר הבנייה,IIA
סקר לאומי על רדיואקטיביות טבעית בבטון (2012 – 2014),קובלר,קונסטנטין,2014,המכון הלאומי לחקר הבנייה,חיפה,1200079,320,Born digital,"תקציר דו""ח מחקר",המכון הלאומי לחקר הבנייה,IIA
"סקר על ראדון אקטיבית טבעית בבטון, שלב א'",קובלר,קונסטנטין,2012,המכון הלאומי לחקר הבנייה,חיפה,1200080,274,Born digital,"תקציר דו""ח מחקר",המכון הלאומי לחקר הבנייה,IIA
"סקר על רדיואקטיביות טבעית בבטון, שלב ב'",שפירא,אביעד,2013,המכון הלאומי לחקר הבנייה,חיפה,1200081,790,Born digital,"תקציר דו""ח מחקר",המכון הלאומי לחקר הבנייה,IIA
"עדכון הנחיות לתכן מבנים מבטון מזוין בת""י 413 (תכן עמידות מבנים ברעידות אדמה) לקראת העברתם לת""י 466 – חוקת הבטון",פיזנטי,אברהם,2009,המכון הלאומי לחקר הבנייה,חיפה,1200082,832,Born digital,"תקציר דו""ח מחקר",המכון הלאומי לחקר הבנייה,IIA
"עומסים תרמיים בגשרים, שלב א': גשרי טבלה וגשרי קורות מבטון",בקר,רחל,2008,המכון הלאומי לחקר הבנייה,חיפה,1200083,278,Born digital,"תקציר דו""ח מחקר",המכון הלאומי לחקר הבנייה,IIA
"עומסים תרמיים בגשרים, שלב ב': גשרי ארגז וגשרי קורות תעלה",בקר,רחל,2010,המכון הלאומי לחקר הבנייה,חיפה,1200084,339,Born digital,"תקציר דו""ח מחקר",המכון הלאומי לחקר הבנייה,IIA
עמידות בעומסים אופקיים של מסגרות בטון מזוין הכוללים מילוי של ספיני קירות בני,שוורץ,סטפן,2011,המכון הלאומי לחקר הבנייה,חיפה,1200085,27676,Born digital,research,המכון הלאומי לחקר הבנייה,IIA
עמידות משופרת בעומס אימפקט של קירות מגן דו-שכבתיים מבטון,בנאמו,דויד,2012,המכון הלאומי לחקר הבנייה,חיפה,1200086,5953,Born digital,research,המכון הלאומי לחקר הבנייה,IIA
פוטנציאל לשיפור הפיריון בבניה באמצעות תיעוש לפי עקרונות LEAN,זקס,רפאל,2008,המכון הלאומי לחקר הבנייה,חיפה,1200087,1826,Born digital,"תקציר דו""ח מחקר",המכון הלאומי לחקר הבנייה,IIA
פיתוח אלמנטים נבונים מצמנט מגנזיום פוספט (פוסמנט) משוריין בטקסטיל בעלי יכולות מבניות ויכולת חישה מתקדמות,גולדפלד,יסכה,2022,המכון הלאומי לחקר הבנייה,חיפה,1200088,13871,Born digital,research,המכון הלאומי לחקר הבנייה,IIA
פיתוח אריחי חיפוי למעטפת בניין המבוססים על גאומטריות מורכבות,גרובמן,יעקב (יאשה),2018,המכון הלאומי לחקר הבנייה,חיפה,1200089,634,Born digital,"תקציר דו""ח מחקר",המכון הלאומי לחקר הבנייה,IIA
פיתוח בטונים בעלי משיכות גבוהה להתנהגות דינמית משופרת,ירדימצ'י,מרט,2009,המכון הלאומי לחקר הבנייה,חיפה,1200090,5522,Born digital,research,המכון הלאומי לחקר הבנייה,IIA
פיתוח בסיס נתונים ליישום עקרונות ובנייה מודעי אנרגיה בבנייני חינוך,בקר ,רחל,2007,המכון הלאומי לחקר הבנייה,חיפה,1200091,306,Born digital,,המכון הלאומי לחקר הבנייה,IIA
פיתוח והקמה של מערכת ניסוי לבדיקת תיפקוד של קירות חוץ  - בדיקת חדירת אויר ומים דרך מישקים יבשים בבנייה,בקר,רחל,2007,המכון הלאומי לחקר הבנייה,חיפה,1200092,294,Born digital,"תקציר דו""ח מחקר",המכון הלאומי לחקר הבנייה,IIA
"פיתוח חומרים צמנטיים ידידותיים לסביבה על ידי מחזור פסולות תעשייתיות, שלב א'",סבח,אדם,2022,המכון הלאומי לחקר הבנייה,חיפה,1200093,252,Born digital,"תקציר דו""ח מחקר",המכון הלאומי לחקר הבנייה,IIA
"פיתוח מדדים כמותיים להערכת הסיכון הבטיחותי באתרי עם עגרוני צריח, שלב ג': פיתוח סקלות סיכון, אינטגרציה, ויישום המודל",שפירא,אביעד,2009,המכון הלאומי לחקר הבנייה,חיפה,1200094,758,Born digital,"תקציר דו""ח מחקר",המכון הלאומי לחקר הבנייה,IIA
פיתוח מודל מבני-חשמלי לקורות בטון משוריינות בטקסטיל נבון,גולדפלד,יסכה,2019,המכון הלאומי לחקר הבנייה,חיפה,1200095,14818,Born digital,research,המכון הלאומי לחקר הבנייה,IIA
פיתוח מערכת חדשנית לבקרת ציוד בפרויקטי סלילת כבישים,נבון,רוני,2007,המכון הלאומי לחקר הבנייה,חיפה,1200096,842,Born digital,"תקציר דו""ח מחקר",המכון הלאומי לחקר הבנייה,IIA
פיתוח מערכת תשתית תת קרקעית נבונה באמצעות שילוב טכנולוגיות חדשות של מטריצת מגנזיום פוספט (פוסמנט) ושריון מארג אגדי סיבי פחמן,גולדפלד,יסכה,2022,המכון הלאומי לחקר הבנייה,חיפה,1200097,390,Born digital,"תקציר דו""ח מחקר",המכון הלאומי לחקר הבנייה,IIA
פיתוח שיטה לא הרסנית למעקב אחר האשפרה של גשרים מבטון,ורסמן,רינה,2010,המכון הלאומי לחקר הבנייה,חיפה,1200098,404,Born digital,"תקציר דו""ח מחקר",המכון הלאומי לחקר הבנייה,IIA
פיתוח תהליך סיסטתי ומודל פרקטי לבחירת ציוד בפרוייקטי בנייה,שפירא,אביעד,2005,המכון הלאומי לחקר הבנייה,חיפה,1200099,412,Born digital,"תקציר דו""ח מחקר",המכון הלאומי לחקר הבנייה,IIA
קביעת פרמטרים לתכנון כלונסאות בישראל על בסיס תוצאות ניסויי העמסה,קורייאת,יוסף,2021,המכון הלאומי לחקר הבנייה,חיפה,1200100,19199,Born digital,research,המכון הלאומי לחקר הבנייה,IIA
קירות בני מחוזקים לכפיפה חד כיוונית מחוץ למישור באמצעות חומרים מרוכבים – צורת כשל,רבינוביץ',עודד,2007,המכון הלאומי לחקר הבנייה,חיפה,1200101,711,Born digital,"תקציר דו""ח מחקר",המכון הלאומי לחקר הבנייה,IIA
קירות קרקע משוריינת - הכללת אספקטים מתקדמים לתכן רציונלי,נורמנד,איתן,2010,המכון הלאומי לחקר הבנייה,חיפה,1200102,1316,Born digital,"תקציר דו""ח מחקר",המכון הלאומי לחקר הבנייה,IIA
קר-חם: מודל חישובי פשוט להערכה כוללת של צריכת האנרגיה בבניינים מאוקלמים,חסיד,שמואל,2007,המכון הלאומי לחקר הבנייה,חיפה,1200103,297,Born digital,"תקציר דו""ח מחקר",המכון הלאומי לחקר הבנייה,IIA
קריטריונים לאיכות כיסוי הבטון ושיטות בדיקה,ורסמן,רינה,2007,המכון הלאומי לחקר הבנייה,חיפה,1200104,226,Born digital,"תקציר דו""ח מחקר",המכון הלאומי לחקר הבנייה,IIA
קריטריונים לקביעת יעילות של אשפרת משטחי בטון בחומרי אשפרה מותזים בתנאי אקלים חם ויבש,ורסמן,רינה,2010,המכון הלאומי לחקר הבנייה,חיפה,1200105,4127,Born digital,research,המכון הלאומי לחקר הבנייה,IIA
קרינת גמא בבנייני מגורים בישראל,קובלר,קונסטנטין,2011,המכון הלאומי לחקר הבנייה,חיפה,1200106,13691,Born digital,research,המכון הלאומי לחקר הבנייה,IIA
רגישות לסדיקה של בטונים,קובלר,קונסטנטין,2007,המכון הלאומי לחקר הבנייה,חיפה,1200107,324,Born digital,"תקציר דו""ח מחקר",המכון הלאומי לחקר הבנייה,IIA
רגישות לסדיקה של בטונים שלב ב',קובלר,קונסטנטין,2010,המכון הלאומי לחקר הבנייה,חיפה,1200108,6216,Born digital,research,המכון הלאומי לחקר הבנייה,IIA
שדרוג הגנה של מבנה טמון להשפעת פיצוץ קרוב באמצעות מערכת מכשולים היקפית,פלדגון,ולדימיר,2009,המכון הלאומי לחקר הבנייה,חיפה,1200109,248,Born digital,"תקציר דו""ח מחקר",המכון הלאומי לחקר הבנייה,IIA
שדרוג מיטבי של מבנים לעמיסה סייסמית לרמת תפקוד רצויה באמצעות בקרה פסיבית,לוי,רוברט,2009,המכון הלאומי לחקר הבנייה,חיפה,1200110,605,Born digital,"תקציר דו""ח מחקר",המכון הלאומי לחקר הבנייה,IIA
"שדרוג סייסמי של בנייני קומות קיימים בעלי שלד בטון מזויין באמצעות רכיבי פלדה מעוגנים, שלב' ב': בדיקה ניסויית של אמצעי שידרוג מחבר עמוד-קורה",שוורץ,סטפן,2009,המכון הלאומי לחקר הבנייה,חיפה,1200111,1159,Born digital,"תקציר דו""ח מחקר",המכון הלאומי לחקר הבנייה,IIA
שדרוג סייסמי של מבני קירות באמצעות מרסנים ויסקוזיים בקומות בודדות,לבן,אורן,2014,המכון הלאומי לחקר הבנייה,חיפה,1200112,311,Born digital,"תקציר דו""ח מחקר",המכון הלאומי לחקר הבנייה,IIA
שידרוג קירות מבטון מזוין בפני עומסי אימפקט וחיזוי תגובתם הדינמית בעזרת השימוש בשיטת האלמנטים הסופיים והבדידים,ג'בארין,מחמוד,2020,המכון הלאומי לחקר הבנייה,חיפה,1200113,303,Born digital,"תקציר דו""ח מחקר",המכון הלאומי לחקר הבנייה,IIA
"שיטה ""רזה"" דינאמית וכמותית לתכנון פעולות להגברת הבטיחות בבנייה",זקס,רפאל,2007,המכון הלאומי לחקר הבנייה,חיפה,1200114,591,Born digital,"תקציר דו""ח מחקר",המכון הלאומי לחקר הבנייה,IIA
שיטה נומרית לשחזור אקסלרוגרמה בפן ביניים סלע-קרקע לפי אות תאוצה בפני הקרקע,ינקלבסקי,דוד,2015,המכון הלאומי לחקר הבנייה,חיפה,1200115,323,Born digital,"תקציר דו""ח מחקר",המכון הלאומי לחקר הבנייה,IIA
שיטות לא הרסניות לזיהוי ואפיון נזקים של מבנים,גולדפלד,יסכה,2006,המכון הלאומי לחקר הבנייה,חיפה,1200116,312,Born digital,"תקציר דו""ח מחקר",המכון הלאומי לחקר הבנייה,IIA
שיטת Lean Construction לפרויקטים של תשתיות ופיתוח,זקס,רפאל,2020,המכון הלאומי לחקר הבנייה,חיפה,1200117,19336,Born digital,research,המכון הלאומי לחקר הבנייה,IIA
שילוב רכיבים טרומיים בבנייה למגורים פתרונות טכנולוגיים והכדאיות הכלכלית,רוזנפלד,יחיאל,2006,המכון הלאומי לחקר הבנייה,חיפה,1200118,1068,Born digital,"תקציר דו""ח מחקר",המכון הלאומי לחקר הבנייה,IIA
"שימוש באגרגטים בעלי תכולת חרסית גבוהה לייצור בטון, שלב א'",לריאנובסקי,פבל,2015,המכון הלאומי לחקר הבנייה,חיפה,1200119,10788,Born digital,research,המכון הלאומי לחקר הבנייה,IIA
"שימוש באגרגטים בעלי תכולת חרסית גבוהה לייצור בטון, שלב ב': ניסויים לאימות המודל",דנציגר,אברהם,2018,המכון הלאומי לחקר הבנייה,חיפה,1200120,673,Born digital,"דו""ח מחקר",המכון הלאומי לחקר הבנייה,IIA
שימוש בחומרים אינרטיים ממוחזרים לבנייה,באום,הדסה,2005,המכון הלאומי לחקר הבנייה,חיפה,1200121,666,Born digital,"תקציר דו""ח מחקר",המכון הלאומי לחקר הבנייה,IIA
שימוש במרכיבים טרומיים לבנייה מוגנת - (מרחבים מוגנים) - שלב ב',ינקלבסקי,דוד,2008,המכון הלאומי לחקר הבנייה,חיפה,1200122,16225,Born digital,research,המכון הלאומי לחקר הבנייה,IIA
שימוש ברכיבים טרומיים לבנייה מוגנת (מרחבים מוגנים): שיקולים וניסויים ראשוניים,ינקלבסקי,דוד,2005,המכון הלאומי לחקר הבנייה,חיפה,1200123,579,Born digital,"תקציר דו""ח מחקר",המכון הלאומי לחקר הבנייה,IIA
"שימוש בשיטת חישוב ללא רשת לבחינת התנהגות חללים תת קרקעיים בתווך סלע, שלב א'",אנטיס,מרק,2008,המכון הלאומי לחקר הבנייה,חיפה,1200124,249,Born digital,"תקציר דו""ח מחקר",המכון הלאומי לחקר הבנייה,IIA
"שימוש בשיטת חישוב ללא רשת לבחינת התנהגות חללים תת קרקעיים בתוך סלע, שלב ב'",אנטיס,מרק,2010,המכון הלאומי לחקר הבנייה,חיפה,1200125,118,Born digital,"תקציר דו""ח מחקר",המכון הלאומי לחקר הבנייה,IIA
שיפור האטימות וההידבקות בהפסקות יציקה באמצעות דבקים פולימרים,פוטרמן,משה,2006,המכון הלאומי לחקר הבנייה,חיפה,1200126,404,Born digital,"תקציר דו""ח מחקר",המכון הלאומי לחקר הבנייה,IIA
"שיפור התחרותיות של רכיבים מתועשים בבנייה ע""י תכן באמצעות מידול מידע בניין ממוחשב",זקס,רפאל,2007,המכון הלאומי לחקר הבנייה,חיפה,1200127,1129,Born digital,"תקציר דו""ח מחקר",המכון הלאומי לחקר הבנייה,IIA
שיפור תפקוד וקיים של בטונים באמצעות ננו-תוספים מינרלים חרסיתיים,ורסמן,רינה,2009,המכון הלאומי לחקר הבנייה,חיפה,1200128,4690,Born digital,research,המכון הלאומי לחקר הבנייה,IIA
"תגובת פני הקרקע בפעולה דינאמית בסלע בסיס, שלב ב'",פלדגון,ולדימיר,2013,המכון הלאומי לחקר הבנייה,חיפה,1200129,194,Born digital,"תקציר דו""ח מחקר",המכון הלאומי לחקר הבנייה,IIA
"תגובת פני הקרקע בפעולה דינמית בסלע הבסיס, שלב א'",פלדגון,ולדימיר,2008,המכון הלאומי לחקר הבנייה,חיפה,1200130,258,Born digital,"תקציר דו""ח מחקר",המכון הלאומי לחקר הבנייה,IIA
תגובת פני שכבת קרקע בפעולה דינאמית בסלע הבסיס,ינקלבסקי,דוד,2010,המכון הלאומי לחקר הבנייה,חיפה,1200131,435,Born digital,"תקציר דו""ח מחקר",המכון הלאומי לחקר הבנייה,IIA
"תגובת פני שכבת קרקע בפעולה דינאמית בסלע הבסיס, שלב ב'",פלדגון,ולדימיר,2010,המכון הלאומי לחקר הבנייה,חיפה,1200132,279,Born digital,"תקציר דו""ח מחקר",המכון הלאומי לחקר הבנייה,IIA
תחליף לחול טבעי כתשתית לעבודות ריצוף כולל בדיקות אקוסטיות,באום,הדסה,2008,המכון הלאומי לחקר הבנייה,חיפה,1200133,7967,Born digital,research,המכון הלאומי לחקר הבנייה,IIA
"תיעוש הבנייה למגורים באמצעות יחידות מודולריות תלת ממדיות – היבטים אדריכליים, הנדסיים וביצועיים",בקר,רחל,2019,המכון הלאומי לחקר הבנייה,חיפה,1200134,75051,Born digital,research,המכון הלאומי לחקר הבנייה,IIA
תכן מודלי אפקטיבי של מבני קירות אסימטריים,לבן,אורן,2015,המכון הלאומי לחקר הבנייה,חיפה,1200135,9720,Born digital,research,המכון הלאומי לחקר הבנייה,IIA
תכן רציונלי של קירות קרקע משוריינת תוך התחשבות באילוצים קינמטיים,קלר,אסף,2014,המכון הלאומי לחקר הבנייה,חיפה,1200136,336,Born digital,"תקציר דו""ח מחקר",המכון הלאומי לחקר הבנייה,IIA
הפקעות קרקע - זכויות היחיד מול צורכי הציבור - ההסדר בישראל במבט בינלאומי משווה,אורני,נירה,1995,המרכז לחקר העיר והאזור,חיפה,1300020,11255,Born digital,,המרכז לחקר העיר והאזור,IIA
שימוש במערכת ויזואליזציה חדשנית להערכת תפיסת בעלי העניין את שירותי המערכת האקולוגית ביערות הכרמל,אורנשטיין,דניאל ,,מוסד הטכניון למחקר ופיתוח,,1300035,10299,Born digital,,המרכז לחקר העיר והאזור,IIA
תכנית ימית לישראל - דוח שלב א'  - לקראת תכנון - מסמך בתפוצה פנימית לפני הפקה,אלתרמן,רחל,2014,המרכז לחקר העיר והאזור,חיפה,1300017,14254,Born digital,,המרכז לחקר העיר והאזור,IIA
אנרגיה מתחדשת מקורקעת - החסמים של רגולציה קרקעית ותיכנונית בישראל במבט השוואתי - דוח על מחקר  ,אלתרמן,רחל,2021,המרכז לחקר העיר והאזור,חיפה,1300013,15311,Born digital,,המרכז לחקר העיר והאזור,IIA
דיור בר השגה - גלים של תכנון סטטוטורי ומדיניות מקומית,אלתרמן,רחל,2012,המרכז לחקר העיר והאזור,חיפה,1300005,35416,Born digital,,המרכז לחקר העיר והאזור,IIA
הזכויות במקרקעין ובדיור בקיבוצים ובמושבים תובנות בעיקבות סקר עמדות והשוואה בין לאומית,אלתרמן,רחל,2019,המרכז לחקר העיר והאזור,חיפה,1300016,45631,Born digital,,המרכז לחקר העיר והאזור,IIA
החולייה החלשה - נספחי בינוי וחוק התכנון והבניה,אלתרמן,רחל,2009,המרכז לחקר העיר והאזור,חיפה,1300019,58787,Born digital,,המרכז לחקר העיר והאזור,IIA
השוואה בין מערכות של תכנון סטטוטורי במדינות נבחרות - חומר רקע להכנת חוק תכנון חרוש למדינת ישראל,אלתרמן,רחל,1990,המרכז לחקר העיר והאזור,חיפה,1300021,26333,Born digital,,המרכז לחקר העיר והאזור,IIA
השמירה על קרקע חקלאית מול לחצי העיור - האם ניתן ללמוד מניסיונן של מדינות אחרות,אלתרמן,רחל,1998,המרכז לחקר העיר והאזור,חיפה,1300022,16865,Born digital,,המרכז לחקר העיר והאזור,IIA
מדריך לחישוב הדרישות לקרקע לצורכי ציבור,אלתרמן,רחל,1991,המרכז לחקר העיר והאזור,חיפה,1300027,13114,Born digital,,המרכז לחקר העיר והאזור,IIA
מהפקעות ועד הסכמים דרכים חלופיות להשגת קרקע לצורכי ציבור,אלתרמן,רחל,1991,המרכז לחקר העיר והאזור,חיפה,1300029,32508,Born digital,,המרכז לחקר העיר והאזור,IIA
מיגדלים כושלים - בעיית התחזוקה ארוכת הטווח במיגדלי מגורים,אלתרמן,רחל,2009,המרכז לחקר העיר והאזור,חיפה,1300008,29534,Born digital,,המרכז לחקר העיר והאזור,IIA
פיצויים על ירידת ערך מקרקעין-עקב שינוי תוכנית,אלתרמן,רחל,1992,המרכז לחקר העיר והאזור,חיפה,1300033,39767,Born digital,,המרכז לחקר העיר והאזור,IIA
צפיפות הבנייה למגורים - מדריך להגברת יעילות הניצול של קרקע עירונית,אלתרמן,רחל,1998,המרכז לחקר העיר והאזור,חיפה,1300002,38611,Born digital,,המרכז לחקר העיר והאזור,IIA
"הון חברתי - משמעותו, מדידתו והקשרים בינו לבין תכנון עירוני",אמויאל,עינת ,2011,המרכז לחקר העיר והאזור,חיפה,1300018,7779,Born digital,,המרכז לחקר העיר והאזור,IIA
ישראל 100-תכנון אסטרטגי לישראל לקראת 2048-דוח שלב ב'-כלי התכנון,אסיף ,שמאי ,2019,המרכז לחקר העיר והאזור,חיפה,1300011,31168,Born digital,,המרכז לחקר העיר והאזור,IIA
תכנית ימית לישראל - דוח שלב ב' - חזון מטרות ואמצעי מדיניות שלדיים,אסיף ,שמאי ,2015,המרכז לחקר העיר והאזור,חיפה,1300012,4204,Born digital,,המרכז לחקר העיר והאזור,IIA
לגיטימציה של הסכמים עם יזמים,ארליך,חוה,2020,המרכז לחקר העיר והאזור,חיפה,1300025,28296,Born digital,,המרכז לחקר העיר והאזור,IIA
ג'נטריפיקציה בישראל - דחיקת דיירים בפרויקטים של פינוי בינוי,ברודקין,איריס,2022,המרכז לחקר העיר והאזור,חיפה,1300015,33814,Born digital,,המרכז לחקר העיר והאזור,IIA
בחינת יחסי הגומלין בין המועצה האזורית ליישוב הגדל מקרה יישובי גוש חבר,ברנע אמרגי,רחל,,המרכז לחקר העיר והאזור,חיפה,1300030,22378,Born digital,,המרכז לחקר העיר והאזור,IIA
מקונפליקט לשיתוף - זיהוי פוטנציאל ההתנגדויות הצפוי לתוכניות בנין עיר,דרוקמן,דורון,2010,המרכז לחקר העיר והאזור,חיפה,1300031,31895,Born digital,,המרכז לחקר העיר והאזור,IIA
התמודדות עם קונפליקטים בתכנון העירוני והאזורי - רקע תיאורטי ותוכנית למחקר,ורנסקי,אריאלה,1992,המרכז לחקר העיר והאזור,חיפה,1300023,6445,Born digital,,המרכז לחקר העיר והאזור,IIA
התחדשות עירונית 360 ,כלימור,תגית,2021,המרכז לחקר העיר והאזור,חיפה,1300003,37997,Born digital,,המרכז לחקר העיר והאזור,IIA
מדיניות השיכון של ישראל - חמישים שנים ראשונות,כרמון,נעמי,1998,המרכז לחקר העיר והאזור,חיפה,1300026,12474,Born digital,,המרכז לחקר העיר והאזור,IIA
שיקום שכונות בישראל - הערכת תוצאות,כרמון,נעמי,1989,המרכז לחקר העיר והאזור,חיפה,1300037,67201,Born digital,,המרכז לחקר העיר והאזור,IIA
פרסום פיתוח תרבות כמנוף לפיתוח עירוני - הניסיון הבינלאומי והמקרה של תל אביב,מולין,אלוירה ,2014,המרכז לחקר העיר והאזור,חיפה,1300034,49382,Born digital,,המרכז לחקר העיר והאזור,IIA
דיור בר השגה בישראל - היבטים משפטיים  ,מועלם,ניר,2013,המרכז לחקר העיר והאזור,חיפה,1300009,36850,Born digital,,המרכז לחקר העיר והאזור,IIA
"חוזרת מן המתים - תמא 38, לכידת ערך, ותפיסות בעלי עניין - מחקר הערכה",מועלם,ניר,2020,מכון לינקולן,חיפה,1300000,17343,Born digital,,המרכז לחקר העיר והאזור,IIA
תכנון לאורח חיים פעיל - אלמנטים סביבתיים המעודדים פעילות גופנית יום-יומית,מורן,מיקה,2013,המרכז לחקר העיר והאזור,חיפה,1300006,23574,Born digital,,המרכז לחקר העיר והאזור,IIA
המשמעות של צפיפות מגורים לאנשים - חלק ד' : משתנים תכנוניים והערכת הצפיפות,מטרני,מיכל,2006,המרכז לחקר העיר והאזור,חיפה,1300010,13777,Born digital,,המרכז לחקר העיר והאזור,IIA
מהיטלים ועד הסכמים - דרכים לשיתוף יזמים בנטל - פיתוח והקמה של מוסדות ושירותי ציבור,מרגלית,לירית,1998,המרכז לחקר העיר והאזור,חיפה,1300028,51929,Born digital,,המרכז לחקר העיר והאזור,IIA
"יערות, פארקים, אתרי נופש ופעילויות קקל כסביבות בריאות",פלאוט,פנינה,2015,המרכז לחקר העיר והאזור,חיפה,1300024,15480,Born digital,,המרכז לחקר העיר והאזור,IIA
תמורות בתכנון המרחב הכפרי - מפגשי חשיבה והשתלמות למתכננים - 2012 - לקט עבודות המשתתפים,פלאוט,פנינה,2013,המרכז לחקר העיר והאזור,חיפה,1300001,20168,Born digital,,המרכז לחקר העיר והאזור,IIA
התאמת התכנון המרחבי לקבוצות משנה באוכלוסיית ישראל,צ'רצ'מן ,ארזה,1993,המרכז לחקר העיר והאזור,חיפה,1300007,9323,Born digital,,המרכז לחקר העיר והאזור,IIA
סקר עמדות בנושאי מגורים בעיר תל אביב-יפו,צ'רצ'מן,ארזה,1998,המרכז לחקר העיר והאזור,חיפה,1300032,20010,Born digital,,המרכז לחקר העיר והאזור,IIA
שיקולים חברתיים בתכנון מרחבי,צ'רצ'מן,ארזה,2012,המרכז לחקר העיר והאזור,חיפה,1300036,13363,Born digital,,המרכז לחקר העיר והאזור,IIA
"בין מטרות ציבוריות למטלות פרטיות - הסכמים בין יזמים לרשויות התיכנון – הדוגמה
 של תל אביב",צוברי,אביבה ,2008,המרכז לחקר העיר והאזור,חיפה,1300014,35641,Born digital,,המרכז לחקר העיר והאזור,IIA
מגדלי יוקרה כקהילות מגודרות - המקרה של תל אביב ,שחר,ניר,2012,המרכז לחקר העיר והאזור,חיפה,1300004,24243,Born digital,,המרכז לחקר העיר והאזור,IIA
מחקר הערכה מסכם של פעילות פרויקט שיקום שכונות חברתי במועצות אזוריות - דוח מסכם,אופק,אברהם,2009,משרד הבינוי והשיכון,רמת השרון,1800077,38112,Born digital,summary report,משרד השיכון,IIA
בדיקת עמדות למגורים בבניינים משותפים בעיר סח'נין - דוח סיכום מחקר איכותי ,אותנתל אינסייט,,2010,משרד הבינוי והשיכון,,1800044,5263,Born digital,summary report,משרד השיכון,IIA
מודל תכנון וחיזוי לענף הבנייה למגורים בישראל,ERCG קב' מחקר וייעוץ כלכלי,,2002,משרד הבינוי והשיכון והלשכה מהרכזית לסטטיסטיקה,ירושלים,1800029,8773,Born digital,research,משרד השיכון,IIA
אמדן להיקף האוכלוסייה החרדית (נפשות ומשקי בית) ולצרכי הדיור השנתיים של המגזר לשנים 2008-2009,משרד הבינוי והשיכון,,2010,משרד הבינוי והשיכון,ירושלים,1800070,964,Born digital,summary report,משרד השיכון,IIA
ניתוח משווה - סקרי שוכרים ומשכירים יולי 1999,"א.נ.פ אפלייד אקונומיקס בע""מ מחקר וייעוץ בכלכלה, שיווק מדעי החברה",,2000,משרד הבינוי והשיכון,תל אביב,1800041,1869,Born digital,analytical report,משרד השיכון,IIA
סיכום ממצאים מסקר אוכלוסיות השוכרים,"א.נ.פ אפלייד אקונומיקס בע""מ מחקר וייעוץ בכלכלה, שיווק מדעי החברה",,2000,משרד הבינוי והשיכון,תל אביב,1800039,10605,Born digital,summary,משרד השיכון,IIA
סיכום ממצאים מסקר משכירי דירות,"א.נ.פ אפלייד אקונומיקס בע""מ מחקר וייעוץ בכלכלה, שיווק מדעי החברה",,2000,משרד הבינוי והשיכון,תל אביב,1800040,3022,Born digital,summary,משרד השיכון,IIA
שק הדיור בשכירות פרטית בישראל - תמצית הממצאים,"א.נ.פ אפלייד אקונומיקס בע""מ מחקר וייעוץ בכלכלה, שיווק מדעי החברה",,2000,משרד הבינוי והשיכון,תל אביב,1800042,5078,Born digital,summary,משרד השיכון,IIA
הדינמיקה של מחירי הדירות בישראל והשפעתה של מחירי הקרקעות ביבנה,אקשטיין,צבי,1999,,תל אביב,1800045,4763,Born digital,analytical report,משרד השיכון,IIA
היצע עבודה של עובדים ישראלים בענף הבנייה - טיוטא לדיון,אקשטיין,צבי,1999,משרד הבינוי והשיכון והלשכה מהרכזית לסטטיסטיקה,,1800025,4632,Born digital,research,משרד השיכון,IIA
השלכות משקיות של העסקת עובדים זרים בענף הבנייה - טיוטא לדיון 1.9.99,אקשטיין,צבי,1999,משרד הבינוי והשיכון והלשכה מהרכזית לסטטיסטיקה,,1800026,4712,Born digital,research,משרד השיכון,IIA
מודל מחירי דירות למגורים,אקשטיין,צבי,2001,משרד הבינוי והשיכון,תל אביב,1800037,4449,Born digital,research,משרד השיכון,IIA
שוק הדיור בשכירות בישראל,אקשטיין,צבי,2000,משרד הבינוי והשיכון,תל אביב,1800038,11145,Born digital,research,משרד השיכון,IIA
השפעת תכולת דקים בחול על תכונות מלטים לטיח,באום,הדסה,2008,משרד הבינוי והשיכון,חיפה,1800131,10878,Born digital,research,משרד השיכון,IIA
"הלוואות משכנתא בישראל כשלים בפירעונן - מימדי התופעה וגורמיה, המלצות לשינויים",בן שטרית,גילת,2006,משרד הבינוי והשיכון/המרכז לחקר העיר והאזור,חיפה,1800027,52334,Born digital,research,משרד השיכון,IIA
שידרוג קירות מבטון מזוין בפני עומסי אימפקט וחיזוי תגובתם הדינמית בעזרת השימוש בשיטת האלמנטים הסופיים והבדידים,ג'בארין,מחמוד,2020,משרד הבינוי והשיכון,חיפה,1800173,14915,Born digital,research,משרד השיכון,IIA
זיהוי נזקים במסגרות מרחביות תוך התבססות על מדידות דינמיות גלובאליות,גולדפלד,,2009,משרד הבינוי והשיכון,חיפה,1800142,5959,Born digital,research,משרד השיכון,IIA
דוח סופי בנושא - הכנת אומדנים ותחזיות לתמהיל גדלי דירות (חדרים ושטח) שנדרש לבנות במשק בתקופות שונות בעתיד,גייר,דיוויד,2002,,,1800048,22576,Born digital,analytical report,משרד השיכון,IIA
"בחינה הנדסית חישובית של הנחיות חיזוק מבנים קיימים תמ""א 38",גלוק,ניקולאי,2011,משרד הבינוי והשיכון,,1800091,12084,Born digital,research,משרד השיכון,IIA
סקר טכנולוגיות בנייה למגורים בישראל מבנים בבנייה בסוף 2002,קון,גרשון,2004,משרד הבינוי והשיכון והלשכה מהרכזית לסטטיסטיקה,ירושלים,1800024,2741,Born digital,Survey,משרד השיכון,IIA
הביקוש למגורים במגזר החרדי,דגני,אבי,2000,משרד הבינוי והשיכון,,1800034,19384,Born digital,research,משרד השיכון,IIA
"מאפייני שוק המגורים באשדוד, והמלצות למדיניות שיווק קרקעות ביישוב",דגני,אבי,2006,משרד הבינוי והשיכון,תל אביב,1800030,11679,Born digital,research,משרד השיכון,IIA
מאפייני שוק המגורים באשקלון והמלצות למדיניות שיווק קרקעות ביישוב,דגני,אבי,2007,משרד הבינוי והשיכון,תל אביב,1800031,10409,Born digital,research,משרד השיכון,IIA
מאפייני שוק המגורים בבאר שבע והמלצות למדיניות שיווק קרקעות ביישוב,דגני,אבי,2008,משרד הבינוי והשיכון,תל אביב,1800032,25855,Born digital,research,משרד השיכון,IIA
מאפייני שוק המגורים בביתר עילית והמלצות למדיניות שיווק הקרקעות ביישוב,דגני,אבי,2004,משרד הבינוי והשיכון,תל אביב,1800033,6099,Born digital,research,משרד השיכון,IIA
רכישת דירות בשיכון הציבורי - שביעות רצון והשפעה על רמת ההשקעה בדירה ובסביבה,דגני,אבי,2005,משרד הבינוי והשיכון,תל אביב,1800036,3518,Born digital,research,משרד השיכון,IIA
שוק הדיור בנצרת עילית חסמים והזדמנויות,דגני,אבי,2007,משרד הבינוי והשיכון,,1800066,5426,Born digital,summary,משרד השיכון,IIA
פיתוח מודל סיסמוטקטוני מודולרי לישום בהערכה של סיכונים סיסמיים בישראל,דיוויס,מיכאל,2014,משרד הבינוי והשיכון,רחובות,1800093,14385,Born digital,research,משרד השיכון,IIA
התנהגות סטטית בכפיפה של קורות מבטון עם מנת זיון נמוכה ועם סיבי פלדה,דנציגר,אברהם,2013,משרד הבינוי והשיכון,חיפה,1800109,4535,Born digital,research,משרד השיכון,IIA
רכיבי עלויות הבניה למגורים ומשקלם במחיר הדירה,"דקל, פז כלכלה והנדסה",,2015,משרד הבינוי והשיכון,חיפה,1800162,10701,Born digital,research,משרד השיכון,IIA
ניתוח עלות- תועלת של הצללה בישראל,המכללה האקמית תל חי,,,משרד הבינוי והשיכון,,1800178,4725,Born digital,research,משרד השיכון,IIA
שכונה 360 חוברת מקרי מבחן לתוכניות בהובלת משרד הבינוי והשיכון,הורוביץ הראל,ענת,2021,משרד הבינוי והשיכון,,1800015,14530,Born digital,research,משרד השיכון,IIA
"אפיון ליקויי בנייה לפי גורמים שורשיים: זיהוי גורמיהם, עיתוי יצירתם וחשיפתם, התפתחות עלויותיהם ותרופות לצמצומם",המכון הלאומי לחקר הבנייה,,2010,משרד הבינוי והשיכון,חיפה,1800150,15920,Born digital,research,משרד השיכון,IIA
גורמים שורשיים לחריגות בתקציב של פרוייקטי בנייה,המכון הלאומי לחקר הבנייה,,2011,משרד הבינוי והשיכון,חיפה,1800120,20530,Born digital,research,משרד השיכון,IIA
גישה מקורבת להערכה יעילה של עמידות בנייני קומות בעומסים אופקיים שלב א',המכון הלאומי לחקר הבנייה,,2011,משרד הבינוי והשיכון,חיפה,1800123,30332,Born digital,research,משרד השיכון,IIA
הערכת הנזק שנגרם לאלמנטי מבנה מגורים טיפוסי מפצוץ פנימי שלב ב',המכון הלאומי לחקר הבנייה,,2011,משרד הבינוי והשיכון,חיפה,1800104,5146,Born digital,research,משרד השיכון,IIA
"על הפריון, 'KanBIM' השפעות מערכת הבטיחות ואיכות העבודה של צוותי עבודה ומנהלי העבודה ",המכון הלאומי לחקר הבנייה,,2011,משרד הבינוי והשיכון,חיפה,1800098,14909,Born digital,research,משרד השיכון,IIA
התנהגות סטטית של רכיבי מבנים מבטון בעל חוזק גבוה הכולל סיבים – שלב ב': עיגון בסמכים ומתיחה ישירה,המכון הלאומי לחקר הבנייה,,2009,משרד הבינוי והשיכון,חיפה,1800139,6993,Born digital,research,משרד השיכון,IIA
התנהגות של רכיבי בטון עם מנת זיון מינימלית ועם סיבי פלדה – שלב ב: ניסויים לאימות המודל,המכון הלאומי לחקר הבנייה,,2016,משרד הבינוי והשיכון,חיפה,1800160,6493,Born digital,research,משרד השיכון,IIA
התנהגות של רכיבי בטון עם מנת זיון מינימלית ועם סיבי פלדה – שלב א: מודל תיאורטי,המכון הלאומי לחקר הבנייה,,2013,משרד הבינוי והשיכון,חיפה,1800110,8993,Born digital,research,משרד השיכון,IIA
גורמים טכנולוגיים המשפיעים על חוזק החיבור של חיפוי חוץ קשיח והיבטי מכניקת השבר שלב א': חוזק הידבקות של חיפוי אריחי קרמיקה בקירות בטון,המכון הלאומי לחקר הבנייה,,2008,משרד הבינוי והשיכון,חיפה,1800130,14185,Born digital,research,משרד השיכון,IIA
"חומרים צמנטיים מרוכבים עם בדים לחיזוק, שיקום ותיקון מבנים",המכון הלאומי לחקר הבנייה,,2010,משרד הבינוי והשיכון,חיפה,1800149,10362,Born digital,research,משרד השיכון,IIA
חיזוי ההתנהגות של בטון בעומס דינמי באמצעות סימולציה ממוחשבת בשיטת האלמנטים הדיסקרטיים – שלב א ',המכון הלאומי לחקר הבנייה,,2010,משרד הבינוי והשיכון,חיפה,1800151,5396,Born digital,research,משרד השיכון,IIA
"חיזוק טבלות דו-כיווניות מבטון באמצעות חומרים מרוכבים: אנליזה, היבטים ייחודיים וסקירת תקינה",המכון הלאומי לחקר הבנייה,,2013,משרד הבינוי והשיכון,חיפה,1800112,18207,Born digital,research,משרד השיכון,IIA
חקירת התנהגות וכשל העיגון של מוטות פלדה בתווך של בטון בהעמסה מונוטונית ומחזורית,המכון הלאומי לחקר הבנייה,,2011,משרד הבינוי והשיכון,חיפה,1800103,9951,Born digital,research,משרד השיכון,IIA
יחסי גומלין קרקע מבנה עקב חפירת מנהרות – ניסוח מתמטי של הבעיה,המכון הלאומי לחקר הבנייה,,2011,משרד הבינוי והשיכון,חיפה,1800122,5100,Born digital,research,משרד השיכון,IIA
"כללים ובדיקות לבקרת איכות עצמית בבנייה, היבטים תפקודיים הנדסיים ואדריכליים שלב א'",המכון הלאומי לחקר הבנייה,,2010,משרד הבינוי והשיכון,חיפה,1800148,14834,Born digital,research,משרד השיכון,IIA
מידול תלת-ממדי של אתרי בנייה לניהול בטיחות עבודת עגורני צריח,המכון הלאומי לחקר הבנייה,,2011,משרד הבינוי והשיכון,חיפה,1800100,21555,Born digital,research,משרד השיכון,IIA
ניתוח יחסים פיננסיים בחברות בנייה,המכון הלאומי לחקר הבנייה,,2011,משרד הבינוי והשיכון,חיפה,1800119,11086,Born digital,research,משרד השיכון,IIA
עלויות אי איכות בבניה למגורים בישראל,המכון הלאומי לחקר הבנייה,,2004,משרד הבינוי והשיכון,חיפה,1800176,35607,Born digital,research,משרד השיכון,IIA
עמידות בנייה אזרחית רגילה בפני איומים מלחמתיים-שלב א',המכון הלאומי לחקר הבנייה,,2010,משרד הבינוי והשיכון,חיפה,1800152,40340,Born digital,research,משרד השיכון,IIA
עקרונות התכן של מבנים לעמידות בפני הדף פיצוץ,המכון הלאומי לחקר הבנייה,,2012,משרד הבינוי והשיכון,חיפה,1800114,54076,Born digital,research,משרד השיכון,IIA
עקרונות תכן אדריכלי מודע רעידות אדמה,המכון הלאומי לחקר הבנייה,,2011,משרד הבינוי והשיכון,חיפה,1800124,62654,Born digital,research,משרד השיכון,IIA
"ריכוז הסיליקה המסיסה בבטון עם ובלי מוספים פוצולנים, והשפעתו על הפסיבציה של פלדת זיון",המכון הלאומי לחקר הבנייה,,2011,משרד הבינוי והשיכון,חיפה,1800107,6300,Born digital,research,משרד השיכון,IIA
שידרוג סיסמי של בנייני קומות קיימים בעלי שלד בטון מזוין באמצעות רכיבי פלדה מעוגנים,המכון הלאומי לחקר הבנייה,,2009,משרד הבינוי והשיכון,חיפה,1800140,12287,Born digital,research,משרד השיכון,IIA
שיפור יכולת המיחזור של פסולת בטון באמצעות אמולסיה פולימרית,המכון הלאומי לחקר הבנייה,,2011,משרד הבינוי והשיכון,חיפה,1800121,8254,Born digital,research,משרד השיכון,IIA
שפיעת ראדון מבטונים המכילים אפר פחם,המכון הלאומי לחקר הבנייה,,2011,משרד הבינוי והשיכון,חיפה,1800106,23830,Born digital,research,משרד השיכון,IIA
תכנון בנייה בטוחה: הערכה וירטואלית של סכנות ובטיחות בבנייה בשלבי התכן,המכון הלאומי לחקר הבנייה,,2013,משרד הבינוי והשיכון,חיפה,1800111,12927,Born digital,research,משרד השיכון,IIA
קביעת קריטריונים לבדיקת יעילות האשפרה של בטון במבנה,ווסרמן,רינה,,,,1800079,8786,Born digital,research,משרד השיכון,IIA
תכנית אסטרטגית לקידום המחקר ההנדסי בבנייה,ורשבסקי,אברהם,2005,משרד הבינוי והשיכון,חיפה,1800083,36735,Born digital,research,משרד השיכון,IIA
מחזור פסולת בטון לצרכי ייצור קלינקר של צמנט פורטלנד,ז'וטובסקי,סמיון ,2020,המכון הלאומי לחקר הבניה,חיפה,1800017,5639,Born digital,research,משרד השיכון,IIA
תכנית אסטרטגית לדיור לאוכלוסייה החרדית 2035 – 2016,זיכרמן,חיים,2015,משרד הבינוי והשיכון,חיפה,1800159,23959,Born digital,research,משרד השיכון,IIA
הפוטנציאל לשיפור הפריון בבנייה באמצעות תיעוש לפי עקרונות LEAN,זקס, רפאל ,2008,המכון הלאומי לחקר הבנייה,חיפה,1800023,20095,Born digital,research,משרד השיכון,IIA
שיפור התחרותיות של רכיבים מתועשים בבנייה על ידי תכן באמצעות מידול מידע בנייה ממוחשב - דוח מחקר,זקס,רפאל,2007,משרד הבינוי והשיכון,חיפה,1800022,24777,Born digital,research,משרד השיכון,IIA
המלצות לתכנון ניקוז עירוני,"חברת הידרומודול – פולק שמואל בע""מ",,2007,משרד הבינוי והשיכון,,1800081,4864,Born digital,research,משרד השיכון,IIA
"שיטות שדרוג סיסמי של בניינים קיימים המיועדים לחיזוק מסיבי בישראל דו""ח לסיכום המחקר",ירמולינסקי,ברוך,2015,משרד הבינוי והשיכון,חיפה,1800125,13537,Born digital,research,משרד השיכון,IIA
"צרכי הדיור של המגזר החרדי דו""ח מסכם",כנען,שלומית,2006,משרד הבינוי והשיכון,תל אביב,1800073,4390,Born digital,summary report,משרד השיכון,IIA
בדיקת היתכנות להקמת עיר חרדית איתור פוטנציאלי 16 בעלויות קרקע,כנען,שלומית,2006,משרד הבינוי והשיכון,תל אביב,1800076,3711,Born digital,summary report,משרד השיכון,IIA
צרכי הדיור של המגזר החרדי ,כנען,שלומית,2006,משרד הבינוי והשיכון,תל אביב,1800074,760,Born digital,summary report,משרד השיכון,IIA
צרכי הדיור של המגזר החרדי תקציר,כנען,שלומית,2006,משרד הבינוי והשיכון,תל אביב,1800072,2789,Born digital,abstract,משרד השיכון,IIA
"מדריך ליישום ת""י 414 עומסים אופייניים במבנים – עומס רוח",ליבוביץ,אדוארד,2010,משרד הבינוי והשיכון,,1800088,15644,Born digital,research,משרד השיכון,IIA
סקר דרישות תקינה והנחיות תכן של מבנים מבטון מזויין לרעידות אדמה,ליבוביץ,אדי,2014,משרד הבינוי והשיכון,,1800097,12396,Born digital,research,משרד השיכון,IIA
"מדריך לתכנון, הקצאה ופריסה של שירותי מסחר בשכונות מגורים נספח א' - סקר ספרות","לרמן אדריכלים ומתכנני ערים בע""מ",,2008,משרד הבינוי והשיכון,תל אביב,1800085,8615,Born digital,Literature review,משרד השיכון,IIA
"מדריך לתכנון, הקצאה ופריסה של שירותי מסחר בשכונות מגורים נספח ג' - סיכום ממצאי סקר - מצב פיסי ותפקודי","לרמן אדריכלים ומתכנני ערים בע""מ",,2008,משרד הבינוי והשיכון,תל אביב,1800086,12491,Born digital,summary report,משרד השיכון,IIA
"מדריך לתכנון, הקצאה ופריסה של שירותי מסחר בשכונות מגורים דו""ח מסכם","לרמן אדריכלים ומתכנני ערים בע""מ",,2008,משרד הבינוי והשיכון,תל אביב,1800084,17964,Born digital,summary report,משרד השיכון,IIA
דוח סקר משולב לעמדות לבנייה מתועשת למגורים בקרב הציבור הכללי ואנשי מקצוע,מכון ברנדמן,,1999,משרד הבינוי והשיכון,,1800043,4762,Born digital,analytical report,משרד השיכון,IIA
"תַרַ""מ – תכנון רגיש למים שילוב שיקולי מים בתכנון עירוני ואזורי",מכון גרנד והמרכז לחקר העיר והאזור,,2007,משרד הבינוי והשיכון,חיפה,1800197,5848,Born digital,research,משרד השיכון,IIA
זוגות צעירים שנישאו בשנים 1994-2004 (סקר שוטף מספר 6),מכון דחף,,2008,,,1800046,12307,Born digital,analytical report,משרד השיכון,IIA
בחינה טכנו-כלכלית תשתיות לטעינת רכבים חשמליים בבנייני מגורים,"יחידת החדשנות והמו""פ, אגף תורת הבניה ופיתוח הנדסי",,2022,משרד הבינוי והשיכון,,1800198,9761,Born digital,report,משרד השיכון,IIA
"בחינה ניסיונית של שיטת חישוב זמן מחזור בסיסי לפי ת""י 413 ו -Eurocode 8 למבנים טיפוסיים בישראל מבטון מזוין",,,2019,משרד הבינוי והשיכון,,1800182,2957,Born digital,research,משרד השיכון,IIA
התאוצה לתכנון במפרץ חיפה כתלות בגורמים הגיאולוגים המתארים את הפעילות הסיסמית של העתק הכרמל,משרד הבינוי והשיכון,,2020,משרד הבינוי והשיכון,,1800170,7552,Born digital,research,משרד השיכון,IIA
התפתחות ענף הבנייה ופעילות משרד הבינוי והשיכון,משרד הבינוי והשיכון,,2012,משרד הבינוי והשיכון,ירושלים,1800004,17076,Born digital,analytical report,משרד השיכון,IIA
חציית אזורי העתקה על ידי צנרת טמונה בקרקע - הצגת הבעיה ודרכי התמודדות,,,2019,משרד הבינוי והשיכון,,1800181,9077,Born digital,research,משרד השיכון,IIA
מדריך לתכנון גנים ציבוריים,משרד הבינוי והשיכון,,2017,משרד הבינוי והשיכון,,1800087,14662,Born digital,,משרד השיכון,IIA
מודל כלכלי-תמחירי של כדאיות המעבר לבניה מתועשת למגורים,ש. אנגל מהנדסים בעמ,,2001,משרד הבינוי והשיכון,תל אביב ,1800019,8623,Born digital,research,משרד השיכון,IIA
מחקר לבדיקת מסלול מחיר למשתכן - דוח סופי,משרד הבינוי והשיכון,,2002,משרד הבינוי והשיכון,,1800047,8409,Born digital,analytical report,משרד השיכון,IIA
סקר רוכשי דירות באלעד,משרד הבינוי והשיכון,,2000,משרד הבינוי והשיכון,,1800063,3383,Born digital,Survey,משרד השיכון,IIA
סקר רוכשי דירות באשקלון,משרד הבינוי והשיכון,,2000,משרד הבינוי והשיכון,,1800064,3504,Born digital,Survey,משרד השיכון,IIA
סקר רוכשי דירות בהר חומה ירושלים,משרד הבינוי והשיכון,,2000,משרד הבינוי והשיכון,,1800049,2589,Born digital,Survey,משרד השיכון,IIA
סקר רוכשי דירות בשלומי,משרד הבינוי והשיכון,,2000,משרד הבינוי והשיכון,,1800065,2518,Born digital,Survey,משרד השיכון,IIA
סקר רוכשי דירות חדשות בנווה זאב - באר שבע,משרד הבינוי והשיכון,,2002,משרד הבינוי והשיכון,,1800052,3714,Born digital,Survey,משרד השיכון,IIA
סקר רוכשי דירות חדשות בשכונת שחמון - אילת,משרד הבינוי והשיכון,,2002,משרד הבינוי והשיכון,,1800062,3684,Born digital,Survey,משרד השיכון,IIA
סקר רוכשי דירות חדשות ויד שניה באור עקיבא,משרד הבינוי והשיכון,,2002,משרד הבינוי והשיכון,,1800050,3271,Born digital,Survey,משרד השיכון,IIA
סקר רוכשי דירות חדשות ויד שניה בטירת הכרמל,משרד הבינוי והשיכון,,2002,משרד הבינוי והשיכון,,1800054,3646,Born digital,Survey,משרד השיכון,IIA
סקר רוכשי דירות חדשות ויד שניה ביקנעם עילית,משרד הבינוי והשיכון,,2002,משרד הבינוי והשיכון,,1800055,3715,Born digital,Survey,משרד השיכון,IIA
סקר רוכשי דירות חדשות ויד שניה בכרמיאל,משרד הבינוי והשיכון,,2002,משרד הבינוי והשיכון,,1800056,3537,Born digital,Survey,משרד השיכון,IIA
סקר רוכשי דירות חדשות ויד שניה במגדל העמק,משרד הבינוי והשיכון,,2002,משרד הבינוי והשיכון,,1800057,3818,Born digital,Survey,משרד השיכון,IIA
סקר רוכשי דירות חדשות ויד שניה במעלות,משרד הבינוי והשיכון,,2002,משרד הבינוי והשיכון,,1800058,3651,Born digital,Survey,משרד השיכון,IIA
סקר רוכשי דירות חדשות ויד שניה בנתיבות,משרד הבינוי והשיכון,,2002,משרד הבינוי והשיכון,,1800060,3320,Born digital,Survey,משרד השיכון,IIA
סקר רוכשי דירות חדשות ויד שניה בשדרות,משרד הבינוי והשיכון,,2002,משרד הבינוי והשיכון,,1800061,3298,Born digital,Survey,משרד השיכון,IIA
סקר רוכשי דירות חדשות ויד שניה בשכונת רמות באר שבע,משרד הבינוי והשיכון,,2002,משרד הבינוי והשיכון,,1800053,3732,Born digital,Survey,משרד השיכון,IIA
סקר רוכשי דירות חדשות ויד שנייה בנצרת עילית,משרד הבינוי והשיכון,,2002,משרד הבינוי והשיכון,,1800059,3549,Born digital,Survey,משרד השיכון,IIA
סקר רוכשי דירות יד שניה בשכונות ג’ ו- ד’ בבאר שבע,משרד הבינוי והשיכון,,2002,משרד הבינוי והשיכון,,1800051,3122,Born digital,Survey,משרד השיכון,IIA
עמידות סיסמית של מבני מגורים רבי קומות בעלי מעטפת קירות הקשחה מבטון מזוין הכוללים פתחים ואי-רציפות בקומת הקרקע,המכון הלאומי לחקר הבנייה,,2021,משרד הבינוי והשיכון,חיפה,1800196,16709,Born digital,research,משרד השיכון,IIA
ענף הבנייה בישראל - ניתוח כלכלי 2012 - חוברת סיכום,משרד הבינוי והשיכון,,2012,משרד הבינוי והשיכון,,1800000,9405,Born digital,summary,משרד השיכון,IIA
ענף הבנייה בישראל - ניתוח כלכלי 2012 - רבעון שלישי,משרד הבינוי והשיכון,,2012,משרד הבינוי והשיכון,,1800001,8776,Born digital,analytical report,משרד השיכון,IIA
ענף הבנייה בישראל - ניתוח כלכלי 2012 - רבעון שני,משרד הבינוי והשיכון,,2012,משרד הבינוי והשיכון,,1800002,8473,Born digital,analytical report,משרד השיכון,IIA
ענף הבנייה בישראל - ניתוח כלכלי 2013 - חוברת סיכום,משרד הבינוי והשיכון,,2013,משרד הבינוי והשיכון,,1800005,8838,Born digital,summary,משרד השיכון,IIA
ענף הבנייה בישראל - ניתוח כלכלי 2013 - רבעון ראשון,משרד הבינוי והשיכון,,2013,משרד הבינוי והשיכון,,1800008,9040,Born digital,analytical report,משרד השיכון,IIA
ענף הבנייה בישראל - ניתוח כלכלי 2013 - רבעון שלישי,משרד הבינוי והשיכון,,2013,משרד הבינוי והשיכון,,1800006,8592,Born digital,analytical report,משרד השיכון,IIA
ענף הבנייה בישראל - ניתוח כלכלי 2013 - רבעון שני,משרד הבינוי והשיכון,,2013,משרד הבינוי והשיכון,,1800007,8656,Born digital,analytical report,משרד השיכון,IIA
ענף הבנייה בישראל - ניתוח כלכלי 2014 - חוברת סיכום,משרד הבינוי והשיכון,,2014,משרד הבינוי והשיכון,,1800009,6579,Born digital,summary,משרד השיכון,IIA
ענף הבנייה בישראל - ניתוח כלכלי 2014 - רבעון ראשון,משרד הבינוי והשיכון,,2014,משרד הבינוי והשיכון,,1800012,7087,Born digital,analytical report,משרד השיכון,IIA
ענף הבנייה בישראל - ניתוח כלכלי 2014 - רבעון שלישי,משרד הבינוי והשיכון,,2014,משרד הבינוי והשיכון,,1800010,6613,Born digital,analytical report,משרד השיכון,IIA
ענף הבנייה בישראל - ניתוח כלכלי 2014 - רבעון שני,משרד הבינוי והשיכון,,2014,משרד הבינוי והשיכון,,1800011,6938,Born digital,analytical report,משרד השיכון,IIA
ענף הבנייה בישראל - ניתוח כלכלי 2015 - רבעון ראשון,משרד הבינוי והשיכון,,2015,משרד הבינוי והשיכון,,1800013,1683,Born digital,analytical report,משרד השיכון,IIA
עשור חמישי לפרויקט שיקום שכונות הצעת מודל פעולה חדש,משרד הבינוי והשיכון,,2020,משרד הבינוי והשיכון,,1800014,39659,Born digital,proposal,משרד השיכון,IIA
"פיתוח שיטה אמפירית לחישוב תקופה בסיסית למבנים מבטון מזויין גבוהים מ 15- מ', בעלי מרחב מוגן דירתי, שנבנו בישראל לאחר שנת 1993",משרד הבינוי והשיכון,,2021,משרד הבינוי והשיכון,,1800192,3230,Born digital,research,משרד השיכון,IIA
פרמטרים של רעידות אדמה לבחינת גורמי הסיכון הסיסמיים ותכן מבנים ושיטות קביעתם,משרד הבינוי והשיכון,,2021,משרד הבינוי והשיכון,,1800191,2330,Born digital,research,משרד השיכון,IIA
טבע – אדם – עיר תוכנית אב לתשתית אקולוגית חריש,ג'ולי לוי פלד,,2020,משרד הבינוי והשיכון,,1800199,8437,Born digital,master plan,משרד השיכון,IIA
תוכנית אסטרטגית לאומית לתנועה מקיימת במרחב העירוני,"אגף תחבורה, מנהל התכנון",,2019,משרד הבינוי והשיכון,חיפה,1800203,22112,Born digital,strategic plan ,משרד השיכון,IIA
תכנון מבני מגורים על גבי העתק פעיל,משרד הבינוי והשיכון,,2021,משרד הבינוי והשיכון,חיפה,1800189,5766,Born digital,research,משרד השיכון,IIA
תכניות דיור ממשלתיות עבור המגזר החרדי,מינהל אוכלוסיות מיוחדות ומרקם ותיק,,2019,משרד הבינוי והשיכון,,1800201,16239,Born digital,strategic plan ,משרד השיכון,IIA
תכנית לתיעוש ענף הבניה בישראל,,,2016,משרד הבינוי והשיכון,חיפה,1800202,28770,Born digital,summary report,משרד השיכון,IIA
"תמצית מנהלים – סקירת הפעילות בענף הבנייה ושוק הדיור ופעילות משרד הבינוי והשיכון, יוני 2012",משרד הבינוי והשיכון,,2012,משרד הבינוי והשיכון,,1800003,17105,Born digital,summary,משרד השיכון,IIA
"תת הקרקע בנגב המערבי, הסתכלות מחודשת על הגיאולוגיה לצורך עדכון ודיוק של אזורים המועדים להגברה חריגה",משרד הבינוי והשיכון,,2020,משרד הבינוי והשיכון,,1800172,6917,Born digital,research,משרד השיכון,IIA
"תדריך תכנון לשילוב מבני צבור, מסחר, תעסוקה ומגורים",נוסבאום,גבריאלה,2011,משרד הבינוי והשיכון,תל אביב,1800089,10683,Born digital,summary report,משרד השיכון,IIA
"קביעת עקרונות למדרוג תוספת זכויות בנייה כתמריץ לחיזוק מבנים בפני רעידות אדמה במסגרת תמ""א 38","סיטילינק השקעות בע""מ",,2011,משרד הבינוי והשיכון,,1800092,6114,Born digital,research,משרד השיכון,IIA
קביעת עקרונות למדרוג תוספת זכויות בנייה כתמריץ לחיזוק מבנים בפני רעידות אדמה במסגרת תמא 38,פז כלכלה והנדסה,,2010,משרד הבינוי והשיכון,,1800068,505,Born digital,presentation,משרד השיכון,IIA
הערכה משולבת של תגובת אתר וסיכוני התנזלות בזמן רעידות אדמה בעמק זבולון סם פרידמן,פרידמן,סם,2013,משרד הבינוי והשיכון,חיפה,1800108,5412,Born digital,research,משרד השיכון,IIA
שיפור האמינות של איתור ומיפוי חללים קרסטיים בקרבת יסודות באיזורי בנייה סלעיים באמצעות שיטת מכם חודר קרקע, פרידמן,ש.,2002,,חיפה,1800078,8034,Born digital,research,משרד השיכון,IIA
פונקצית הייצור של ענף הבנייה ותיעוש הבנייה,פרלמן,מנחם,1998,משרד הבינוי והשיכון,תל אביב ,1800020,3106,Born digital,research,משרד השיכון,IIA
תוצאות סקר מאפייני דיור של צעירים,מכון ציגלמן,,2014,משרד הבינוי והשיכון,ירושלים,1800126,7212,Born digital,Survey,משרד השיכון,IIA
פיתוח מודל ליישום המלצות המחקר בנושא כלים לעידוד התיישבות באזורי עדיפות לאומית,"צנובר יועצים בע""מ",,2007,"צנובר יועצים בע""מ",גבעתיים,1800035,49143,Born digital,,משרד השיכון,IIA
הערכת גרעיני התיישבות עירוניים,צפנת מכון למחקר,,2012,משרד הבינוי והשיכון והלשכה מהרכזית לסטטיסטיקה,,1800028,18842,Born digital,research,משרד השיכון,IIA
מפות סיסמיות אזוריות מבוססות דיסאגריגציה )פירוק סטטיסטי(,קלר,אסף,2011,משרד הבינוי והשיכון,חיפה,1800105,6174,Born digital,research,משרד השיכון,IIA
השפעות תרמיות בקורות בטון מזוין מחוזקות בהדבקת חומרים מרוכבים: תגובה לעומסי שרות תרמיים,רבינוביץ,עודד,2008,משרד הבינוי והשיכון,חיפה,1800127,17328,Born digital,research,משרד השיכון,IIA
שילוב רכיבים טְרוּמִים בבנייה למגורים פתרונות טכנולוגיים והכדאיות הכלכלית,רוזנפלד,יחיאל,2005,משרד הבינוי והשיכון/הטכניון,חיפה,1800021,10189,Born digital,research,משרד השיכון,IIA
תוכנית כלל-ארצית לשידרוג והרחבה של בניינים קיימים - היתכנות כלכלית-הנדסית ראשונית,רוזנפלד,יחיאל,2003,משרד הבינוי והשיכון,חיפה,1800080,34052,Born digital,research,משרד השיכון,IIA
הערכת מצב בנושא הדיור סוגיית העובדים בענף הבנייה,ROTEM STRATEGY,,2013,משרד הבינוי והשיכון,,1800153,2239,Born digital,report,משרד השיכון,IIA
"תכן של בנינים מבטון עם תקרות לוח""דים לשיפור עמידותם בעומסי רעידת אדמה ומניעת התמוטטות בשרשרת עקב אירועי מלחמה וטרור",רייכמן,יוסי,2015,משרד הבינוי והשיכון,,1800154,16694,Born digital,research,משרד השיכון,IIA
מדד עומק תיעוש הבניה למגורים,"ש. אנגל מהנדסים בעמ, י. ק תכנון כלכלי בעמ",,2004,משרד הבינוי והשיכון,,1800018,11781,Born digital,research,משרד השיכון,IIA
בחינת התרומה של ספיני קירות בני לצמצום הסכנה להתמוטטות בשרשרת של בנייני קומות הכוללים שלד מסגרתי מבטון מזוין שלב א',שוורץ,סטפן,2014,משרד הבינוי והשיכון,חיפה,1800094,11929,Born digital,research,משרד השיכון,IIA
שימוש בפסולת צמיגים כתחליף לאגרגטים בתערובות בטון,שוורצמן,אסיה,,משרד הבינוי והשיכון,,1800090,5611,Born digital,research,משרד השיכון,IIA
סקר כלכלי שיווקי באור עקיבא - דוח מסכם,שטרן,אלי,2010,משרד הבינוי והשיכון,תל אביב,1800071,22716,Born digital,summary report,משרד השיכון,IIA
סקר כלכלי שיווקי בטירת הכרמל - דוח מסכם,שטרן,אלי,2010,משרד הבינוי והשיכון,תל אביב,1800069,17807,Born digital,summary report,משרד השיכון,IIA
סקר כלכלי שיווקי במעלות - דוח מסכם,שטרן,אלי,2009,משרד הבינוי והשיכון,תל אביב,1800067,20074,Born digital,summary report,משרד השיכון,IIA
מודל פרקטי לבחירה אופטימלית של ציוד עיקרי בפרויקטי בנייה,שפירא,אביעד,2005,משרד הבינוי והשיכון,,1800082,2437,Born digital,research,משרד השיכון,IIA
מגגות מוזנחים לגגות מחנכים - יישום גגות ירוקים במבני חינוך בישראל,אוסטרליץ,נועם,2014,המשרד לאיכות הסביבה,,1400057,18822,Born digital,,המשרד להגנת הסביבה,IIA
"קידום לימודי בנייה ירוקה באקדמיה - מחקר פעולה - סיכום פעילות, ממצאים והמלצות",אוסטרליץ,נעם ,2015,המשרד להגנת הסביבה,,1400008,8453,Born digital,,המשרד להגנת הסביבה,IIA
שימוש במערכת ויזואליזציה חדשנית (FULL IMMERSION) להערכת תפיסת בעלי העניין את שירותי המערכת האקולוגית ביערות הכרמל,אורנשטיין,דניאל,2015,המשרד לאיכות הסביבה,חיפה?,1400067,10301,Born digital,,המשרד להגנת הסביבה,IIA
הפקת אגרגטים למשק הבנייה והסלילה בישראל בכרייה תת-קרקעית,אידלמן,עמיר,2002,המשרד להגנת הסביבה,ירושלים?,1400035,3853,Born digital,,המשרד להגנת הסביבה,IIA
כדאיות כלכלית של יישום בנייה ירוקה בבתי ספר,אילון,אופירה ,2017,המשרד לאיכות הסביבה,חיפה?,1400072,15989,Born digital,,המשרד להגנת הסביבה,IIA
הפחתת רעש מזגן דירתי מפוצל באמצעות בקרת רעש אקטיבית,אלעד,דוד,1999?,המשרד לאיכות הסביבה,תל אביב?,1400045,5389,Born digital,,המשרד להגנת הסביבה,IIA
פיתוח כלים אופרטיביים לשילוב שיקולי שרותי המערכת האקולוגית בהליכי התכנון,אסיף,שמאי,2015,המשרד להגנת הסביבה / המרכז לחקר העיר והאזור,חיפה?,1400053,18601,Born digital,,המשרד להגנת הסביבה,IIA
"קהילת הדרוזים, השלטון המקומי והשמורה הביוספרית בכרמל - מקונפליקט למעורבות עסקים קטנים ובינוניים",בארי,איתי,2014,המשרד לאיכות הסביבה,חיפה?,1400049,7664,Born digital,,המשרד להגנת הסביבה,IIA
שילוב בין גגות ירוקים לפאנלים סולאריים,בלאושטיין,ליאון,2016,המשרד לאיכות הסביבה,חיפה?,1400065,1812,Born digital,,המשרד להגנת הסביבה,IIA
שילוב בין גגות ירוקים לפנלים סולאריים,בלאושטיין,ליאון,2014,המשרד לאיכות הסביבה,חיפה?,1400050,1675,Born digital,,המשרד להגנת הסביבה,IIA
קריטריונים להגדרת מוצר בר קיימא לבנייה ירוקה בישראל,בלאס,ורד,2014,המשרד לאיכות הסביבה,תל אביב?,1400055,20306,Born digital,,המשרד להגנת הסביבה,IIA
דיור ירוק לעומת קונבנציונלי - זמן עד למכירה ומוכנות לשלם,בן-שחר,דני ,2017,המשרד לאיכות הסביבה,תל אביב?,1400076,683,Born digital,,המשרד להגנת הסביבה,IIA
הטמעת עקרונות לבנייה ירוקה ותכנון בר-קיימא במרכזי הדיור הממשלתי,ברמן,יפתח,2008,,,1400007,14099,Born digital,,המשרד להגנת הסביבה,IIA
סקר תמריצים לבניה ירוקה בעולם והתאמתם לישראל,גארב,יעקב,2015,המשרד לאיכות הסביבה,באר שבע?,1400059,23275,Born digital,,המשרד להגנת הסביבה,IIA
סקר תמריצים לבניה ירוקה בעולם והתאמתם לישראל,גארב,יעקב ,2016,המשרד לאיכות הסביבה,באר שבע?,1400069,25000,Born digital,,המשרד להגנת הסביבה,IIA
דוח עתודות בנייה ירוקה בישראל 2018,גובזנסקי,רון ,,המשרד להגנת הסביבה,,1400009,1117,Born digital,,המשרד להגנת הסביבה,IIA
"סקר ספרות, ניתוח והצעה להוראות בתכנית לטיפול במשטר רוחות באזורים עירוניים
",גולדרייך,יאיר,2001,המשרד להגנת הסביבה,,1400032,6873,Born digital,,המשרד להגנת הסביבה,IIA
האנרגיה אגורה במבנה כתוצאה מחיזוק אלמנטים של הבטון באמצעות קליפה צמנטית משוריינת באמצעות בדים,גל,ארז,2014,המשרד לאיכות הסביבה,באר שבע?,1400052,5843,Born digital,,המשרד להגנת הסביבה,IIA
האנרגיה אגורה במבנה כתוצאה מחיזוק אלמנטים של הבטון באמצעות קליפה צמנטית משוריינת באמצעות בדים,גל,ארז,2015,המשרד לאיכות הסביבה,באר שבע?,1400064,5856,Born digital,,המשרד להגנת הסביבה,IIA
שימוש בצמחיה ככלי ניטור חדשני של מזהמים אורגניים נדיפים באזור הלא רווי,גרבר,אלן ,2006,המשרד לאיכות הסביבה,,1400043,9189,Born digital,,המשרד להגנת הסביבה,IIA
שימוש מים אפורים להשקיית גגות ירוקים,גרינבאום,נעם ,2014,המשרד לאיכות הסביבה,חיפה?,1400051,9104,Born digital,,המשרד להגנת הסביבה,IIA
שחרור מבוקר של קוטלי פטריות בקרקע בחלופה לחיטוי קרקע כממשק בר-קיימא,גרסטל,זאב,2005,המשרד להגנת הסביבה,בית דגן?,1400041,1800,Born digital,,המשרד להגנת הסביבה,IIA
הפחתת זיהום האוויר באמצעות תבניות שימושי קרקע וצורות בינוי המעודדות הליכה רכיבה על אופניים ושימוש בתחבורה ציבורית מהירה,גת,דניאל,2004,המשרד להגנת הסביבה / המרכז לחקר העיר והאזור,,1400036,16362,Born digital,,המשרד להגנת הסביבה,IIA
הפרקטיקה של תכנון בר-קיימא ברמה המקומית - הקשר בין אקלים ארגוני ופוליטיקה ארגונית ברשות מקומית לבין ההטמעה של עקרונות פיתוח בר-קיימא בתוצרי התכנון,דולב,אביגיל ,2017,המשרד לאיכות הסביבה,חיפה,1400078,19753,Born digital,,המשרד להגנת הסביבה,IIA
הטמעת שיקולי מגוון ביולוגי ושירותי מערכת אקולוגית בתכנון מרחבי - מסדרון מודיעין כמקרה בוחן,דיין,תמר ,2017,המשרד לאיכות הסביבה,תל אביב?,1400071,12618,Born digital,,המשרד להגנת הסביבה,IIA
בחינת כלים מתחום הכלכלה ההתנהגותית ויישומם לקידום בנייה ירוקה בישראל,דניאל,רוני ,2016,המשרד לאיכות הסביבה,,1400061,31900,Born digital,,המשרד להגנת הסביבה,IIA
תועלת הבנייה הירוקה בבתי ספר,דניאל,רוני,,המשרד להגנת הסביבה,,1400001,6803,Born digital,,המשרד להגנת הסביבה,IIA
"השפעות של שיטות ממשק שונות של עץ שרוף וגזם על מחזור המינרלים, סחיפה ומגוון המינים בעקבות שריפת הכרמל 2010",ויטנברג,לאה ,2017,המשרד לאיכות הסביבה,חיפה?,1400082,14351,Born digital,,המשרד להגנת הסביבה,IIA
הגנה על מורשת הנוף בישראל - בניית מסמך מדיניות למתכננים ולרשויות המקומיות בדבר שימוש בצמחים זרים,ז'אן,מארק,2008,המשרד לאיכות הסביבה,,1400021,10168,Born digital,,המשרד להגנת הסביבה,IIA
מיחזור של הריסות בניה מבטון וטיפול בפסולת בניה - דוח סופי - מאי 1998-אפריל 2001,זביצקי,יעקב,2002,המשרד להגנת הסביבה,באר שבע?,1400034,7227,Born digital,,המשרד להגנת הסביבה,IIA
השוואת שיטות לכיול מערכות לגילוי דליפות מצנרת וממיכלים תת-קרקעיים בתחנות דלק,חיים מיכלין,יפים ,2005,המשרד להגנת הסביבה/ מוסד הטכניון למחקר ופיתוח,חיפה?,1400042,3509,Born digital,,המשרד להגנת הסביבה,IIA
דוח מסכם למענק מחקר בנושא - המדרך האקולוגי (Footprint Ecological) ככלי לאומדן השפעת הפעילות העירונית על משאבי הטבע ואיכות הסביבה,חיים, אברהם ,2004,החוג לניהול משאבי טבע וסביבה - אוניברסיטת חיפה,,1400018,3108,Born digital,,המשרד להגנת הסביבה,IIA
ראשוני תמוך ממג זחל המופעות סביבתיות,חקלאי,מרדכי ,1977,האוניברסיטה העברית בירושלים,ירושלים?,1400028,40608,Born digital,,המשרד להגנת הסביבה,IIA
מדריך ליישום הריסה סלקטיבית (בררנית) – פסולת בנייה והריסה,טל,אורי,2022,המשרד לאיכות הסביבה,,1400084,1295,Born digital,,המשרד להגנת הסביבה,IIA
מדריך לעריכת תוכנית לניהול פסולת באתר בנייה והריסה,טל,אורי,2022,המשרד לאיכות הסביבה,,1400086,867,Born digital,,המשרד להגנת הסביבה,IIA
בחינת ההשפעה של בנייה ירוקה על הבריאות והפרודוקטיביות של המשתמשים במבנה - חלק א' - סקירת ספרות וניתוח מתודולוגיות,ילינק,אביאל ,2015,המשרד לאיכות הסביבה,,1400066,5543,Born digital,,המשרד להגנת הסביבה,IIA
"חסמים, פתרונות והזדמנויות בפיתוח שוק החומרים והמוצרים הירוקים בישראל",ילינק,אביאל,2014/2015?,המשרד לאיכות הסביבה,,1400058,24074,Born digital,,המשרד להגנת הסביבה,IIA
מצב הבנייה הירוקה בישראל - דוח שנתי,ילינק,אביאל ,2013,המשרד להגנת הסביבה,,1400013,7618,Born digital,,המשרד להגנת הסביבה,IIA
הערכת שרותי המערכת האקולוגית ורווחת האדם בשמורה הביוספרית הר הכרמל,יצחקי,עדו,2019,המשרד לאיכות הסביבה,חיפה?,1400083,77601,Born digital,,המשרד להגנת הסביבה,IIA
פיתוח כלים פיננסיים לקידום בנייה ירוקה למגורים בישראל,כרמון,עומרי ,2015,המשרד להגנת הסביבה,,1400004,21093,Born digital,,המשרד להגנת הסביבה,IIA
כלי מדיניות לקידום שיפוץ ירוק בסקטור המסחרי והמשרדים הפרטיים בישראל,לבציון נדן,נגה,2016,המשרד לאיכות הסביבה,,1400075,13821,Born digital,,המשרד להגנת הסביבה,IIA
"תבנית הבנייה למגורים בישראל - נתונים, הערכות ומגמות",לוטן,ניר ,2015,המשרד להגנת הסביבה,,1400012,2466,Born digital,,המשרד להגנת הסביבה,IIA
סקר התכנות ליישום של תאים פוטו-וולטאים משולבי מבנה בבניינים מסחריים בישראל,מדר,דניאל,2018,המשרד לאיכות הסביבה,,1400081,25810,Born digital,,המשרד להגנת הסביבה,IIA
הקטנת שפיעת ראדון בממדים,מוינסטר,מורי ,2002,המשרד להגנת הסביבה,,1400033,4681,Born digital,,המשרד להגנת הסביבה,IIA
דוח מחקר - מחקר המשך - תיירות אקולוגית,מורגנשטרן,דניאל,1998,משרד התיירות,ירושלים?,1400029,7913,Born digital,,המשרד להגנת הסביבה,IIA
דוח עתודות בנייה ירוקה בישראל 2021,מזרחי,רוית,2022,המשרד להגנת הסביבה,,1400011,3458,Born digital,,המשרד להגנת הסביבה,IIA
עתודות בנייה ירוקה בישראל 2020,מזרחי,רוית,2021,המשרד להגנת הסביבה,,1400003,3168,Born digital,,המשרד להגנת הסביבה,IIA
מחקרי סביבה מחקרים שהסתיימו בשנים 2017-2019 - תקצירים - לשכת המדענית הראשית,,,,המשרד להגנת הסביבה,,1400027,17868,Born digital,,המשרד להגנת הסביבה,IIA
התפשטות העיר והשפעתה על הקרקע והצומח,מלקינסון,דן ,2014,המשרד לאיכות הסביבה,,1400062,6986,Born digital,,המשרד להגנת הסביבה,IIA
מערכות פסיביות לחימום ולקירור מבנים ומיקרו אקלים עירוני,,,2016,המשרד להגנת הסביבה,,1400006,2030,Born digital,,המשרד להגנת הסביבה,IIA
מפגש חוקרים - בנייה ירוקה 22.6.2015,,,2015,המשרד להגנת הסביבה,"נווה אילן
",1400025,5854,Born digital,,המשרד להגנת הסביבה,IIA
מפגש חוקרים - בנייה ירוקה 23.12.13,,,2013,המשרד להגנת הסביבה,"נווה אילן
",1400024,4133,Born digital,,המשרד להגנת הסביבה,IIA
סקר לבחינת שיטה לדירוג ירוק של מבני משרדים קיימים,ניר גולדנברג,סיגל ,2014,המשרד לאיכות הסביבה,אריאל?,1400073,9793,Born digital,,המשרד להגנת הסביבה,IIA
מי נגר עירוני - ממטרד למשאב,נתיב,רונית,2003,המשרד להגנת הסביבה,ירושלים?,1400039,6680,Born digital,,המשרד להגנת הסביבה,IIA
"לקראת בנייה מאופסת אנרגיה בישראל - מודלים, קריטריונים ומתודולוגיות לקראת מפת דרכים לאדפטציה מקומית",נתניאן,יונתן,2016,המשרד לאיכות הסביבה,ירושלים?,1400079,27425,Born digital,,המשרד להגנת הסביבה,IIA
דוח סופי במחקר - מיפוי הפוטנציאל לבנייה אקלימית ירוקה באזורי מדינת ישראל לפי חוזה 8-701,עציון,יאיר ,2000,המשרד להגנת הסביבה,,1400017,4026,Born digital,,המשרד להגנת הסביבה,IIA
דוח עתודות בנייה ירוקה בישראל 2018,ערוסי,רפאל ,,המשרד להגנת הסביבה,,1400010,1453,Born digital,,המשרד להגנת הסביבה,IIA
הערכת שרותי מערכת מההר ועד הים - פיתוח מתודולוגיה מולטי דיספלינרית להגדרת - אינדיקטורים עבור שרותי מערכת אקולוגית החוצים יחידות נוף,פורטמן,מישל,2014,המשרד לאיכות הסביבה,חיפה,1400054,9751,Born digital,,המשרד להגנת הסביבה,IIA
קביעת קנה המידה המרחבי לניול שפכים חוצי גבולות - במקרה הישראלי פלשתינאי - דוח מסכם,פייטלסון,ערן,2004,המשרד להגנת הסביבה,ירושלים,1400038,40317,Born digital,,המשרד להגנת הסביבה,IIA
פרופילים מרחביים - כלי להערכת פיתוח בר - קיימא במרחב העירוני,פלאוט,פנינה,2014,המשרד להגנת הסביבה/ מוסד הטכניון למחקר ופיתוח,,1400056,16298,Born digital,,המשרד להגנת הסביבה,IIA
פיתוח צמנט בר קיימא ירוק להפחתת פליטת גזי חממה והקטנת עלויות בייצור,פלד,עלוה ,2015,המשרד לאיכות הסביבה,,1400068,4376,Born digital,,המשרד להגנת הסביבה,IIA
קידום כלי מדיניות למדידה ולהפחתה של הפחמן המגולם בענף הבנייה בישראל,פלדי,נדב,2022,המשרד להגנת הסביבה,ירושלים,1400000,19498,Born digital,,המשרד להגנת הסביבה,IIA
יישום תי 5281 בשיפוץ בנייני מגורים קיימים,פלמן,ברק,2013,המשרד לאיכות הסביבה,,1400047,11271,Born digital,,המשרד להגנת הסביבה,IIA
תכנון עירוני ובנייה ירוקה,פלמן,ברק ,2015,המשרד לאיכות הסביבה,,1400077,17912,Born digital,,המשרד להגנת הסביבה,IIA
בעיית הגז ראדון - 222 בבנייה למגורים,פרבלוב,א.,2002,המכון הלאומי לחקר הבנייה,,1400020,5115,Born digital,,המשרד להגנת הסביבה,IIA
השפעת חשיפת הציבור לרעש חזק באולמות שמחה - דוח מסכם,פריימוביץ,,2004,המשרד להגנת הסביבה,,1400037,1264,Born digital,,המשרד להגנת הסביבה,IIA
בחינת הגורמים להתנהגות צרכנים בנושא בנייה ירוקה,פרלמן,אמוץ,2017,המשרד לאיכות הסביבה,רמת גן?,1400080,11125,Born digital,,המשרד להגנת הסביבה,IIA
חזון בר-קיימא מול מציאות זוחלת - הזחילה העירונית בישראל - בחינה אמפירית של תבנית המרקמים העירוניים,פרנקל,אמנון ,2005,המשרד להגנת הסביבה / המרכז לחקר העיר והאזור,חיפה?,1400040,36364,Born digital,,המשרד להגנת הסביבה,IIA
קביעת תכולת רדיואיזוטופים בחומרי בנייה אופייניים בישראל,קובלר,ק.,1999,המשרד להגנת הסביבה,חיפה?,1400031,5319,Born digital,,המשרד להגנת הסביבה,IIA
"עלויות בנייה ירוקה בפרויקטים של שיפוץ מבני מגורים במסגרת תמ""א 38",קוט,חגי,2016,המשרד לאיכות הסביבה,,1400063,23765,Born digital,,המשרד להגנת הסביבה,IIA
בחינת היבטים כלכליים וכלים למימון התחדשות עירונית - מחקר במסגרת המיזם להעצמת השכונות הותיקות,קלמפרט,גלב ,2014,המשרד להגנת הסביבה,,1400016,8091,Born digital,,המשרד להגנת הסביבה,IIA
שילוב שטחים חקלאיים בפארקים ואזורי נופש מטרופוליניים,קפלן,מוטי ,2008,המשרד לאיכות הסביבה,,1400019,22717,Born digital,,המשרד להגנת הסביבה,IIA
שיקום וטיפוח נחלים בסביבה העירונית מתווים וכלי תכנון - מחקר מס' 6-70-202,קפלן,מוטי ,2009,המשרד לאיכות הסביבה,,1400022,19231,Born digital,,המשרד להגנת הסביבה,IIA
עמידות מבנים ירוקים ברעידות אדמה - השוואה בין שיטות שונות לשיפור עמידות מבנים לרעידת אדמה והשפעתן הסביבתית,ריבקוב,י. ,2016,המשרד לאיכות הסביבה,אריאל?,1400074,5588,Born digital,,המשרד להגנת הסביבה,IIA
"יישום ת""י 5281 בבנייה רוויה למגורים",שווץ,קרן,2014,המשרד לאיכות הסביבה,,1400048,8650,Born digital,,המשרד להגנת הסביבה,IIA
"מודלים למבנים מאופסי אנרגיה, התכנותם והתאמתם ליישום בישראל",שוורץ,יאיר ,2016,המשרד לאיכות הסביבה,,1400070,26714,Born digital,,המשרד להגנת הסביבה,IIA
חלונות אל העבר - משארי נוף בישראל,שטרן,"אלי	",2008,המשרד לאיכות הסביבה,תל אביב?,1400046,9777,Born digital,,המשרד להגנת הסביבה,IIA
שינויי אקלים - תכנון עירוני ובנייה ירוקה,,,2015,המשרד להגנת הסביבה,,1400026,19383,Born digital,,המשרד להגנת הסביבה,IIA
שינויי אקלים תכנון עירוני ובנייה ירוקה,,,2015,המשרד להגנת הסביבה,,1400015,19306,Born digital,,המשרד להגנת הסביבה,IIA
הערכה כלכלית של השפעות שינויי אקלים על שימושי הקרקע החקלאית בישראל,שכטר,מרדכי,2007,המשרד לאיכות הסביבה,חיפה?,1400044,11885,Born digital,,המשרד להגנת הסביבה,IIA
השפעת הטיפול בפסולת בנייה על שינוי אקלים,שמואלי,ליאור ,2019,,,1400085,884,Born digital,,המשרד להגנת הסביבה,IIA
תשטיפי פסולת בנין - אפיון ההרכב והאינטראקציות עם המדיום הבלתי רווי ופיתוח מדדים לאפיון אינטראקציות אלו,שנקר,משה ,2011,המשרד לאיכות הסביבה,,1400023,6078,Born digital,,המשרד להגנת הסביבה,IIA
עתודות בנייה ירוקה בישראל 2019,שרון,גל,2020,המשרד להגנת הסביבה,,1400002,3008,Born digital,,המשרד להגנת הסביבה,IIA
הערכה טכנו-כלכלית של שימושי פוספוגבס,תפוחי,אליאנה ,1998,המשרד להגנת הסביבה,תל אביב?,1400030,18317,Born digital,,המשרד להגנת הסביבה,IIA
"חוק התכנון והבניה, תשכה-1965",,,1965,,,1900000,102942,Born digital,Statute,רגולציה,IIA
"תקנות התכנון והבניה (ערר בפני המועצה הארצית), תשלב-1972",,,1972,,,1900001,1147,Born digital,Statute,רגולציה,IIA
"תקנות התכנון והבניה (הוראות מיוחדות בדבר היתר במיתקן בטחוני), תשכז-1966",,,1966,,,1900002,357,Born digital,Statute,רגולציה,IIA
"תקנות התכנון והבניה (עבודה ושימוש הטעונים היתר), תשכז-1967",,,1967,,,1900003,660,Born digital,Statute,רגולציה,IIA
"תקנות התכנון והבניה (סדרי דין בפני ועדת ערר לענין קרקע חקלאית), תשכט-1968",,,1968,,,1900004,591,Born digital,Statute,רגולציה,IIA
"תקנות התכנון והבניה (ערר על החלטה של ועדה מיוחדת בפני שרים), תשל-1970",,,1970,,,1900005,724,Born digital,Statute,רגולציה,IIA
"בנין ערים - תכנון ובניה - תקנות התכנון והבניה (בקשה להיתר, תנאיו ואגרות), תשל-1970",,,1970,,,1900006,83940,Born digital,Statute,רגולציה,IIA
"תקנות התכנון והבניה (בקשה להיתר, תנאיו ואגרות), תשל-1970",,,1970,,,1900007,75478,Born digital,Statute,רגולציה,IIA
"תקנות התכנון והבניה (סדרי דין בערעור), תשלז-1976",,,1976,,,1900008,90,Born digital,Statute,רגולציה,IIA
"תקנות התכנון והבניה (אישורים למתן שירותי חשמל, מים וטלפון), תשמא-1981",,,1981,,,1900009,479,Born digital,Statute,רגולציה,IIA
"תקנות התכנון והבניה (סדרי הדין בערעור על שומת השבחה), תשמא-1981",,,1981,,,1900010,369,Born digital,Statute,רגולציה,IIA
"תקנות התכנון והבניה (ערובות להבטחת תשלום היטל השבחה ודחיית תשלומים), תשמא-1981",,,1981,,,1900011,231,Born digital,Statute,רגולציה,IIA
"תקנות התכנון והבניה (תעודה בדבר תשלום היטל), תשמא-1981",,,1981,,,1900012,106,Born digital,Statute,רגולציה,IIA
"תקנות התכנון והבניה (תשלום היטל השבחה על הקלה בדירת מגורים), תשמא-1981",,,1981,,,1900013,111,Born digital,Statute,רגולציה,IIA
"תקנות התכנון והבניה (סדרי הדין בהליכים למתן צווים על פי המבקש בלבד), תשמג-1982",,,1982,,,1900014,649,Born digital,Statute,רגולציה,IIA
"תקנות התכנון והבניה (מסירת מידע לשמאי מקרקעין), תשמה-1985",,,1985,,,1900015,229,Born digital,Statute,רגולציה,IIA
"תקנות התכנון והבניה (סדרי נוהל בהתנגדויות לתכנית, סמכויות חוקר וסדרי עבודתו), תשמט-1989",,,1989,,,1900016,2049,Born digital,Statute,רגולציה,IIA
"תקנות התכנון והבניה (פרטים נדרשים בתכנית להיתר על ידי מורשה להיתר), תשנב-1992",,,1992,,,1900017,165,Born digital,Statute,רגולציה,IIA
"תקנות התכנון והבניה (חישוב שטחים ואחוזי בניה בתכניות ובהיתרים), תשנב-1992",,,1992,,,1900018,3315,Born digital,Statute,רגולציה,IIA
"תקנות התכנון והבניה (טופס בקשה לתעודת מורשה להיתר), תשנב-1992",,,1992,,,1900019,143,Born digital,Statute,רגולציה,IIA
"תקנות התכנון והבניה (בקשות להיתרי בניה שהכין מבקש תעודת מורשה להיתר), תשנב-1992",,,1992,,,1900020,100,Born digital,Statute,רגולציה,IIA
"תקנות התכנון והבניה (דרך הגשת התנגדות להוראת שינוי לועדה למיתקנים בטחוניים), תשנב-1992",,,1992,,,1900021,144,Born digital,Statute,רגולציה,IIA
"תקנות התכנון והבניה (סדרי הדין בועדות ערר), תשנו-1996",,,1996,,,1900022,1096,Born digital,Statute,רגולציה,IIA
"תקנות התכנון והבניה (פטור סוגי בקשות מתחולת סעיף 149 לחוק), תשנו-1996",,,1996,,,1900023,268,Born digital,Statute,רגולציה,IIA
"תקנות התכנון והבניה (סדרי הדין בועדות ערר בעררים לפי סעיף 198 לחוק), תשנח-1997",,,1997,,,1900024,1322,Born digital,Statute,רגולציה,IIA
"תקנות התכנון והבניה (פטור מהיתר לעבודה לצורכי מרעה בקרקע חקלאית באזורים כפריים ותנאיו), תשסא-2001",,,2001,,,1900025,727,Born digital,Statute,רגולציה,IIA
"תקנות התכנון והבניה (סטיה ניכרת מתכנית), תשסב-2002",,,2002,,,1900026,2537,Born digital,Statute,רגולציה,IIA
"תקנות התכנון והבניה (סדרי דין בבקשה לפי סעיף 207 לחוק), תשסט-2008",,,2008,,,1900027,843,Born digital,Statute,רגולציה,IIA
"תקנות התכנון והבניה (פטור מהיטל השבחה לעידוד חיזוק מבנים מפני רעידות אדמה) (הוראת שעה), תשסט-2008",,,2008,,,1900028,232,Born digital,Statute,רגולציה,IIA
"תקנות התכנון והבניה (סדרי דין בבקשה להכרעה לפני שמאי מכריע או שמאי מייעץ), תשסט-2008",,,2008,,,1900029,1734,Born digital,Statute,רגולציה,IIA
"תקנות התכנון והבניה (שכרו של שמאי מכריע ושמאי מייעץ), תשסט-2009",,,2009,,,1900030,1138,Born digital,Statute,רגולציה,IIA
"תקנות התכנון והבניה (תכנית איחוד וחלוקה), תשסט-2009",,,2009,,,1900031,1828,Born digital,Statute,רגולציה,IIA
"תקנות התכנון והבניה (סדרי דין בבקשות לעניין צו הריסה מינהלי), תשע-2010",,,2010,,,1900032,551,Born digital,Statute,רגולציה,IIA
"תקנות התכנון והבנייה (סדרי הדין בוועדות ערר בעררים לפי סעיף 14 לתוספת השלישית לחוק), תשעא-2010",,,2010,,,1900033,1278,Born digital,Statute,רגולציה,IIA
"תקנות התכנון והבנייה (פטור מהיתר לעבודה לצורך הקמת מיתקן שהייה למסתננים ותנאיו) (הוראת שעה), תשעב-2012",,,2012,,,1900034,1433,Born digital,Statute,רגולציה,IIA
"תקנות התכנון והבנייה (הכרזה על גבולות תחומיהם של אתרים בסביבה החופית של ים כנרת), תשעג-2013",,,2013,,,1900035,116,Born digital,Statute,רגולציה,IIA
"תקנות התכנון והבנייה (עבודות ומבנים הפטורים מהיתר), תשעד-2014",,,2014,,,1900036,6812,Born digital,Statute,רגולציה,IIA
"תקנות התכנון והבנייה (אישור מטרה ציבורית), תשעה-2014",,,2014,,,1900037,796,Born digital,Statute,רגולציה,IIA
"תקנות התכנון והבנייה (מיתקנים נלווים לקו תשתית תת-קרקעי), תשעה-2015",,,2015,,,1900038,674,Born digital,Statute,רגולציה,IIA
"חוק הליכי תכנון ובנייה להאצת הבנייה למגורים (הוראת שעה) (דיור בהישג יד להשכרה), תשעה-2015",,,2015,,,1900039,1272,Born digital,Statute,רגולציה,IIA
"תקנות התכנון והבנייה (תכנית הטעונה התייעצות עם פקיד היערות), תשעה-2015",,,2015,,,1900040,134,Born digital,Statute,רגולציה,IIA
"תקנות התכנון והבנייה (כללים בדבר גמול והוצאות לנציג בעל דעה מייעצת), תשעו-2015",,,2015,,,1900041,440,Born digital,Statute,רגולציה,IIA
"תקנות התכנון והבניה (בניין הדרוש במישרין לצורך הקמתה של דרך או שימוש בה), תשעו-2016",,,2016,,,1900042,265,Born digital,Statute,רגולציה,IIA
"תקנות התכנון והבנייה (בעל דירה הרשאי להגיש תכנית בבית משותף), תשעו-2016",,,2016,,,1900043,1192,Born digital,Statute,רגולציה,IIA
"תקנות התכנון והבנייה (רישוי בנייה), תשעו-2016",,,2016,,,1900044,15534,Born digital,Statute,רגולציה,IIA
"תקנות התכנון והבנייה (משלוח הודעות והחלטות בדרך מקוונת), תשעז-2016",,,2016,,,1900045,364,Born digital,Statute,רגולציה,IIA
"תקנות התכנון והבנייה (כללים בדבר עיסוק מותר של שמאים מכריעים) 
(הוראת שעה),תשעז-2017",,,2017,,,1900046,217,Born digital,Statute,רגולציה,IIA
"תקנות התכנון והבנייה (מכוני בקרה, תנאי כשירות נוספים והכשרה של בקר מורשה בטיחות אש), תשעח-2018",,,2018,,,1900047,456,Born digital,Statute,רגולציה,IIA
"תקנות התכנון והבנייה (תנאי הכשירות וההכשרה של בקר הגא לעניין הרשות המוסמכת), תשעח-2018",,,2018,,,1900048,332,Born digital,Statute,רגולציה,IIA
"תקנות התכנון והבנייה (הקמת מכון בקרה ודרכי עבודתו), תשעח-2018",,,2018,,,1900049,13043,Born digital,Statute,רגולציה,IIA
"תקנות התכנון והבנייה (כשירות בקר מורשה להגנת הסביבה), תשעח-2018",,,2018,,,1900050,374,Born digital,Statute,רגולציה,IIA
"תקנות התכנון והבנייה (כשירות בקר מורשה בריאות), תשעח-2018",,,2018,,,1900051,463,Born digital,Statute,רגולציה,IIA
"תקנות התכנון והבנייה (ביצוע התאמות נגישות למוסד חינוך חדש), תשעט-2018",,,2018,,,1900052,2699,Born digital,Statute,רגולציה,IIA
"תקנות התכנון והבנייה (התקנת מיתקן גישה אלחוטית לתקשורת בשיטה התאית), תשעט-2018",,,2018,,,1900053,2059,Born digital,Statute,רגולציה,IIA
"תקנות התכנון והבנייה (הצללה בגן שעשועים), תשעט-2019",,,2019,,,1900054,540,Born digital,Statute,רגולציה,IIA
"תקנות התכנון והבנייה (תכן הבנייה) (תברואה), תשף-2019",,,2019,,,1900055,7486,Born digital,Statute,רגולציה,IIA
"תקנות התכנון והבנייה (תכן הבנייה) (אצירת אשפה), תשף-2019",,,2019,,,1900056,2273,Born digital,Statute,רגולציה,IIA
"תקנות התכנון והבנייה (תכן הבנייה) (בטיחות המשתמש), תשף-2019",,,2019,,,1900057,1480,Born digital,Statute,רגולציה,IIA
"תקנות התכנון והבנייה (תכן הבנייה) (אקוסטיקה), תשף-2019",,,2019,,,1900058,1086,Born digital,Statute,רגולציה,IIA
"תקנות התכנון והבנייה (רישום מגרש תלת-ממדי), תשף-2020",,,2020,,,1900059,507,Born digital,Statute,רגולציה,IIA
"תקנות התכנון והבנייה (תכן הבנייה) (בנייה בת-קיימה), תשף-2020",,,2020,,,1900060,960,Born digital,Statute,רגולציה,IIA
"תקנות התכנון והבניה (רישוי מיתקני גז טבעי), תשסג-2003",,,2003,,,1900061,2162,Born digital,Statute,רגולציה,IIA
"תקנות התכנון והבניה (תדירות דיוני מוסד תכנון), תשסג-2003",,,2003,,,1900062,781,Born digital,Statute,רגולציה,IIA
"תקנות התכנון והבניה (תסקירי השפעה על הסביבה), תשסג-2003",,,2003,,,1900063,2683,Born digital,Statute,רגולציה,IIA
"תקנות התכנון והבניה (סדרי הדיון בקיום דיון חוזר במוסד תכנון), תשסג-2003",,,2003,,,1900064,425,Born digital,Statute,רגולציה,IIA
"תקנות התכנון והבניה (פרסום הודעה על הפקדת תכנית על גבי שלט לפי סעיף 89א לחוק), תשסד-2004",,,2004,,,1900065,816,Born digital,Statute,רגולציה,IIA
"תקנות התכנון והבניה (פטור מחובת התקנת מנגנון פיקוד שבת במעלית), תשסד-2004",,,2004,,,1900066,309,Born digital,Statute,רגולציה,IIA
"תקנות התכנון והבניה (בקשה להרשאה להקמת מבנה דרך), תשסה-2004",,,2004,,,1900067,633,Born digital,Statute,רגולציה,IIA
"תקנות התכנון והבניה (פטור מאגרה להגשת עררים לוועדת ערר לפי סעיף 198 לחוק), תשסז-2007",,,2007,,,1900068,221,Born digital,Statute,רגולציה,IIA
