id,text,upos,xpos,head,deprel,span,lemma,feats,expanded
1,בטון,PROPN,PROPN,30.0,nsubj,"(0, 4)",בטון,,
2,בעל,NOUN,NOUN,1.0,acl,"(5, 8)",בעל,Definite=Cons|Gender=Masc|Number=Sing,
3,תכונות,NOUN,NOUN,2.0,compound:smixut,"(9, 15)",תכונה,Gender=Fem|Number=Plur,
4,מעולות,ADJ,ADJ,3.0,amod,"(16, 22)",מעולה,Gender=Fem|Number=Plur,
5,(,PUNCT,PUNCT,6.0,punct,"(23, 24)",(,,
"(6, 8)",UHPC,,,,,"(24, 28)",,,"[{'id': 6, 'text': 'פ', 'upos': 'PROPN', 'xpos': 'PROPN', 'head': 3, 'deprel': 'appos', 'lemma': 'פ'}, {'id': 7, 'text': 'ה_', 'upos': 'DET', 'xpos': 'DET', 'feats': 'PronType=Art', 'head': 8, 'deprel': 'det:def', 'lemma': 'ה'}, {'id': 8, 'text': 'חפק', 'upos': 'NOUN', 'xpos': 'NOUN', 'feats': 'Xtra=Junk', 'head': 6, 'deprel': 'flat:name', 'lemma': 'חפק'}]"
9,),PUNCT,PUNCT,6.0,punct,"(28, 29)",),,
10,-,PUNCT,PUNCT,1.0,punct,"(30, 31)",-,,
11,שילוב,NOUN,NOUN,1.0,dep,"(32, 37)",שילוב,Definite=Cons|Gender=Masc|HebSource=ConvUncertainHead|Number=Sing,
12,אגרגט,NOUN,NOUN,11.0,compound:smixut,"(38, 43)",אגרגט,Gender=Masc|Number=Sing,
13,גס,ADJ,ADJ,12.0,amod,"(44, 46)",גס,Gender=Masc|Number=Sing,
"(14, 15)",וסוגי,,,,,"(47, 52)",,,"[{'id': 14, 'text': 'ו', 'upos': 'CCONJ', 'xpos': 'CCONJ', 'head': 15, 'deprel': 'cc', 'lemma': 'ו'}, {'id': 15, 'text': 'סוגי', 'upos': 'NOUN', 'xpos': 'NOUN', 'feats': 'Definite=Cons|Gender=Masc|Number=Plur', 'head': 12, 'deprel': 'conj', 'lemma': 'סוג'}]"
16,סיבים,NOUN,NOUN,15.0,compound:smixut,"(53, 58)",סיב,Gender=Masc|Number=Plur,
17,שונים,ADJ,ADJ,16.0,amod,"(59, 64)",שונה,Gender=Masc|Number=Plur,
"(18, 21)",והשפעתם,,,,,"(65, 72)",,,"[{'id': 18, 'text': 'ו', 'upos': 'CCONJ', 'xpos': 'CCONJ', 'head': 19, 'deprel': 'cc', 'lemma': 'ו'}, {'id': 19, 'text': 'השפעה_', 'upos': 'NOUN', 'xpos': 'NOUN', 'feats': 'Definite=Def|Gender=Fem|Number=Sing', 'head': 11, 'deprel': 'conj', 'lemma': 'השפעה'}, {'id': 20, 'text': '_של_', 'upos': 'ADP', 'xpos': 'ADP', 'head': 21, 'deprel': 'case:gen', 'lemma': 'של'}, {'id': 21, 'text': '_הם', 'upos': 'PRON', 'xpos': 'PRON', 'feats': 'Case=Gen|Gender=Masc|Number=Plur|Person=3|PronType=Prs', 'head': 19, 'deprel': 'nmod:poss', 'lemma': 'הוא'}]"
22,על,ADP,ADP,23.0,case,"(73, 75)",על,,
23,תכונות,NOUN,NOUN,19.0,nmod,"(76, 82)",תכונה,Definite=Cons|Gender=Fem|Number=Plur,
"(24, 25)",הבטון,,,,,"(83, 88)",,,"[{'id': 24, 'text': 'ה', 'upos': 'DET', 'xpos': 'DET', 'feats': 'PronType=Art', 'head': 25, 'deprel': 'det:def', 'lemma': 'ה'}, {'id': 25, 'text': 'בטון', 'upos': 'NOUN', 'xpos': 'NOUN', 'feats': 'Gender=Masc|Number=Sing', 'head': 23, 'deprel': 'compound:smixut', 'lemma': 'בטון'}]"
"(26, 27)",הקשוי,,,,,"(89, 94)",,,"[{'id': 26, 'text': 'ה', 'upos': 'DET', 'xpos': 'DET', 'feats': 'PronType=Art', 'head': 27, 'deprel': 'det:def', 'lemma': 'ה'}, {'id': 27, 'text': 'קשוי', 'upos': 'ADJ', 'xpos': 'ADJ', 'feats': 'Gender=Masc|Number=Sing', 'head': 25, 'deprel': 'amod', 'lemma': 'קשוי'}]"
"(28, 29)",והטרי,,,,,"(95, 100)",,,"[{'id': 28, 'text': 'ו', 'upos': 'CCONJ', 'xpos': 'CCONJ', 'head': 29, 'deprel': 'cc', 'lemma': 'ו'}, {'id': 29, 'text': 'הטרי', 'upos': 'DET', 'xpos': 'DET', 'feats': 'PronType=Art', 'head': 27, 'deprel': 'conj', 'lemma': 'הטר'}]"
30,תקציר,NOUN,NOUN,0.0,root,"(101, 106)",תקציר,Definite=Cons|Gender=Masc|Number=Sing,
31,מחקרים,NOUN,NOUN,30.0,compound:smixut,"(107, 113)",מחקר,Gender=Masc|Number=Plur,
32,קודמים,ADJ,ADJ,31.0,amod,"(114, 120)",קודם,Gender=Masc|Number=Plur,
33,הראו,VERB,VERB,31.0,acl:relcl,"(121, 125)",הראה,"Gender=Fem,Masc|HebBinyan=HIFIL|Number=Plur|Person=3|Tense=Past|Voice=Act",
34,פוטנטיאל,NOUN,NOUN,33.0,obj,"(126, 134)",פוטנטיאל,Gender=Masc|Number=Sing,
"(35, 36)",לייצור,,,,,"(135, 141)",,,"[{'id': 35, 'text': 'ל', 'upos': 'ADP', 'xpos': 'ADP', 'head': 36, 'deprel': 'case', 'lemma': 'ל'}, {'id': 36, 'text': 'ייצור', 'upos': 'NOUN', 'xpos': 'NOUN', 'feats': 'Definite=Cons|Gender=Masc|Number=Sing', 'head': 34, 'deprel': 'nmod', 'lemma': 'ייצור'}]"
37,בטון,NOUN,NOUN,36.0,compound:smixut,"(142, 146)",בטון,Gender=Masc|Number=Sing,
"(38, 39)",בחוזק,,,,,"(147, 152)",,,"[{'id': 38, 'text': 'ב', 'upos': 'ADP', 'xpos': 'ADP', 'head': 39, 'deprel': 'case', 'lemma': 'ב'}, {'id': 39, 'text': 'חוזק', 'upos': 'NOUN', 'xpos': 'NOUN', 'feats': 'Gender=Masc|Number=Sing', 'head': 36, 'deprel': 'nmod', 'lemma': 'חוזק'}]"
40,גבוה,ADJ,ADJ,37.0,amod,"(153, 157)",גבוה,Gender=Masc|Number=Sing,
41,במיוחד,ADV,ADV,40.0,advmod,"(158, 164)",במיוחד,,
42,גם,ADV,ADV,43.0,advmod,"(165, 167)",גם,,
43,עם,ADP,ADP,44.0,case,"(168, 170)",עם,,
44,אגרגט,NOUN,NOUN,55.0,nmod,"(171, 176)",אגרגט,Gender=Masc|Number=Sing,
45,גדול,ADJ,ADJ,44.0,amod,"(177, 181)",גדול,Gender=Masc|Number=Sing,
46,יחסית,ADV,ADV,45.0,advmod,"(182, 187)",יחסית,,
47,(,PUNCT,PUNCT,48.0,punct,"(188, 189)",(,,
48,עדש,NOUN,NOUN,44.0,appos,"(189, 192)",עדש,,
49,–,PUNCT,PUNCT,48.0,punct,"(193, 194)",–,,
50,14,NUM,NUM,48.0,nummod,"(195, 197)",14,,
51,~,PUNCT,PUNCT,50.0,dep,"(197, 198)",~,,
52,"מ""מ",NOUN,NOUN,48.0,nmod,"(198, 201)","מ""מ",Abbr=Yes|Gender=Masc|Number=Sing,
53,),PUNCT,PUNCT,48.0,punct,"(201, 202)",),,
54,תוך,ADP,ADP,55.0,case,"(203, 206)",תוך,,
55,שמירה,NOUN,NOUN,34.0,nmod,"(207, 212)",שמירה,Gender=Fem|Number=Sing,
56,על,ADP,ADP,57.0,case,"(213, 215)",על,,
57,יכולת,NOUN,NOUN,55.0,nmod,"(216, 221)",יכולת,Definite=Cons|Gender=Fem|Number=Sing,
58,ערבול,NOUN,NOUN,57.0,compound:smixut,"(222, 227)",ערבול,Gender=Masc|Number=Sing,
59,טובה,ADJ,ADJ,57.0,amod,"(228, 232)",טוב,Gender=Fem|Number=Sing,
"(60, 61)",והשגת,,,,,"(233, 238)",,,"[{'id': 60, 'text': 'ו', 'upos': 'CCONJ', 'xpos': 'CCONJ', 'head': 61, 'deprel': 'cc', 'lemma': 'ו'}, {'id': 61, 'text': 'השגת', 'upos': 'NOUN', 'xpos': 'NOUN', 'feats': 'Definite=Cons|Gender=Fem|Number=Sing', 'head': 55, 'deprel': 'conj', 'lemma': 'השגה'}]"
62,חוזק,NOUN,NOUN,61.0,compound:smixut,"(239, 243)",חוזק,Gender=Masc|Number=Sing,
63,גבוה,ADJ,ADJ,62.0,amod,"(244, 248)",גבוה,Gender=Masc|Number=Sing,
1,בנוסף,ADV,ADV,3.0,advmod,"(1, 6)",בנוסף,,
2,",",PUNCT,PUNCT,3.0,punct,"(6, 7)",",",,
3,נמצא,VERB,VERB,0.0,root,"(8, 12)",נמצא,Gender=Masc|HebBinyan=NIFAL|Number=Sing|Person=3|Tense=Past|Voice=Mid,
"(4, 5)",באותם,,,,,"(13, 18)",,,"[{'id': 4, 'text': 'ב', 'upos': 'ADP', 'xpos': 'ADP', 'head': 6, 'deprel': 'case', 'lemma': 'ב'}, {'id': 5, 'text': 'אותם', 'upos': 'PRON', 'xpos': 'PRON', 'feats': 'Definite=Def|Gender=Masc|Number=Plur|Person=3|PronType=Prs', 'head': 6, 'deprel': 'det', 'lemma': 'אותו'}]"
6,מחקרים,NOUN,NOUN,3.0,obl,"(19, 25)",מחקר,Gender=Masc|Number=Plur,
7,כי,SCONJ,SCONJ,8.0,mark,"(26, 28)",כי,,
8,ניתן,AUX,AUX,9.0,aux,"(29, 33)",ניתן,"Gender=Masc|Number=Sing|Person=1,2,3|VerbType=Mod",
9,להשתמש,VERB,VERB,3.0,ccomp,"(34, 40)",השתמש,HebBinyan=HITPAEL|VerbForm=Inf,
"(10, 11)",בכמות,,,,,"(41, 46)",,,"[{'id': 10, 'text': 'ב', 'upos': 'ADP', 'xpos': 'ADP', 'head': 11, 'deprel': 'case', 'lemma': 'ב'}, {'id': 11, 'text': 'כמות', 'upos': 'NOUN', 'xpos': 'NOUN', 'feats': 'Gender=Fem|Number=Sing', 'head': 9, 'deprel': 'obl', 'lemma': 'כמות'}]"
12,גדולה,ADJ,ADJ,11.0,amod,"(47, 52)",גדול,Gender=Fem|Number=Sing,
13,יחסית,ADV,ADV,12.0,advmod,"(53, 58)",יחסית,,
14,של,ADP,ADP,15.0,case:gen,"(59, 61)",של,Case=Gen,
15,סיבי,NOUN,NOUN,11.0,nmod,"(62, 66)",סיבי,Definite=Cons|Gender=Masc|Number=Plur,
16,פלדה,NOUN,NOUN,15.0,compound:smixut,"(67, 71)",פלדה,Gender=Fem|Number=Sing,
17,קצרים,ADJ,ADJ,15.0,amod,"(72, 77)",קצר,Gender=Masc|Number=Plur,
18,אך,CCONJ,CCONJ,22.0,cc,"(78, 80)",אך,,
19,גם,ADV,ADV,22.0,case,"(81, 83)",גם,,
"(20, 22)",בסיבים,,,,,"(84, 90)",,,"[{'id': 20, 'text': 'ב', 'upos': 'ADP', 'xpos': 'ADP', 'head': 22, 'deprel': 'case', 'lemma': 'ב'}, {'id': 21, 'text': 'ה_', 'upos': 'DET', 'xpos': 'DET', 'feats': 'PronType=Art', 'head': 22, 'deprel': 'det:def', 'lemma': 'ה'}, {'id': 22, 'text': 'סיבים', 'upos': 'NOUN', 'xpos': 'NOUN', 'feats': 'Gender=Masc|Number=Plur', 'head': 15, 'deprel': 'conj', 'lemma': 'סיב'}]"
23,ארוכים,ADJ,ADJ,22.0,amod,"(91, 97)",ארוך,Gender=Masc|Number=Plur,
24,",",PUNCT,PUNCT,8.0,punct,"(97, 98)",",",,
25,כאשר,SCONJ,SCONJ,8.0,advcl,"(99, 103)",כאשר,,
"(26, 27)",לכל,,,,,"(104, 107)",,,"[{'id': 26, 'text': 'ל', 'upos': 'ADP', 'xpos': 'ADP', 'head': 30, 'deprel': 'case', 'lemma': 'ל'}, {'id': 27, 'text': 'כל', 'upos': 'DET', 'xpos': 'DET', 'feats': 'Definite=Cons', 'head': 28, 'deprel': 'det', 'lemma': 'כול'}]"
28,אחד,NUM,NUM,8.0,obl,"(108, 111)",אחד,Gender=Masc|Number=Sing,
"(29, 30)",מהם,,,,,"(112, 115)",,,"[{'id': 29, 'text': 'מן_', 'upos': 'ADP', 'xpos': 'ADP', 'head': 30, 'deprel': 'case', 'lemma': 'מן'}, {'id': 30, 'text': '_הם', 'upos': 'PRON', 'xpos': 'PRON', 'feats': 'Gender=Masc|Number=Plur|Person=3|PronType=Prs', 'head': 28, 'deprel': 'obl', 'lemma': 'הוא'}]"
31,תרומה,NOUN,NOUN,28.0,nsubj,"(116, 121)",תרומה,Gender=Fem|Number=Sing,
"(32, 33)",בתחומים,,,,,"(122, 129)",,,"[{'id': 32, 'text': 'ב', 'upos': 'ADP', 'xpos': 'ADP', 'head': 33, 'deprel': 'case', 'lemma': 'ב'}, {'id': 33, 'text': 'תחומים', 'upos': 'NOUN', 'xpos': 'NOUN', 'feats': 'Gender=Masc|Number=Plur', 'head': 31, 'deprel': 'nmod', 'lemma': 'תחום'}]"
34,אחרים,ADJ,ADJ,33.0,amod,"(130, 135)",אחר,Gender=Masc|Number=Plur,
35,של,ADP,ADP,36.0,case:gen,"(136, 138)",של,Case=Gen,
36,התנהגות,NOUN,NOUN,33.0,nmod,"(139, 146)",התנהגות,Definite=Cons|Gender=Fem|Number=Sing,
"(37, 38)",הבטון,,,,,"(147, 152)",,,"[{'id': 37, 'text': 'ה', 'upos': 'DET', 'xpos': 'DET', 'feats': 'PronType=Art', 'head': 38, 'deprel': 'det:def', 'lemma': 'ה'}, {'id': 38, 'text': 'בטון', 'upos': 'NOUN', 'xpos': 'NOUN', 'feats': 'Gender=Masc|Number=Sing', 'head': 36, 'deprel': 'compound:smixut', 'lemma': 'בטון'}]"
"(39, 41)",במתיחה,,,,,"(153, 159)",,,"[{'id': 39, 'text': 'ב', 'upos': 'ADP', 'xpos': 'ADP', 'head': 41, 'deprel': 'case', 'lemma': 'ב'}, {'id': 40, 'text': 'ה_', 'upos': 'DET', 'xpos': 'DET', 'feats': 'PronType=Art', 'head': 41, 'deprel': 'det:def', 'lemma': 'ה'}, {'id': 41, 'text': 'מתיחה', 'upos': 'NOUN', 'xpos': 'NOUN', 'feats': 'Gender=Fem|Number=Sing', 'head': 36, 'deprel': 'nmod', 'lemma': 'מתיחה'}]"
"(42, 43)",בכפיפה,,,,,"(160, 166)",,,"[{'id': 42, 'text': 'ב', 'upos': 'ADP', 'xpos': 'ADP', 'head': 43, 'deprel': 'case', 'lemma': 'ב'}, {'id': 43, 'text': 'כפיפה', 'upos': 'NOUN', 'xpos': 'NOUN', 'feats': 'Gender=Fem|Number=Sing', 'head': 41, 'deprel': 'nmod', 'lemma': 'כפיפה'}]"
"(1, 2)",המחקר,,,,,"(1, 6)",,,"[{'id': 1, 'text': 'ה', 'upos': 'DET', 'xpos': 'DET', 'feats': 'PronType=Art', 'head': 2, 'deprel': 'det:def', 'lemma': 'ה'}, {'id': 2, 'text': 'מחקר', 'upos': 'NOUN', 'xpos': 'NOUN', 'feats': 'Gender=Masc|Number=Sing', 'head': 5, 'deprel': 'nsubj', 'lemma': 'מחקר'}]"
"(3, 4)",הנוכחי,,,,,"(7, 13)",,,"[{'id': 3, 'text': 'ה', 'upos': 'DET', 'xpos': 'DET', 'feats': 'PronType=Art', 'head': 4, 'deprel': 'det:def', 'lemma': 'ה'}, {'id': 4, 'text': 'נוכחי', 'upos': 'ADJ', 'xpos': 'ADJ', 'feats': 'Gender=Masc|Number=Sing', 'head': 2, 'deprel': 'amod', 'lemma': 'נוכחי'}]"
5,התמקד,VERB,VERB,0.0,root,"(14, 19)",התמקד,Gender=Masc|HebBinyan=HITPAEL|Number=Sing|Person=3|Tense=Past,
6,לפיכך,ADV,ADV,5.0,advmod,"(20, 25)",לפיכך,,
"(7, 8)",בשני,,,,,"(26, 30)",,,"[{'id': 7, 'text': 'ב', 'upos': 'ADP', 'xpos': 'ADP', 'head': 9, 'deprel': 'case', 'lemma': 'ב'}, {'id': 8, 'text': 'שני', 'upos': 'NUM', 'xpos': 'NUM', 'feats': 'Definite=Cons|Gender=Masc|Number=Plur', 'head': 9, 'deprel': 'nummod', 'lemma': 'שני'}]"
9,פרמטרים,NOUN,NOUN,5.0,obl,"(31, 38)",פרמטר,Gender=Masc|Number=Plur,
10,חשובים,ADJ,ADJ,9.0,amod,"(39, 45)",חשוב,Gender=Masc|Number=Plur,
11,אלה,PRON,PRON,9.0,det,"(46, 49)",אלה,Gender=Masc|Number=Plur|Person=3|PronType=Dem,
"(12, 13)",בבטון,,,,,"(50, 55)",,,"[{'id': 12, 'text': 'ב', 'upos': 'ADP', 'xpos': 'ADP', 'head': 13, 'deprel': 'case', 'lemma': 'ב'}, {'id': 13, 'text': 'בטון', 'upos': 'NOUN', 'xpos': 'NOUN', 'feats': 'Gender=Masc|Number=Sing', 'head': 9, 'deprel': 'nmod', 'lemma': 'בטון'}]"
14,בעל,NOUN,NOUN,13.0,acl,"(56, 59)",בעל,Definite=Cons|Gender=Masc|Number=Sing,
15,חוזק,NOUN,NOUN,14.0,compound:smixut,"(60, 64)",חוזק,Gender=Masc|Number=Sing,
16,גבוה,ADJ,ADJ,15.0,amod,"(65, 69)",גבוה,Gender=Masc|Number=Sing,
17,במיוחד,ADV,ADV,16.0,advmod,"(70, 76)",במיוחד,,
18,(,PUNCT,PUNCT,22.0,punct,"(77, 78)",(,,
19,-,PUNCT,PUNCT,22.0,punct,"(78, 79)",-,,
20,120,NUM,NUM,22.0,nummod,"(79, 82)",120,,
21,150,NUM,NUM,22.0,nummod,"(83, 86)",150,,
22,"מגפ""ס",NOUN,NOUN,16.0,dep,"(87, 92)","מגפ""ס",Abbr=Yes|Gender=Masc|Number=Sing,
23,),PUNCT,PUNCT,22.0,punct,"(92, 93)",),,
24,:,PUNCT,PUNCT,9.0,punct,"(93, 94)",:,,
25,-,PUNCT,PUNCT,26.0,punct,"(95, 96)",-,,
26,השפעת,NOUN,NOUN,9.0,appos,"(97, 102)",השפעה,Definite=Cons|Gender=Fem|Number=Sing,
27,שילוב,NOUN,NOUN,26.0,compound:smixut,"(103, 108)",שילוב,Definite=Cons|Gender=Masc|Number=Sing,
28,סיבים,NOUN,NOUN,27.0,compound:smixut,"(109, 114)",סיב,Gender=Masc|Number=Plur,
"(29, 30)",בגדלים,,,,,"(115, 121)",,,"[{'id': 29, 'text': 'ב', 'upos': 'ADP', 'xpos': 'ADP', 'head': 30, 'deprel': 'case', 'lemma': 'ב'}, {'id': 30, 'text': 'גדלים', 'upos': 'NOUN', 'xpos': 'NOUN', 'feats': 'Gender=Masc|Number=Plur', 'head': 27, 'deprel': 'nmod', 'lemma': 'גודל'}]"
31,שונים,ADJ,ADJ,30.0,amod,"(122, 127)",שונה,Gender=Masc|Number=Plur,
32,-,PUNCT,PUNCT,26.0,punct,"(128, 129)",-,HebSource=ConvUncertainHead,
33,השפעת,NOUN,NOUN,26.0,dep,"(130, 135)",השפעה,Gender=Fem|HebSource=ConvUncertainHead|Number=Sing,
34,גודל,NOUN,NOUN,33.0,compound:smixut,"(136, 140)",גודל,Definite=Cons|Gender=Masc|Number=Sing,
"(35, 36)",האגרגט,,,,,"(141, 147)",,,"[{'id': 35, 'text': 'ה', 'upos': 'DET', 'xpos': 'DET', 'feats': 'PronType=Art', 'head': 36, 'deprel': 'det:def', 'lemma': 'ה'}, {'id': 36, 'text': 'אגרגט', 'upos': 'NOUN', 'xpos': 'NOUN', 'feats': 'Gender=Masc|Number=Sing', 'head': 34, 'deprel': 'compound:smixut', 'lemma': 'אגרגט'}]"
"(37, 38)",הגדול,,,,,"(148, 153)",,,"[{'id': 37, 'text': 'ה', 'upos': 'DET', 'xpos': 'DET', 'feats': 'PronType=Art', 'head': 38, 'deprel': 'det:def', 'lemma': 'ה'}, {'id': 38, 'text': 'גדול', 'upos': 'ADJ', 'xpos': 'ADJ', 'feats': 'Gender=Masc|Number=Sing', 'head': 34, 'deprel': 'amod', 'lemma': 'גדול'}]"
"(39, 40)",בתערובת,,,,,"(154, 161)",,,"[{'id': 39, 'text': 'ב', 'upos': 'ADP', 'xpos': 'ADP', 'head': 40, 'deprel': 'case', 'lemma': 'ב'}, {'id': 40, 'text': 'תערובת', 'upos': 'NOUN', 'xpos': 'NOUN', 'feats': 'Gender=Fem|Number=Sing', 'head': 34, 'deprel': 'nmod', 'lemma': 'תערובת'}]"
41,שלושה,NUM,NUM,42.0,nummod,"(162, 167)",שלושה,Gender=Masc|Number=Sing,
42,סוגי,NOUN,NOUN,44.0,nsubj,"(168, 172)",סוג,Definite=Cons|Gender=Masc|Number=Plur,
43,סיבים,NOUN,NOUN,42.0,compound:smixut,"(173, 178)",סיב,Gender=Masc|Number=Plur,
44,נבדקו,VERB,VERB,26.0,dep,"(179, 184)",נבדק,"Gender=Fem,Masc|HebBinyan=NIFAL|Number=Plur|Person=3|Tense=Past|Voice=Mid",
"(45, 46)",במחקר,,,,,"(185, 190)",,,"[{'id': 45, 'text': 'ב', 'upos': 'ADP', 'xpos': 'ADP', 'head': 46, 'deprel': 'case', 'lemma': 'ב'}, {'id': 46, 'text': 'מחקר', 'upos': 'NOUN', 'xpos': 'NOUN', 'feats': 'Gender=Masc|Number=Sing', 'head': 44, 'deprel': 'obl', 'lemma': 'מחקר'}]"
47,:,PUNCT,PUNCT,49.0,punct,"(190, 191)",:,,
48,-,PUNCT,PUNCT,49.0,punct,"(192, 193)",-,,
49,סיבים,NOUN,NOUN,44.0,dep,"(194, 199)",סיב,Gender=Masc|Number=Plur,
50,קצרים,ADJ,ADJ,49.0,amod,"(200, 205)",קצר,Gender=Masc|Number=Plur,
"(51, 53)",בקוטר,,,,,"(206, 211)",,,"[{'id': 51, 'text': 'ב', 'upos': 'ADP', 'xpos': 'ADP', 'head': 53, 'deprel': 'case', 'lemma': 'ב'}, {'id': 52, 'text': 'ה_', 'upos': 'DET', 'xpos': 'DET', 'feats': 'PronType=Art', 'head': 53, 'deprel': 'det:def', 'lemma': 'ה'}, {'id': 53, 'text': 'קוטר', 'upos': 'NOUN', 'xpos': 'NOUN', 'feats': 'Gender=Masc|Number=Sing', 'head': 49, 'deprel': 'nmod', 'lemma': 'קוטר'}]"
54,0,NUM,NUM,53.0,nummod,"(212, 213)",0,,
1,4,NUM,NUM,2.0,nummod,"(0, 1)",4,,
2,"מ""מ",NOUN,NOUN,0.0,root,"(2, 5)","מ""מ",Abbr=Yes|Gender=Masc|Number=Sing,
"(3, 4)",ואורך,,,,,"(6, 11)",,,"[{'id': 3, 'text': 'ו', 'upos': 'CCONJ', 'xpos': 'CCONJ', 'head': 4, 'deprel': 'cc', 'lemma': 'ו'}, {'id': 4, 'text': 'אורך', 'upos': 'NOUN', 'xpos': 'NOUN', 'feats': 'Definite=Cons|Gender=Masc|Number=Sing', 'head': 2, 'deprel': 'conj', 'lemma': 'אורך'}]"
5,12,NUM,NUM,6.0,nummod,"(12, 14)",12,,
6,"מ""מ",NOUN,NOUN,4.0,compound:smixut,"(15, 18)","מ""מ",Abbr=Yes|Gender=Masc|Number=Sing,
7,-,PUNCT,PUNCT,8.0,punct,"(19, 20)",-,,
8,סיבים,NOUN,NOUN,2.0,dep,"(21, 26)",סיב,Gender=Masc|Number=Plur,
"(9, 11)",בקוטר,,,,,"(27, 32)",,,"[{'id': 9, 'text': 'ב', 'upos': 'ADP', 'xpos': 'ADP', 'head': 11, 'deprel': 'case', 'lemma': 'ב'}, {'id': 10, 'text': 'ה_', 'upos': 'DET', 'xpos': 'DET', 'feats': 'PronType=Art', 'head': 11, 'deprel': 'det:def', 'lemma': 'ה'}, {'id': 11, 'text': 'קוטר', 'upos': 'NOUN', 'xpos': 'NOUN', 'feats': 'Gender=Masc|Number=Sing', 'head': 8, 'deprel': 'nmod', 'lemma': 'קוטר'}]"
12,0,NUM,NUM,11.0,nummod,"(33, 34)",0,,
1,62,NUM,NUM,2.0,nummod,"(0, 2)",62,,
2,"מ""מ",NOUN,NOUN,0.0,root,"(3, 6)","מ""מ",Abbr=Yes|Gender=Masc|Number=Sing,
"(3, 4)",ואורך,,,,,"(7, 12)",,,"[{'id': 3, 'text': 'ו', 'upos': 'CCONJ', 'xpos': 'CCONJ', 'head': 4, 'deprel': 'cc', 'lemma': 'ו'}, {'id': 4, 'text': 'אורך', 'upos': 'NOUN', 'xpos': 'NOUN', 'feats': 'Definite=Cons|Gender=Masc|Number=Sing', 'head': 2, 'deprel': 'conj', 'lemma': 'אורך'}]"
5,30,NUM,NUM,6.0,nummod,"(13, 15)",30,,
6,"מ""מ",NOUN,NOUN,4.0,compound:smixut,"(16, 19)","מ""מ",Abbr=Yes|Gender=Masc|Number=Sing,
7,עם,ADP,ADP,8.0,case,"(20, 22)",עם,,
8,עיגון,NOUN,NOUN,2.0,nmod,"(23, 28)",עיגון,Gender=Masc|Number=Sing,
9,בודד,ADJ,ADJ,8.0,amod,"(29, 33)",בודד,Gender=Masc|Number=Sing,
"(10, 12)",בקצה,,,,,"(34, 38)",,,"[{'id': 10, 'text': 'ב', 'upos': 'ADP', 'xpos': 'ADP', 'head': 12, 'deprel': 'case', 'lemma': 'ב'}, {'id': 11, 'text': 'ה_', 'upos': 'DET', 'xpos': 'DET', 'feats': 'PronType=Art', 'head': 12, 'deprel': 'det:def', 'lemma': 'ה'}, {'id': 12, 'text': 'קצה', 'upos': 'NOUN', 'xpos': 'NOUN', 'feats': 'Gender=Masc|Number=Sing', 'head': 8, 'deprel': 'nmod', 'lemma': 'קצה'}]"
13,(,PUNCT,PUNCT,14.0,punct,"(39, 40)",(,,
14,3D,NUM,NUM,8.0,appos,"(40, 42)",3D,,
15,),PUNCT,PUNCT,14.0,punct,"(42, 43)",),,
16,-,PUNCT,PUNCT,17.0,punct,"(44, 45)",-,,
17,סיבים,NOUN,NOUN,8.0,appos,"(46, 51)",סיב,Gender=Masc|Number=Plur,
"(18, 20)",בקוטר,,,,,"(52, 57)",,,"[{'id': 18, 'text': 'ב', 'upos': 'ADP', 'xpos': 'ADP', 'head': 20, 'deprel': 'case', 'lemma': 'ב'}, {'id': 19, 'text': 'ה_', 'upos': 'DET', 'xpos': 'DET', 'feats': 'PronType=Art', 'head': 20, 'deprel': 'det:def', 'lemma': 'ה'}, {'id': 20, 'text': 'קוטר', 'upos': 'NOUN', 'xpos': 'NOUN', 'feats': 'Gender=Masc|Number=Sing', 'head': 17, 'deprel': 'nmod', 'lemma': 'קוטר'}]"
21,0,NUM,NUM,2.0,nummod,"(58, 59)",0,,
1,9,NUM,NUM,2.0,nummod,"(0, 1)",9,,
2,"מ""מ",NOUN,NOUN,19.0,dep,"(2, 5)","מ""מ",Abbr=Yes|Gender=Masc|Number=Sing,
"(3, 4)",ואורך,,,,,"(6, 11)",,,"[{'id': 3, 'text': 'ו', 'upos': 'CCONJ', 'xpos': 'CCONJ', 'head': 4, 'deprel': 'cc', 'lemma': 'ו'}, {'id': 4, 'text': 'אורך', 'upos': 'NOUN', 'xpos': 'NOUN', 'feats': 'Definite=Cons|Gender=Masc|Number=Sing', 'head': 2, 'deprel': 'conj', 'lemma': 'אורך'}]"
5,60,NUM,NUM,6.0,nummod,"(12, 14)",60,,
6,"מ""מ",NOUN,NOUN,4.0,compound:smixut,"(15, 18)","מ""מ",Abbr=Yes|Gender=Masc|Number=Sing,
7,עם,ADP,ADP,8.0,case,"(19, 21)",עם,,
8,עיגון,NOUN,NOUN,2.0,nmod,"(22, 27)",עיגון,Gender=Masc|Number=Sing,
9,כפול,ADJ,ADJ,8.0,amod,"(28, 32)",כפול,Gender=Masc|Number=Sing,
"(10, 12)",בקצה,,,,,"(33, 37)",,,"[{'id': 10, 'text': 'ב', 'upos': 'ADP', 'xpos': 'ADP', 'head': 12, 'deprel': 'case', 'lemma': 'ב'}, {'id': 11, 'text': 'ה_', 'upos': 'DET', 'xpos': 'DET', 'feats': 'PronType=Art', 'head': 12, 'deprel': 'det:def', 'lemma': 'ה'}, {'id': 12, 'text': 'קצה', 'upos': 'NOUN', 'xpos': 'NOUN', 'feats': 'Gender=Masc|Number=Sing', 'head': 8, 'deprel': 'nmod', 'lemma': 'קצה'}]"
13,(,PUNCT,PUNCT,14.0,punct,"(38, 39)",(,,
14,5D,NUM,NUM,8.0,appos,"(39, 41)",5D,,
15,),PUNCT,PUNCT,14.0,punct,"(41, 42)",),,
16,תערובות,NOUN,NOUN,19.0,nsubj,"(43, 50)",תערובת,Definite=Cons|Gender=Fem|Number=Plur,
"(17, 18)",הבטון,,,,,"(51, 56)",,,"[{'id': 17, 'text': 'ה', 'upos': 'DET', 'xpos': 'DET', 'feats': 'PronType=Art', 'head': 18, 'deprel': 'det:def', 'lemma': 'ה'}, {'id': 18, 'text': 'בטון', 'upos': 'NOUN', 'xpos': 'NOUN', 'feats': 'Gender=Masc|Number=Sing', 'head': 16, 'deprel': 'compound:smixut', 'lemma': 'בטון'}]"
19,הוכנו,VERB,VERB,0.0,root,"(57, 62)",הוכנה,"Gender=Fem,Masc|HebBinyan=HUFAL|Number=Plur|Person=3|Tense=Past|Voice=Pass",
20,עם,ADP,ADP,21.0,case,"(63, 65)",עם,,
21,סוג,NOUN,NOUN,19.0,obl,"(66, 69)",סוג,Gender=Masc|Number=Sing,
22,אחד,NUM,NUM,21.0,nummod,"(70, 73)",אחד,Gender=Masc|Number=Sing,
23,של,ADP,ADP,24.0,case:gen,"(74, 76)",של,Case=Gen,
24,סיבים,NOUN,NOUN,21.0,nmod,"(77, 82)",סיב,Gender=Masc|Number=Plur,
25,(,PUNCT,PUNCT,27.0,punct,"(83, 84)",(,,
26,150,NUM,NUM,27.0,nummod,"(84, 87)",150,,
27,"ק""ג",NOUN,NOUN,21.0,appos,"(88, 91)",קילוגרם,Abbr=Yes|Gender=Masc|Number=Sing,
28,/,PUNCT,PUNCT,29.0,punct,"(91, 92)",/,,
29,"מ""ק",NOUN,NOUN,27.0,nmod,"(92, 95)","מ""ק",Abbr=Yes,
"(30, 32)",לקצרים,,,,,"(96, 102)",,,"[{'id': 30, 'text': 'ל', 'upos': 'ADP', 'xpos': 'ADP', 'head': 32, 'deprel': 'case', 'lemma': 'ל'}, {'id': 31, 'text': 'ה_', 'upos': 'DET', 'xpos': 'DET', 'feats': 'PronType=Art', 'head': 32, 'deprel': 'det:def', 'lemma': 'ה'}, {'id': 32, 'text': 'קצרים', 'upos': 'ADJ', 'xpos': 'ADJ', 'feats': 'Gender=Masc|Number=Plur', 'head': 27, 'deprel': 'nmod', 'lemma': 'קצר'}]"
33,ו,CCONJ,CCONJ,36.0,cc,"(103, 104)",ו,,
34,-,PUNCT,PUNCT,27.0,punct,"(104, 105)",-,,
35,50,NUM,NUM,36.0,nummod,"(106, 108)",50,,
36,"ק""ג",NOUN,NOUN,27.0,conj,"(109, 112)",קילוגרם,Abbr=Yes|Gender=Masc|Number=Sing,
37,/,PUNCT,PUNCT,38.0,punct,"(112, 113)",/,,
38,"מ""ק",NOUN,NOUN,36.0,nmod,"(113, 116)","מ""ק",Abbr=Yes,
"(39, 40)",לשני,,,,,"(117, 121)",,,"[{'id': 39, 'text': 'ל', 'upos': 'ADP', 'xpos': 'ADP', 'head': 42, 'deprel': 'case', 'lemma': 'ל'}, {'id': 40, 'text': 'שני', 'upos': 'NUM', 'xpos': 'NUM', 'feats': 'Definite=Cons|Gender=Masc|Number=Plur', 'head': 42, 'deprel': 'nummod', 'lemma': 'שני'}]"
"(41, 42)",הארוכים,,,,,"(122, 129)",,,"[{'id': 41, 'text': 'ה', 'upos': 'DET', 'xpos': 'DET', 'feats': 'PronType=Art', 'head': 42, 'deprel': 'det:def', 'lemma': 'ה'}, {'id': 42, 'text': 'ארוכים', 'upos': 'NOUN', 'xpos': 'NOUN', 'feats': 'Gender=Masc|Number=Plur', 'head': 58, 'deprel': 'nmod', 'lemma': 'ארוך'}]"
43,),PUNCT,PUNCT,27.0,punct,"(129, 130)",),,
44,או,CCONJ,CCONJ,45.0,cc,"(131, 133)",או,,
45,שילוב,NOUN,NOUN,21.0,conj,"(134, 139)",שילוב,Definite=Cons|Gender=Masc|Number=Sing,
46,סיבים,NOUN,NOUN,45.0,compound:smixut,"(140, 145)",סיב,Gender=Masc|Number=Plur,
47,קצרים,ADJ,ADJ,46.0,amod,"(146, 151)",קצר,Gender=Masc|Number=Plur,
48,(,PUNCT,PUNCT,50.0,punct,"(152, 153)",(,,
49,100,NUM,NUM,50.0,nummod,"(153, 156)",100,,
50,"ק""ג",NOUN,NOUN,46.0,appos,"(157, 160)",קילוגרם,Abbr=Yes|Gender=Masc|Number=Sing,
51,/,PUNCT,PUNCT,52.0,punct,"(160, 161)",/,,
52,"מ""ק",NOUN,NOUN,50.0,nmod,"(161, 164)","מ""ק",Abbr=Yes,
53,),PUNCT,PUNCT,50.0,punct,"(164, 165)",),,
54,עם,ADP,ADP,58.0,case,"(166, 168)",עם,,
55,אחד,NUM,NUM,58.0,det,"(169, 172)",אחד,Gender=Masc|Number=Sing,
"(56, 58)",מהסיבים,,,,,"(173, 180)",,,"[{'id': 56, 'text': 'מ', 'upos': 'ADP', 'xpos': 'ADP', 'head': 58, 'deprel': 'case', 'lemma': 'מ'}, {'id': 57, 'text': 'ה', 'upos': 'DET', 'xpos': 'DET', 'feats': 'PronType=Art', 'head': 58, 'deprel': 'det:def', 'lemma': 'ה'}, {'id': 58, 'text': 'סיבים', 'upos': 'NOUN', 'xpos': 'NOUN', 'feats': 'Gender=Masc|Number=Plur', 'head': 45, 'deprel': 'nmod', 'lemma': 'סיב'}]"
"(59, 60)",הארוכים,,,,,"(181, 188)",,,"[{'id': 59, 'text': 'ה', 'upos': 'DET', 'xpos': 'DET', 'feats': 'PronType=Art', 'head': 60, 'deprel': 'det:def', 'lemma': 'ה'}, {'id': 60, 'text': 'ארוכים', 'upos': 'ADJ', 'xpos': 'ADJ', 'feats': 'Gender=Masc|Number=Plur', 'head': 58, 'deprel': 'amod', 'lemma': 'ארוך'}]"
61,(,PUNCT,PUNCT,63.0,punct,"(189, 190)",(,,
62,50,NUM,NUM,63.0,nummod,"(190, 192)",50,,
63,"ק""ג",NOUN,NOUN,58.0,appos,"(193, 196)",קילוגרם,Abbr=Yes|Gender=Masc|Number=Sing,
64,/,PUNCT,PUNCT,65.0,punct,"(196, 197)",/,,
65,"מ""ק",NOUN,NOUN,63.0,nmod,"(197, 200)","מ""ק",Abbr=Yes|Gender=Masc|HebSource=ConvUncertainLabel|Number=Sing,
66,),PUNCT,PUNCT,63.0,punct,"(200, 201)",),,
1,שלושה,NUM,NUM,2.0,nummod,"(1, 6)",שלושה,Gender=Masc|Number=Sing,
2,גדלים,NOUN,NOUN,6.0,nsubj,"(7, 12)",גודל,Gender=Masc|Number=Plur,
3,מכסימליים,ADJ,ADJ,2.0,amod,"(13, 22)",מכסימלי,Gender=Masc|Number=Plur,
4,של,ADP,ADP,5.0,case:gen,"(23, 25)",של,Case=Gen,
5,אגרגטים,NOUN,NOUN,2.0,nmod,"(26, 33)",אגרגט,Gender=Masc|Number=Plur,
6,נבדקו,VERB,VERB,0.0,root,"(34, 39)",נבדק,"Gender=Fem,Masc|HebBinyan=NIFAL|Number=Plur|Person=3|Tense=Past|Voice=Mid",
"(7, 8)",במחקר,,,,,"(40, 45)",,,"[{'id': 7, 'text': 'ב', 'upos': 'ADP', 'xpos': 'ADP', 'head': 8, 'deprel': 'case', 'lemma': 'ב'}, {'id': 8, 'text': 'מחקר', 'upos': 'NOUN', 'xpos': 'NOUN', 'feats': 'Gender=Masc|Number=Sing', 'head': 6, 'deprel': 'obl', 'lemma': 'מחקר'}]"
9,:,PUNCT,PUNCT,8.0,punct,"(45, 46)",:,,
10,-,PUNCT,PUNCT,11.0,punct,"(47, 48)",-,,
11,עדש,NOUN,NOUN,8.0,appos,"(49, 52)",עדש,HebSource=ConvUncertainHead,
12,(,PUNCT,PUNCT,14.0,punct,"(53, 54)",(,,
13,14,NUM,NUM,14.0,nummod,"(54, 56)",14,,
14,"מ""מ",NOUN,NOUN,11.0,appos,"(57, 60)","מ""מ",Abbr=Yes|Gender=Masc|Number=Sing,
15,),PUNCT,PUNCT,14.0,punct,"(60, 61)",),,
16,-,PUNCT,PUNCT,11.0,dep,"(62, 63)",-,HebSource=ConvUncertainHead,
17,שומשום,NOUN,NOUN,11.0,dep,"(64, 70)",שומשום,Gender=Masc|HebSource=ConvUncertainHead|Number=Sing,
18,(,PUNCT,PUNCT,19.0,punct,"(71, 72)",(,,
19,9,NUM,NUM,17.0,appos,"(72, 73)",9,,
1,5,NUM,NUM,2.0,nummod,"(0, 1)",5,,
2,"מ""מ",NOUN,NOUN,0.0,root,"(2, 5)","מ""מ",Abbr=Yes|Gender=Masc|Number=Sing,
3,),PUNCT,PUNCT,2.0,punct,"(5, 6)",),,
4,-,PUNCT,PUNCT,2.0,punct,"(7, 8)",-,,
5,חול,NOUN,NOUN,2.0,dep,"(9, 12)",חול,HebSource=ConvUncertainHead,
6,(,PUNCT,PUNCT,7.0,punct,"(13, 14)",(,,
7,0,NUM,NUM,2.0,appos,"(14, 15)",0,,
1,6,NUM,NUM,2.0,nummod,"(0, 1)",6,,
2,"מ""מ",NOUN,NOUN,8.0,dep,"(2, 5)","מ""מ",Abbr=Yes|Gender=Masc|Number=Sing,
3,),PUNCT,PUNCT,2.0,punct,"(5, 6)",),,
"(4, 5)",לצורך,,,,,"(7, 12)",,,"[{'id': 4, 'text': 'ל', 'upos': 'ADP', 'xpos': 'ADP', 'head': 5, 'deprel': 'case', 'lemma': 'ל'}, {'id': 5, 'text': 'צורך', 'upos': 'NOUN', 'xpos': 'NOUN', 'feats': 'Gender=Masc|Number=Sing', 'head': 8, 'deprel': 'obl', 'lemma': 'צורך'}]"
"(6, 7)",השוואה,,,,,"(13, 19)",,,"[{'id': 6, 'text': 'ה', 'upos': 'DET', 'xpos': 'DET', 'feats': 'PronType=Art', 'head': 7, 'deprel': 'det:def', 'lemma': 'ה'}, {'id': 7, 'text': 'שוואה', 'upos': 'ADJ', 'xpos': 'ADJ', 'feats': 'Gender=Masc|Number=Sing', 'head': 5, 'deprel': 'amod', 'lemma': 'שוואה'}]"
8,הוכנו,VERB,VERB,0.0,root,"(20, 25)",הוכנה,"Gender=Fem,Masc|HebBinyan=HUFAL|Number=Plur|Person=3|Tense=Past|Voice=Pass",
9,גם,ADV,ADV,8.0,advmod,"(26, 28)",גם,,
10,תערובות,NOUN,NOUN,8.0,nsubj,"(29, 36)",תערובת,Gender=Fem|Number=Plur,
11,זהות,ADJ,ADJ,10.0,amod,"(37, 41)",זהה,Gender=Fem|Number=Plur,
12,אך,CCONJ,CCONJ,14.0,cc,"(42, 44)",אך,,
"(13, 14)",בחוזק,,,,,"(45, 50)",,,"[{'id': 13, 'text': 'ב', 'upos': 'ADP', 'xpos': 'ADP', 'head': 14, 'deprel': 'case', 'lemma': 'ב'}, {'id': 14, 'text': 'חוזק', 'upos': 'NOUN', 'xpos': 'NOUN', 'feats': 'Gender=Masc|Number=Sing', 'head': 11, 'deprel': 'conj', 'lemma': 'חוזק'}]"
15,בינוני,ADJ,ADJ,14.0,amod,"(51, 57)",בינוני,Gender=Masc|Number=Sing,
16,של,ADP,ADP,17.0,case:gen,"(58, 60)",של,Case=Gen,
17,בטון,NOUN,NOUN,14.0,nmod,"(61, 65)",בטון,Gender=Masc|Number=Sing,
18,(,PUNCT,PUNCT,19.0,punct,"(66, 67)",(,,
19,70,NUM,NUM,35.0,appos,"(67, 69)",70,,
20,~,PUNCT,PUNCT,21.0,nummod,"(69, 70)",~,,
21,"מגפ""ס",NOUN,NOUN,19.0,appos,"(71, 76)","מגפ""ס",Abbr=Yes,
22,),PUNCT,PUNCT,19.0,punct,"(76, 77)",),,
23,השפעת,NOUN,NOUN,8.0,dep,"(78, 83)",השפעה,Definite=Cons|Gender=Fem|Number=Sing,
24,גודל,NOUN,NOUN,23.0,compound:smixut,"(84, 88)",גודל,Definite=Cons|Gender=Masc|Number=Sing,
"(25, 26)",האגרגט,,,,,"(89, 95)",,,"[{'id': 25, 'text': 'ה', 'upos': 'DET', 'xpos': 'DET', 'feats': 'PronType=Art', 'head': 26, 'deprel': 'det:def', 'lemma': 'ה'}, {'id': 26, 'text': 'אגרגט', 'upos': 'NOUN', 'xpos': 'NOUN', 'feats': 'Gender=Masc|Number=Sing', 'head': 24, 'deprel': 'compound:smixut', 'lemma': 'אגרגט'}]"
27,:,PUNCT,PUNCT,8.0,punct,"(95, 96)",:,,
"(28, 29)",בכל,,,,,"(97, 100)",,,"[{'id': 28, 'text': 'ב', 'upos': 'ADP', 'xpos': 'ADP', 'head': 31, 'deprel': 'case', 'lemma': 'ב'}, {'id': 29, 'text': 'כל', 'upos': 'DET', 'xpos': 'DET', 'feats': 'Definite=Cons', 'head': 31, 'deprel': 'det', 'lemma': 'כול'}]"
"(30, 31)",התערובות,,,,,"(101, 109)",,,"[{'id': 30, 'text': 'ה', 'upos': 'DET', 'xpos': 'DET', 'feats': 'PronType=Art', 'head': 31, 'deprel': 'det:def', 'lemma': 'ה'}, {'id': 31, 'text': 'תערובות', 'upos': 'NOUN', 'xpos': 'NOUN', 'feats': 'Gender=Fem|Number=Plur', 'head': 37, 'deprel': 'obl', 'lemma': 'תערובת'}]"
"(32, 33)",שהוכנו,,,,,"(110, 116)",,,"[{'id': 32, 'text': 'ש', 'upos': 'SCONJ', 'xpos': 'SCONJ', 'head': 33, 'deprel': 'mark', 'lemma': 'ש'}, {'id': 33, 'text': 'הוכנו', 'upos': 'VERB', 'xpos': 'VERB', 'feats': 'Gender=Fem,Masc|HebBinyan=HUFAL|Number=Plur|Person=3|Tense=Past|Voice=Pass', 'head': 31, 'deprel': 'acl:relcl', 'lemma': 'הוכנה'}]"
"(34, 35)",בחוזק,,,,,"(117, 122)",,,"[{'id': 34, 'text': 'ב', 'upos': 'ADP', 'xpos': 'ADP', 'head': 35, 'deprel': 'case', 'lemma': 'ב'}, {'id': 35, 'text': 'חוזק', 'upos': 'NOUN', 'xpos': 'NOUN', 'feats': 'Gender=Masc|Number=Sing', 'head': 33, 'deprel': 'obl', 'lemma': 'חוזק'}]"
36,גבוה,ADJ,ADJ,35.0,amod,"(123, 127)",גבוה,Gender=Masc|Number=Sing,
37,נמצא,VERB,VERB,8.0,parataxis,"(128, 132)",נמצא,Gender=Masc|HebBinyan=NIFAL|Number=Sing|Person=3|Tense=Past|Voice=Mid,
38,כי,SCONJ,SCONJ,46.0,mark,"(133, 135)",כי,,
39,אלה,PRON,PRON,46.0,nsubj,"(136, 139)",אלה,Gender=Masc|Number=Plur|Person=3|PronType=Dem,
"(40, 41)",שהוכנו,,,,,"(140, 146)",,,"[{'id': 40, 'text': 'ש', 'upos': 'SCONJ', 'xpos': 'SCONJ', 'head': 41, 'deprel': 'mark', 'lemma': 'ש'}, {'id': 41, 'text': 'הוכנו', 'upos': 'VERB', 'xpos': 'VERB', 'feats': 'Gender=Fem,Masc|HebBinyan=HUFAL|Number=Plur|Person=3|Tense=Past|Voice=Pass', 'head': 39, 'deprel': 'acl:relcl', 'lemma': 'הוכנה'}]"
42,עם,ADP,ADP,43.0,case,"(147, 149)",עם,,
43,אגרגט,NOUN,NOUN,41.0,obl,"(150, 155)",אגרגט,Definite=Cons|Gender=Masc|Number=Sing,
44,חול,NOUN,NOUN,43.0,compound:smixut,"(156, 159)",חול,Gender=Masc|Number=Sing,
45,בלבד,ADV,ADV,43.0,advmod,"(160, 164)",בלבד,,
46,התנהגו,VERB,VERB,37.0,ccomp,"(165, 171)",התנהג,"Gender=Fem,Masc|HebBinyan=HITPAEL|Number=Plur|Person=3|Tense=Past",
"(47, 48)",באופן,,,,,"(172, 177)",,,"[{'id': 47, 'text': 'ב', 'upos': 'ADP', 'xpos': 'ADP', 'head': 48, 'deprel': 'case', 'lemma': 'ב'}, {'id': 48, 'text': 'אופן', 'upos': 'NOUN', 'xpos': 'NOUN', 'feats': 'Gender=Masc|Number=Sing', 'head': 69, 'deprel': 'obl', 'lemma': 'אופן'}]"
"(49, 50)",הפחות,,,,,"(178, 183)",,,"[{'id': 49, 'text': 'ה', 'upos': 'DET', 'xpos': 'DET', 'feats': 'PronType=Art', 'head': 51, 'deprel': 'det:def', 'lemma': 'ה'}, {'id': 50, 'text': 'פחות', 'upos': 'ADV', 'xpos': 'ADV', 'head': 51, 'deprel': 'advmod', 'lemma': 'פחות'}]"
51,טוב,ADJ,ADJ,48.0,amod,"(184, 187)",טוב,Gender=Masc|Number=Sing,
"(52, 53)",מכל,,,,,"(188, 191)",,,"[{'id': 52, 'text': 'מ', 'upos': 'ADP', 'xpos': 'ADP', 'head': 55, 'deprel': 'case', 'lemma': 'מ'}, {'id': 53, 'text': 'כל', 'upos': 'DET', 'xpos': 'DET', 'feats': 'Definite=Cons', 'head': 55, 'deprel': 'det', 'lemma': 'כול'}]"
"(54, 55)",האחרות,,,,,"(192, 198)",,,"[{'id': 54, 'text': 'ה', 'upos': 'DET', 'xpos': 'DET', 'feats': 'PronType=Art', 'head': 55, 'deprel': 'det:def', 'lemma': 'ה'}, {'id': 55, 'text': 'אחרות', 'upos': 'ADJ', 'xpos': 'ADJ', 'feats': 'Gender=Fem|Number=Plur', 'head': 51, 'deprel': 'advmod', 'lemma': 'אחר'}]"
56,",",PUNCT,PUNCT,37.0,punct,"(198, 199)",",",,
57,זאת,PRON,PRON,37.0,nsubj,"(200, 203)",זאת,Gender=Fem|Number=Sing|Person=3|PronType=Dem,
58,בניגוד,CCONJ,CCONJ,61.0,case,"(204, 210)",בניגוד,,
"(59, 61)",לסברה,,,,,"(211, 216)",,,"[{'id': 59, 'text': 'ל', 'upos': 'ADP', 'xpos': 'ADP', 'head': 58, 'deprel': 'fixed', 'lemma': 'ל'}, {'id': 60, 'text': 'ה_', 'upos': 'DET', 'xpos': 'DET', 'feats': 'PronType=Art', 'head': 61, 'deprel': 'det:def', 'lemma': 'ה'}, {'id': 61, 'text': 'סברה', 'upos': 'NOUN', 'xpos': 'NOUN', 'feats': 'Gender=Fem|Number=Sing', 'head': 37, 'deprel': 'obl', 'lemma': 'סברה'}]"
62,כי,SCONJ,SCONJ,68.0,mark,"(217, 219)",כי,,
63,בטון,NOUN,NOUN,41.0,nsubj,"(220, 224)",בטון,Gender=Masc|Number=Sing,
64,טוב,ADJ,ADJ,63.0,amod,"(225, 228)",טוב,Gender=Masc|Number=Sing,
"(65, 66)",בחוזק,,,,,"(229, 234)",,,"[{'id': 65, 'text': 'ב', 'upos': 'ADP', 'xpos': 'ADP', 'head': 66, 'deprel': 'case', 'lemma': 'ב'}, {'id': 66, 'text': 'חוזק', 'upos': 'NOUN', 'xpos': 'NOUN', 'feats': 'Gender=Masc|Number=Sing', 'head': 63, 'deprel': 'nmod', 'lemma': 'חוזק'}]"
67,גבוה,ADJ,ADJ,66.0,amod,"(235, 239)",גבוה,Gender=Masc|Number=Sing,
68,ניתן,AUX,AUX,69.0,aux,"(240, 244)",ניתן,"Gender=Masc|Number=Sing|Person=1,2,3|VerbType=Mod",
69,להכין,VERB,VERB,61.0,acl:relcl,"(245, 250)",הכין,HebBinyan=HIFIL|VerbForm=Inf|Voice=Act,
70,עם,ADP,ADP,71.0,case,"(251, 253)",עם,,
71,אגרגט,NOUN,NOUN,69.0,obl,"(254, 259)",אגרגט,Gender=Masc|Number=Sing,
72,קטן,ADJ,ADJ,71.0,amod,"(260, 263)",קטן,Gender=Masc|Number=Sing,
73,בלבד,ADV,ADV,71.0,advmod,"(264, 268)",בלבד,,
1,תופעה,NOUN,NOUN,3.0,nsubj,"(1, 6)",תופעה,Gender=Fem|Number=Sing,
2,זו,PRON,PRON,1.0,det,"(7, 9)",זו,Gender=Fem|Number=Sing|Person=3|PronType=Dem,
3,נראתה,VERB,VERB,0.0,root,"(10, 15)",נראה,Gender=Fem|HebBinyan=NIFAL|Number=Sing|Person=3|Tense=Past|Voice=Mid,
"(4, 5)",בבדיקות,,,,,"(16, 23)",,,"[{'id': 4, 'text': 'ב', 'upos': 'ADP', 'xpos': 'ADP', 'head': 5, 'deprel': 'case', 'lemma': 'ב'}, {'id': 5, 'text': 'בדיקות', 'upos': 'NOUN', 'xpos': 'NOUN', 'feats': 'Definite=Cons|Gender=Fem|Number=Plur', 'head': 3, 'deprel': 'obl', 'lemma': 'בדיקה'}]"
6,חוזק,NOUN,NOUN,5.0,compound:smixut,"(24, 28)",חוזק,Definite=Cons|Gender=Masc|Number=Sing,
7,לחיצה,NOUN,NOUN,6.0,compound:smixut,"(29, 34)",לחיצה,Gender=Fem|Number=Sing,
"(8, 9)",ואופן,,,,,"(35, 40)",,,"[{'id': 8, 'text': 'ו', 'upos': 'CCONJ', 'xpos': 'CCONJ', 'head': 9, 'deprel': 'cc', 'lemma': 'ו'}, {'id': 9, 'text': 'אופן', 'upos': 'NOUN', 'xpos': 'NOUN', 'feats': 'Gender=Masc|Number=Sing', 'head': 5, 'deprel': 'conj', 'lemma': 'אופן'}]"
10,בולט,ADJ,ADJ,9.0,amod,"(41, 45)",בולט,Gender=Masc|Number=Sing,
11,יותר,ADV,ADV,10.0,advmod,"(46, 50)",יותר,,
"(12, 13)",בבדיקות,,,,,"(51, 58)",,,"[{'id': 12, 'text': 'ב', 'upos': 'ADP', 'xpos': 'ADP', 'head': 13, 'deprel': 'case', 'lemma': 'ב'}, {'id': 13, 'text': 'בדיקות', 'upos': 'NOUN', 'xpos': 'NOUN', 'feats': 'Definite=Cons|Gender=Fem|Number=Plur', 'head': 9, 'deprel': 'nmod', 'lemma': 'בדיקה'}]"
14,חוזק,NOUN,NOUN,13.0,compound:smixut,"(59, 63)",חוזק,Definite=Cons|Gender=Masc|Number=Sing,
15,מתיחה,NOUN,NOUN,14.0,compound:smixut,"(64, 69)",מתיחה,Gender=Fem|Number=Sing,
"(16, 17)",בכפיפה,,,,,"(70, 76)",,,"[{'id': 16, 'text': 'ב', 'upos': 'ADP', 'xpos': 'ADP', 'head': 17, 'deprel': 'case', 'lemma': 'ב'}, {'id': 17, 'text': 'כפיפה', 'upos': 'NOUN', 'xpos': 'NOUN', 'feats': 'Gender=Fem|Number=Sing', 'head': 13, 'deprel': 'nmod', 'lemma': 'כפיפה'}]"
"(1, 2)",במהלך,,,,,"(1, 6)",,,"[{'id': 1, 'text': 'ב', 'upos': 'ADP', 'xpos': 'ADP', 'head': 3, 'deprel': 'case', 'lemma': 'ב'}, {'id': 2, 'text': 'מהלך', 'upos': 'NOUN', 'xpos': 'NOUN', 'feats': 'Gender=Masc|Number=Sing', 'head': 1, 'deprel': 'fixed', 'lemma': 'מהלך'}]"
3,הכנת,NOUN,NOUN,6.0,obl,"(7, 11)",הכנה,Definite=Cons|Gender=Fem|Number=Sing,
"(4, 5)",התערובות,,,,,"(12, 20)",,,"[{'id': 4, 'text': 'ה', 'upos': 'DET', 'xpos': 'DET', 'feats': 'PronType=Art', 'head': 5, 'deprel': 'det:def', 'lemma': 'ה'}, {'id': 5, 'text': 'תערובות', 'upos': 'NOUN', 'xpos': 'NOUN', 'feats': 'Gender=Fem|Number=Plur', 'head': 3, 'deprel': 'compound:smixut', 'lemma': 'תערובת'}]"
6,נראה,VERB,VERB,0.0,root,"(21, 25)",נראה,"Gender=Masc|HebBinyan=NIFAL|Number=Sing|Person=1,2,3|VerbForm=Part|Voice=Mid",
7,היה,AUX,AUX,6.0,cop,"(26, 29)",היה,Gender=Masc|Number=Sing|Person=3|Polarity=Pos|Tense=Past|VerbType=Cop,
8,כי,SCONJ,SCONJ,13.0,mark,"(30, 32)",כי,,
9,לכידות,NOUN,NOUN,13.0,nsubj,"(33, 39)",לכידה,Definite=Cons|Gender=Fem|Number=Sing,
"(10, 11)",התערובות,,,,,"(40, 48)",,,"[{'id': 10, 'text': 'ה', 'upos': 'DET', 'xpos': 'DET', 'feats': 'PronType=Art', 'head': 11, 'deprel': 'det:def', 'lemma': 'ה'}, {'id': 11, 'text': 'תערובות', 'upos': 'NOUN', 'xpos': 'NOUN', 'feats': 'Gender=Fem|Number=Plur', 'head': 9, 'deprel': 'compound:smixut', 'lemma': 'תערובת'}]"
12,אינה,AUX,AUX,13.0,advmod,"(49, 53)",אינו,Gender=Fem|Number=Sing|Person=3|Polarity=Neg|VerbForm=Part|VerbType=Cop,
13,אופטימלית,ADJ,ADJ,6.0,ccomp,"(54, 63)",אופטימלי,Gender=Fem|Number=Sing,
14,דבר,NOUN,NOUN,13.0,nsubj,"(64, 67)",דבר,Gender=Masc|Number=Sing,
"(15, 16)",שעלול,,,,,"(68, 73)",,,"[{'id': 15, 'text': 'ש', 'upos': 'SCONJ', 'xpos': 'SCONJ', 'head': 16, 'deprel': 'mark', 'lemma': 'ש'}, {'id': 16, 'text': 'עלול', 'upos': 'AUX', 'xpos': 'AUX', 'feats': 'Gender=Masc|Number=Sing|Person=1,2,3|VerbType=Mod', 'head': 18, 'deprel': 'aux', 'lemma': 'עלול'}]"
17,היה,AUX,AUX,16.0,cop,"(74, 77)",היה,Gender=Masc|Number=Sing|Person=3|Polarity=Pos|Tense=Past|VerbType=Cop,
18,להביא,VERB,VERB,14.0,acl:relcl,"(78, 83)",הביא,HebBinyan=HIFIL|VerbForm=Inf|Voice=Act,
"(19, 20)",לכליאת,,,,,"(84, 90)",,,"[{'id': 19, 'text': 'ל', 'upos': 'ADP', 'xpos': 'ADP', 'head': 20, 'deprel': 'case', 'lemma': 'ל'}, {'id': 20, 'text': 'כליאת', 'upos': 'NOUN', 'xpos': 'NOUN', 'feats': 'Definite=Cons|Gender=Fem|Number=Sing', 'head': 18, 'deprel': 'obl', 'lemma': 'כליאה'}]"
21,אוויר,NOUN,NOUN,20.0,compound:smixut,"(91, 96)",אוויר,Gender=Masc|Number=Sing,
22,מוגברת,ADJ,ADJ,20.0,amod,"(97, 103)",מוגבר,Gender=Fem|Number=Sing,
"(23, 24)",ופיזור,,,,,"(104, 110)",,,"[{'id': 23, 'text': 'ו', 'upos': 'CCONJ', 'xpos': 'CCONJ', 'head': 24, 'deprel': 'cc', 'lemma': 'ו'}, {'id': 24, 'text': 'פיזור', 'upos': 'NOUN', 'xpos': 'NOUN', 'feats': 'Gender=Masc|Number=Sing', 'head': 20, 'deprel': 'conj', 'lemma': 'פיזור'}]"
25,לא,ADV,ADV,26.0,advmod,"(111, 113)",לא,Polarity=Neg,
26,אחיד,ADJ,ADJ,24.0,amod,"(114, 118)",אחיד,Gender=Masc|Number=Sing,
27,של,ADP,ADP,29.0,case:gen,"(119, 121)",של,Case=Gen,
"(28, 29)",הסיבים,,,,,"(122, 128)",,,"[{'id': 28, 'text': 'ה', 'upos': 'DET', 'xpos': 'DET', 'feats': 'PronType=Art', 'head': 29, 'deprel': 'det:def', 'lemma': 'ה'}, {'id': 29, 'text': 'סיבים', 'upos': 'NOUN', 'xpos': 'NOUN', 'feats': 'Gender=Masc|Number=Plur', 'head': 24, 'deprel': 'nmod', 'lemma': 'סיב'}]"
"(1, 2)",בכל,,,,,"(1, 4)",,,"[{'id': 1, 'text': 'ב', 'upos': 'ADP', 'xpos': 'ADP', 'head': 3, 'deprel': 'case', 'lemma': 'ב'}, {'id': 2, 'text': 'כל', 'upos': 'DET', 'xpos': 'DET', 'feats': 'Definite=Cons', 'head': 3, 'deprel': 'det', 'lemma': 'כול'}]"
3,מקרה,NOUN,NOUN,10.0,obl,"(5, 9)",מקרה,Gender=Masc|Number=Sing,
4,",",PUNCT,PUNCT,10.0,punct,"(9, 10)",",",,
"(5, 6)",התוצאות,,,,,"(11, 18)",,,"[{'id': 5, 'text': 'ה', 'upos': 'DET', 'xpos': 'DET', 'feats': 'PronType=Art', 'head': 6, 'deprel': 'det:def', 'lemma': 'ה'}, {'id': 6, 'text': 'תוצאות', 'upos': 'NOUN', 'xpos': 'NOUN', 'feats': 'Gender=Fem|Number=Plur', 'head': 10, 'deprel': 'nsubj', 'lemma': 'תוצאה'}]"
"(7, 8)",הנמוכות,,,,,"(19, 26)",,,"[{'id': 7, 'text': 'ה', 'upos': 'DET', 'xpos': 'DET', 'feats': 'PronType=Art', 'head': 8, 'deprel': 'det:def', 'lemma': 'ה'}, {'id': 8, 'text': 'נמוכות', 'upos': 'ADJ', 'xpos': 'ADJ', 'feats': 'Gender=Fem|Number=Plur', 'head': 6, 'deprel': 'amod', 'lemma': 'נמוך'}]"
9,יחסית,ADV,ADV,8.0,advmod,"(27, 32)",יחסית,,
10,התקבלו,VERB,VERB,0.0,root,"(33, 39)",התקבל,"Gender=Fem,Masc|HebBinyan=HITPAEL|Number=Plur|Person=3|Tense=Past",
11,גם,ADV,ADV,12.0,advmod,"(40, 42)",גם,,
"(12, 13)",בתערובות,,,,,"(43, 51)",,,"[{'id': 12, 'text': 'ב', 'upos': 'ADP', 'xpos': 'ADP', 'head': 13, 'deprel': 'case', 'lemma': 'ב'}, {'id': 13, 'text': 'תערובות', 'upos': 'NOUN', 'xpos': 'NOUN', 'feats': 'Gender=Fem|Number=Plur', 'head': 10, 'deprel': 'obl', 'lemma': 'תערובת'}]"
"(14, 15)",שהיו,,,,,"(52, 56)",,,"[{'id': 14, 'text': 'ש', 'upos': 'SCONJ', 'xpos': 'SCONJ', 'head': 16, 'deprel': 'mark', 'lemma': 'ש'}, {'id': 15, 'text': 'היו', 'upos': 'AUX', 'xpos': 'AUX', 'feats': 'Gender=Fem,Masc|Number=Plur|Person=3|Polarity=Pos|Tense=Past|VerbType=Cop', 'head': 16, 'deprel': 'cop', 'lemma': 'היה'}]"
16,בעלי,NOUN,NOUN,13.0,acl:relcl,"(57, 61)",בעל,Definite=Cons|Gender=Masc|Number=Plur,
17,לכידות,NOUN,NOUN,16.0,compound:smixut,"(62, 68)",לכידה,Gender=Fem|Number=Sing,
18,טובה,ADJ,ADJ,17.0,amod,"(69, 73)",טוב,Gender=Fem|Number=Sing,
19,יותר,ADV,ADV,18.0,advmod,"(74, 78)",יותר,,
20,כך,ADV,ADV,22.0,advmod,"(79, 81)",כך,,
"(21, 22)",שנראה,,,,,"(82, 87)",,,"[{'id': 21, 'text': 'ש', 'upos': 'SCONJ', 'xpos': 'SCONJ', 'head': 22, 'deprel': 'mark', 'lemma': 'ש'}, {'id': 22, 'text': 'נראה', 'upos': 'VERB', 'xpos': 'VERB', 'feats': 'Gender=Masc|HebBinyan=NIFAL|Number=Sing|Person=1,2,3|VerbForm=Part|Voice=Mid', 'head': 10, 'deprel': 'conj', 'lemma': 'נראה'}]"
"(23, 24)",שתופעה,,,,,"(88, 94)",,,"[{'id': 23, 'text': 'ש', 'upos': 'SCONJ', 'xpos': 'SCONJ', 'head': 26, 'deprel': 'mark', 'lemma': 'ש'}, {'id': 24, 'text': 'תופעה', 'upos': 'NOUN', 'xpos': 'NOUN', 'feats': 'Gender=Fem|Number=Sing', 'head': 26, 'deprel': 'nsubj', 'lemma': 'תופעה'}]"
25,זו,PRON,PRON,24.0,det,"(95, 97)",זו,Gender=Fem|Number=Sing|Person=3|PronType=Dem,
26,מאפיינת,VERB,VERB,22.0,ccomp,"(98, 105)",אפיין,"Gender=Fem|HebBinyan=PIEL|Number=Sing|Person=1,2,3|VerbForm=Part|Voice=Act",
27,את,ADP,ADP,29.0,case:acc,"(106, 108)",את,Case=Acc,
"(28, 29)",התערובות,,,,,"(109, 117)",,,"[{'id': 28, 'text': 'ה', 'upos': 'DET', 'xpos': 'DET', 'feats': 'PronType=Art', 'head': 29, 'deprel': 'det:def', 'lemma': 'ה'}, {'id': 29, 'text': 'תערובות', 'upos': 'NOUN', 'xpos': 'NOUN', 'feats': 'Gender=Fem|Number=Plur', 'head': 26, 'deprel': 'obj', 'lemma': 'תערובת'}]"
30,הללו,PRON,PRON,29.0,det,"(118, 122)",הללו,Gender=Masc|Number=Plur|Person=3|PronType=Dem,
"(1, 2)",בבטון,,,,,"(1, 6)",,,"[{'id': 1, 'text': 'ב', 'upos': 'ADP', 'xpos': 'ADP', 'head': 2, 'deprel': 'case', 'lemma': 'ב'}, {'id': 2, 'text': 'בטון', 'upos': 'PROPN', 'xpos': 'PROPN', 'head': 15, 'deprel': 'obl', 'lemma': 'בטון'}]"
"(3, 4)",בחוזק,,,,,"(7, 12)",,,"[{'id': 3, 'text': 'ב', 'upos': 'ADP', 'xpos': 'ADP', 'head': 4, 'deprel': 'case', 'lemma': 'ב'}, {'id': 4, 'text': 'חוזק', 'upos': 'NOUN', 'xpos': 'NOUN', 'feats': 'Gender=Masc|Number=Sing', 'head': 2, 'deprel': 'nmod', 'lemma': 'חוזק'}]"
5,בינוני,ADJ,ADJ,4.0,amod,"(13, 19)",בינוני,Gender=Masc|Number=Sing,
6,",",PUNCT,PUNCT,15.0,punct,"(19, 20)",",",,
"(7, 8)",ההתנהגות,,,,,"(21, 29)",,,"[{'id': 7, 'text': 'ה', 'upos': 'DET', 'xpos': 'DET', 'feats': 'PronType=Art', 'head': 8, 'deprel': 'det:def', 'lemma': 'ה'}, {'id': 8, 'text': 'התנהגות', 'upos': 'NOUN', 'xpos': 'NOUN', 'feats': 'Gender=Fem|Number=Sing', 'head': 15, 'deprel': 'nsubj', 'lemma': 'התנהגות'}]"
"(9, 10)",בכפיפה,,,,,"(30, 36)",,,"[{'id': 9, 'text': 'ב', 'upos': 'ADP', 'xpos': 'ADP', 'head': 10, 'deprel': 'case', 'lemma': 'ב'}, {'id': 10, 'text': 'כפיפה', 'upos': 'NOUN', 'xpos': 'NOUN', 'feats': 'Gender=Fem|Number=Sing', 'head': 8, 'deprel': 'nmod', 'lemma': 'כפיפה'}]"
11,של,ADP,ADP,14.0,case:gen,"(37, 39)",של,Case=Gen,
12,כל,DET,DET,14.0,det,"(40, 42)",כול,Definite=Cons,
"(13, 14)",התערובות,,,,,"(43, 51)",,,"[{'id': 13, 'text': 'ה', 'upos': 'DET', 'xpos': 'DET', 'feats': 'PronType=Art', 'head': 14, 'deprel': 'det:def', 'lemma': 'ה'}, {'id': 14, 'text': 'תערובות', 'upos': 'NOUN', 'xpos': 'NOUN', 'feats': 'Gender=Fem|Number=Plur', 'head': 10, 'deprel': 'nmod:poss', 'lemma': 'תערובת'}]"
15,נראתה,VERB,VERB,0.0,root,"(52, 57)",נראה,Gender=Fem|HebBinyan=NIFAL|Number=Sing|Person=3|Tense=Past|Voice=Mid,
16,ללא,ADP,ADP,17.0,case,"(58, 61)",ללא,,
17,עדיפות,NOUN,NOUN,15.0,obl,"(62, 68)",עדיפות,Gender=Fem|Number=Sing,
18,מיוחדת,ADJ,ADJ,17.0,amod,"(69, 75)",מיוחד,Gender=Fem|Number=Sing,
"(19, 20)",לסוג,,,,,"(76, 80)",,,"[{'id': 19, 'text': 'ל', 'upos': 'ADP', 'xpos': 'ADP', 'head': 20, 'deprel': 'case', 'lemma': 'ל'}, {'id': 20, 'text': 'סוג', 'upos': 'NOUN', 'xpos': 'NOUN', 'feats': 'Definite=Cons|Gender=Masc|Number=Sing', 'head': 17, 'deprel': 'nmod', 'lemma': 'סוג'}]"
"(21, 22)",הסיבים,,,,,"(81, 87)",,,"[{'id': 21, 'text': 'ה', 'upos': 'DET', 'xpos': 'DET', 'feats': 'PronType=Art', 'head': 22, 'deprel': 'det:def', 'lemma': 'ה'}, {'id': 22, 'text': 'סיבים', 'upos': 'NOUN', 'xpos': 'NOUN', 'feats': 'Gender=Masc|Number=Plur', 'head': 20, 'deprel': 'compound:smixut', 'lemma': 'סיב'}]"
23,או,CCONJ,CCONJ,24.0,cc,"(88, 90)",או,,
24,שילובים,NOUN,NOUN,17.0,conj,"(91, 98)",שילוב,Gender=Masc|Number=Plur,
25,שונים,ADJ,ADJ,24.0,amod,"(99, 104)",שונה,Gender=Masc|Number=Plur,
"(26, 27)",שלהם,,,,,"(105, 109)",,,"[{'id': 26, 'text': 'של_', 'upos': 'ADP', 'xpos': 'ADP', 'feats': 'Case=Gen', 'head': 27, 'deprel': 'case:gen', 'lemma': 'של'}, {'id': 27, 'text': '_הם', 'upos': 'PRON', 'xpos': 'PRON', 'feats': 'Gender=Masc|Number=Plur|Person=3|PronType=Prs', 'head': 24, 'deprel': 'nmod', 'lemma': 'הוא'}]"
28,פרט,NOUN,NOUN,30.0,case,"(110, 113)",פרט,Gender=Masc|Number=Sing,
"(29, 30)",לתערובת,,,,,"(114, 121)",,,"[{'id': 29, 'text': 'ל', 'upos': 'ADP', 'xpos': 'ADP', 'head': 28, 'deprel': 'fixed', 'lemma': 'ל'}, {'id': 30, 'text': 'תערובת', 'upos': 'NOUN', 'xpos': 'NOUN', 'feats': 'Gender=Fem|Number=Sing', 'head': 17, 'deprel': 'nmod', 'lemma': 'תערובת'}]"
31,עם,ADP,ADP,33.0,case,"(122, 124)",עם,,
"(32, 33)",הסיבים,,,,,"(125, 131)",,,"[{'id': 32, 'text': 'ה', 'upos': 'DET', 'xpos': 'DET', 'feats': 'PronType=Art', 'head': 33, 'deprel': 'det:def', 'lemma': 'ה'}, {'id': 33, 'text': 'סיבים', 'upos': 'NOUN', 'xpos': 'NOUN', 'feats': 'Gender=Masc|Number=Plur', 'head': 30, 'deprel': 'nmod', 'lemma': 'סיב'}]"
"(34, 35)",באורך,,,,,"(132, 137)",,,"[{'id': 34, 'text': 'ב', 'upos': 'ADP', 'xpos': 'ADP', 'head': 35, 'deprel': 'case', 'lemma': 'ב'}, {'id': 35, 'text': 'אורך', 'upos': 'NOUN', 'xpos': 'NOUN', 'feats': 'Definite=Cons|Gender=Masc|Number=Sing', 'head': 33, 'deprel': 'nmod', 'lemma': 'אורך'}]"
36,60,NUM,NUM,37.0,nummod,"(138, 140)",60,,
37,"מ""מ",NOUN,NOUN,35.0,compound:smixut,"(141, 144)","מ""מ",Abbr=Yes|Gender=Masc|Number=Sing,
38,(,PUNCT,PUNCT,39.0,punct,"(145, 146)",(,,
39,5D,NUM,NUM,35.0,appos,"(146, 148)",5D,,
40,),PUNCT,PUNCT,39.0,punct,"(148, 149)",),,
"(41, 42)",בהם,,,,,"(150, 153)",,,"[{'id': 41, 'text': 'ב_', 'upos': 'ADP', 'xpos': 'ADP', 'head': 42, 'deprel': 'case', 'lemma': 'ב'}, {'id': 42, 'text': '_הם', 'upos': 'PRON', 'xpos': 'PRON', 'feats': 'Gender=Masc|Number=Plur|Person=3|PronType=Prs', 'head': 43, 'deprel': 'obl', 'lemma': 'הוא'}]"
43,נראתה,VERB,VERB,33.0,acl,"(154, 159)",נראה,Gender=Fem|HebBinyan=NIFAL|Number=Sing|Person=3|Tense=Past|Voice=Mid,
44,משיכות,NOUN,NOUN,43.0,nsubj,"(160, 166)",משיכה,Gender=Fem|Number=Sing,
45,מוגברת,ADJ,ADJ,44.0,amod,"(167, 173)",מוגבר,Gender=Fem|Number=Sing,
"(46, 47)",לתערובת,,,,,"(174, 181)",,,"[{'id': 46, 'text': 'ל', 'upos': 'ADP', 'xpos': 'ADP', 'head': 47, 'deprel': 'case', 'lemma': 'ל'}, {'id': 47, 'text': 'תערובת', 'upos': 'NOUN', 'xpos': 'NOUN', 'feats': 'Gender=Fem|Number=Sing', 'head': 44, 'deprel': 'nmod', 'lemma': 'תערובת'}]"
48,עם,ADP,ADP,49.0,case,"(182, 184)",עם,,
49,אגרגט,NOUN,NOUN,47.0,nmod,"(185, 190)",אגרגט,Definite=Cons|Gender=Masc|Number=Sing,
50,עדש,NOUN,NOUN,49.0,compound:smixut,"(191, 194)",עדש,Gender=Masc|Number=Sing,
"(1, 2)",בבטון,,,,,"(1, 6)",,,"[{'id': 1, 'text': 'ב', 'upos': 'ADP', 'xpos': 'ADP', 'head': 2, 'deprel': 'case', 'lemma': 'ב'}, {'id': 2, 'text': 'בטון', 'upos': 'NOUN', 'xpos': 'NOUN', 'head': 10, 'deprel': 'obl', 'lemma': 'בטון'}]"
"(3, 4)",בחוזק,,,,,"(7, 12)",,,"[{'id': 3, 'text': 'ב', 'upos': 'ADP', 'xpos': 'ADP', 'head': 4, 'deprel': 'case', 'lemma': 'ב'}, {'id': 4, 'text': 'חוזק', 'upos': 'NOUN', 'xpos': 'NOUN', 'feats': 'Gender=Masc|Number=Sing', 'head': 2, 'deprel': 'nmod', 'lemma': 'חוזק'}]"
5,גבוה,ADJ,ADJ,4.0,amod,"(13, 17)",גבוה,Gender=Masc|Number=Sing,
6,",",PUNCT,PUNCT,10.0,punct,"(17, 18)",",",,
7,לעומת,ADP,ADP,8.0,case,"(19, 24)",לעומת,,
8,זאת,PRON,PRON,10.0,obl,"(25, 28)",זאת,Gender=Fem|Number=Sing|Person=3|PronType=Dem,
9,",",PUNCT,PUNCT,10.0,punct,"(28, 29)",",",,
10,נראתה,VERB,VERB,0.0,root,"(30, 35)",נראה,Gender=Fem|HebBinyan=NIFAL|Number=Sing|Person=3|Tense=Past|Voice=Mid,
"(11, 12)",ברוב,,,,,"(36, 40)",,,"[{'id': 11, 'text': 'ב', 'upos': 'ADP', 'xpos': 'ADP', 'head': 14, 'deprel': 'case', 'lemma': 'ב'}, {'id': 12, 'text': 'רוב', 'upos': 'DET', 'xpos': 'DET', 'feats': 'Definite=Cons', 'head': 14, 'deprel': 'det', 'lemma': 'רוב'}]"
"(13, 14)",המקרים,,,,,"(41, 47)",,,"[{'id': 13, 'text': 'ה', 'upos': 'DET', 'xpos': 'DET', 'feats': 'PronType=Art', 'head': 14, 'deprel': 'det:def', 'lemma': 'ה'}, {'id': 14, 'text': 'מקרים', 'upos': 'NOUN', 'xpos': 'NOUN', 'feats': 'Gender=Masc|Number=Plur', 'head': 10, 'deprel': 'obl', 'lemma': 'מקרה'}]"
15,עדיפות,NOUN,NOUN,10.0,nsubj,"(48, 54)",עדיפות,Gender=Fem|Number=Sing,
"(16, 17)",לתערובות,,,,,"(55, 63)",,,"[{'id': 16, 'text': 'ל', 'upos': 'ADP', 'xpos': 'ADP', 'head': 17, 'deprel': 'case', 'lemma': 'ל'}, {'id': 17, 'text': 'תערובות', 'upos': 'NOUN', 'xpos': 'NOUN', 'feats': 'Gender=Fem|Number=Plur', 'head': 15, 'deprel': 'nmod', 'lemma': 'תערובת'}]"
18,עם,ADP,ADP,19.0,case,"(64, 66)",עם,,
19,אגרגט,NOUN,NOUN,17.0,nmod,"(67, 72)",אגרגט,Gender=Masc|Number=Sing,
20,מרבי,ADJ,ADJ,19.0,amod,"(73, 77)",מרבי,Gender=Masc|Number=Sing,
"(21, 22)",בגודל,,,,,"(78, 83)",,,"[{'id': 21, 'text': 'ב', 'upos': 'ADP', 'xpos': 'ADP', 'head': 22, 'deprel': 'case', 'lemma': 'ב'}, {'id': 22, 'text': 'גודל', 'upos': 'NOUN', 'xpos': 'NOUN', 'feats': 'Definite=Cons|Gender=Masc|Number=Sing', 'head': 19, 'deprel': 'nmod', 'lemma': 'גודל'}]"
23,שומשום,ADJ,ADJ,22.0,compound:smixut,"(84, 90)",שומשום,,
"(1, 2)",התערובות,,,,,"(1, 9)",,,"[{'id': 1, 'text': 'ה', 'upos': 'DET', 'xpos': 'DET', 'feats': 'PronType=Art', 'head': 2, 'deprel': 'det:def', 'lemma': 'ה'}, {'id': 2, 'text': 'תערובות', 'upos': 'NOUN', 'xpos': 'NOUN', 'feats': 'Gender=Fem|Number=Plur', 'head': 10, 'deprel': 'nsubj', 'lemma': 'תערובת'}]"
3,עם,ADP,ADP,4.0,case,"(10, 12)",עם,,
4,אגרגט,NOUN,NOUN,2.0,nmod,"(13, 18)",אגרגט,Gender=Masc|Number=Sing,
5,מרבי,ADJ,ADJ,4.0,amod,"(19, 23)",מרבי,Gender=Masc|Number=Sing,
"(6, 7)",בגודל,,,,,"(24, 29)",,,"[{'id': 6, 'text': 'ב', 'upos': 'ADP', 'xpos': 'ADP', 'head': 7, 'deprel': 'case', 'lemma': 'ב'}, {'id': 7, 'text': 'גודל', 'upos': 'NOUN', 'xpos': 'NOUN', 'feats': 'Definite=Cons|Gender=Masc|Number=Sing', 'head': 4, 'deprel': 'nmod', 'lemma': 'גודל'}]"
8,חול,NOUN,NOUN,7.0,compound:smixut,"(30, 33)",חול,Gender=Masc|Number=Sing,
9,היו,AUX,AUX,10.0,cop,"(34, 37)",היה,"Gender=Fem,Masc|Number=Plur|Person=3|Polarity=Pos|Tense=Past|VerbType=Cop",
10,הנחותות,ADJ,ADJ,0.0,root,"(38, 45)",הנחות,Gender=Fem|Number=Plur,
11,ביותר,ADV,ADV,10.0,advmod,"(46, 51)",ביותר,,
12,יחסית,ADV,ADV,10.0,advmod,"(52, 57)",יחסית,,
"(13, 14)",לאלו,,,,,"(58, 62)",,,"[{'id': 13, 'text': 'ל', 'upos': 'ADP', 'xpos': 'ADP', 'head': 14, 'deprel': 'case', 'lemma': 'ל'}, {'id': 14, 'text': 'אלו', 'upos': 'PRON', 'xpos': 'PRON', 'feats': 'Gender=Fem,Masc|Number=Plur|Person=3|PronType=Dem', 'head': 10, 'deprel': 'advmod', 'lemma': 'אלו'}]"
15,עם,ADP,ADP,17.0,case,"(63, 65)",עם,,
"(16, 17)",האגרגטים,,,,,"(66, 74)",,,"[{'id': 16, 'text': 'ה', 'upos': 'DET', 'xpos': 'DET', 'feats': 'PronType=Art', 'head': 17, 'deprel': 'det:def', 'lemma': 'ה'}, {'id': 17, 'text': 'אגרגטים', 'upos': 'NOUN', 'xpos': 'NOUN', 'feats': 'Gender=Masc|Number=Plur', 'head': 14, 'deprel': 'nmod', 'lemma': 'אגרגט'}]"
"(18, 19)",הגדולים,,,,,"(75, 82)",,,"[{'id': 18, 'text': 'ה', 'upos': 'DET', 'xpos': 'DET', 'feats': 'PronType=Art', 'head': 19, 'deprel': 'det:def', 'lemma': 'ה'}, {'id': 19, 'text': 'גדולים', 'upos': 'ADJ', 'xpos': 'ADJ', 'feats': 'Gender=Masc|Number=Plur', 'head': 17, 'deprel': 'amod', 'lemma': 'גדול'}]"
20,יותר,ADV,ADV,19.0,advmod,"(83, 87)",יותר,,
1,השפעת,NOUN,NOUN,18.0,nsubj,"(1, 6)",השפעה,Definite=Cons|Gender=Fem|Number=Sing,
2,סוג,NOUN,NOUN,1.0,compound:smixut,"(7, 10)",סוג,Definite=Cons|Gender=Masc|Number=Sing,
"(3, 4)",ושילוב,,,,,"(11, 17)",,,"[{'id': 3, 'text': 'ו', 'upos': 'CCONJ', 'xpos': 'CCONJ', 'head': 4, 'deprel': 'cc', 'lemma': 'ו'}, {'id': 4, 'text': 'שילוב', 'upos': 'NOUN', 'xpos': 'NOUN', 'feats': 'Definite=Cons|Gender=Masc|Number=Sing', 'head': 2, 'deprel': 'conj', 'lemma': 'שילוב'}]"
"(5, 6)",הסיבים,,,,,"(18, 24)",,,"[{'id': 5, 'text': 'ה', 'upos': 'DET', 'xpos': 'DET', 'feats': 'PronType=Art', 'head': 6, 'deprel': 'det:def', 'lemma': 'ה'}, {'id': 6, 'text': 'סיבים', 'upos': 'NOUN', 'xpos': 'NOUN', 'feats': 'Gender=Masc|Number=Plur', 'head': 4, 'deprel': 'compound:smixut', 'lemma': 'סיב'}]"
7,:,PUNCT,PUNCT,1.0,punct,"(24, 25)",:,,
"(8, 9)",בכל,,,,,"(26, 29)",,,"[{'id': 8, 'text': 'ב', 'upos': 'ADP', 'xpos': 'ADP', 'head': 11, 'deprel': 'case', 'lemma': 'ב'}, {'id': 9, 'text': 'כל', 'upos': 'DET', 'xpos': 'DET', 'feats': 'Definite=Cons', 'head': 11, 'deprel': 'det', 'lemma': 'כול'}]"
"(10, 11)",התערובות,,,,,"(30, 38)",,,"[{'id': 10, 'text': 'ה', 'upos': 'DET', 'xpos': 'DET', 'feats': 'PronType=Art', 'head': 11, 'deprel': 'det:def', 'lemma': 'ה'}, {'id': 11, 'text': 'תערובות', 'upos': 'NOUN', 'xpos': 'NOUN', 'feats': 'Gender=Fem|Number=Plur', 'head': 18, 'deprel': 'obl', 'lemma': 'תערובת'}]"
12,",",PUNCT,PUNCT,18.0,punct,"(38, 39)",",",,
"(13, 14)",ההתנהגות,,,,,"(40, 48)",,,"[{'id': 13, 'text': 'ה', 'upos': 'DET', 'xpos': 'DET', 'feats': 'PronType=Art', 'head': 14, 'deprel': 'det:def', 'lemma': 'ה'}, {'id': 14, 'text': 'התנהגות', 'upos': 'NOUN', 'xpos': 'NOUN', 'feats': 'Gender=Fem|Number=Sing', 'head': 18, 'deprel': 'nsubj', 'lemma': 'התנהגות'}]"
"(15, 16)",הטובה,,,,,"(49, 54)",,,"[{'id': 15, 'text': 'ה', 'upos': 'DET', 'xpos': 'DET', 'feats': 'PronType=Art', 'head': 16, 'deprel': 'det:def', 'lemma': 'ה'}, {'id': 16, 'text': 'טובה', 'upos': 'ADJ', 'xpos': 'ADJ', 'feats': 'Gender=Fem|Number=Sing', 'head': 14, 'deprel': 'amod', 'lemma': 'טוב'}]"
17,ביותר,ADV,ADV,16.0,advmod,"(55, 60)",ביותר,,
18,נראתה,VERB,VERB,0.0,root,"(61, 66)",נראה,Gender=Fem|HebBinyan=NIFAL|Number=Sing|Person=3|Tense=Past|Voice=Mid,
"(19, 20)",בשימוש,,,,,"(67, 73)",,,"[{'id': 19, 'text': 'ב', 'upos': 'ADP', 'xpos': 'ADP', 'head': 20, 'deprel': 'case', 'lemma': 'ב'}, {'id': 20, 'text': 'שימוש', 'upos': 'NOUN', 'xpos': 'NOUN', 'feats': 'Gender=Masc|Number=Sing', 'head': 18, 'deprel': 'obl', 'lemma': 'שימוש'}]"
"(21, 23)",בסיבים,,,,,"(74, 80)",,,"[{'id': 21, 'text': 'ב', 'upos': 'ADP', 'xpos': 'ADP', 'head': 23, 'deprel': 'case', 'lemma': 'ב'}, {'id': 22, 'text': 'ה_', 'upos': 'DET', 'xpos': 'DET', 'feats': 'PronType=Art', 'head': 23, 'deprel': 'det:def', 'lemma': 'ה'}, {'id': 23, 'text': 'סיבים', 'upos': 'NOUN', 'xpos': 'NOUN', 'feats': 'Gender=Masc|Number=Plur', 'head': 20, 'deprel': 'nmod', 'lemma': 'סיב'}]"
24,ארוכים,ADJ,ADJ,23.0,amod,"(81, 87)",ארוך,Gender=Masc|Number=Plur,
25,עם,ADP,ADP,26.0,case,"(88, 90)",עם,,
26,עיגון,NOUN,NOUN,23.0,nmod,"(91, 96)",עיגון,Gender=Masc|Number=Sing,
27,כפול,ADJ,ADJ,26.0,amod,"(97, 101)",כפול,Gender=Masc|Number=Sing,
28,(,PUNCT,PUNCT,30.0,punct,"(102, 103)",(,,
29,60,NUM,NUM,30.0,nummod,"(103, 105)",60,,
30,"מ""מ",NOUN,NOUN,23.0,appos,"(106, 109)","מ""מ",Abbr=Yes|Gender=Masc|Number=Sing,
31,5D,NUM,NUM,30.0,nummod,"(110, 112)",5D,,
32,),PUNCT,PUNCT,30.0,punct,"(112, 113)",),,
"(33, 34)",בשילוב,,,,,"(114, 120)",,,"[{'id': 33, 'text': 'ב', 'upos': 'ADP', 'xpos': 'ADP', 'head': 34, 'deprel': 'case', 'lemma': 'ב'}, {'id': 34, 'text': 'שילוב', 'upos': 'NOUN', 'xpos': 'NOUN', 'feats': 'Definite=Cons|Gender=Masc|Number=Sing', 'head': 20, 'deprel': 'nmod', 'lemma': 'שילוב'}]"
35,סיבים,NOUN,NOUN,34.0,compound:smixut,"(121, 126)",סיב,Gender=Masc|Number=Plur,
36,קצרים,ADJ,ADJ,35.0,amod,"(127, 132)",קצר,Gender=Masc|Number=Plur,
1,לעומת,ADP,ADP,2.0,case,"(1, 6)",לעומת,,
2,זאת,PRON,PRON,22.0,obl,"(7, 10)",זאת,Gender=Fem|Number=Sing|Person=3|PronType=Dem,
3,",",PUNCT,PUNCT,22.0,punct,"(10, 11)",",",,
"(4, 5)",השימוש,,,,,"(12, 18)",,,"[{'id': 4, 'text': 'ה', 'upos': 'DET', 'xpos': 'DET', 'feats': 'PronType=Art', 'head': 5, 'deprel': 'det:def', 'lemma': 'ה'}, {'id': 5, 'text': 'שימוש', 'upos': 'NOUN', 'xpos': 'NOUN', 'feats': 'Gender=Masc|Number=Sing', 'head': 22, 'deprel': 'nsubj', 'lemma': 'שימוש'}]"
"(6, 8)",בסיבים,,,,,"(19, 25)",,,"[{'id': 6, 'text': 'ב', 'upos': 'ADP', 'xpos': 'ADP', 'head': 8, 'deprel': 'case', 'lemma': 'ב'}, {'id': 7, 'text': 'ה_', 'upos': 'DET', 'xpos': 'DET', 'feats': 'PronType=Art', 'head': 8, 'deprel': 'det:def', 'lemma': 'ה'}, {'id': 8, 'text': 'סיבים', 'upos': 'NOUN', 'xpos': 'NOUN', 'feats': 'Gender=Masc|Number=Plur', 'head': 5, 'deprel': 'nmod', 'lemma': 'סיב'}]"
9,קצרים,ADJ,ADJ,8.0,amod,"(26, 31)",קצר,Gender=Masc|Number=Plur,
10,בלבד,ADV,ADV,8.0,advmod,"(32, 36)",בלבד,,
11,או,CCONJ,CCONJ,12.0,cc,"(37, 39)",או,,
12,סיבים,NOUN,NOUN,8.0,conj,"(40, 45)",סיב,Gender=Masc|Number=Plur,
"(13, 14)",באורך,,,,,"(46, 51)",,,"[{'id': 13, 'text': 'ב', 'upos': 'ADP', 'xpos': 'ADP', 'head': 14, 'deprel': 'case', 'lemma': 'ב'}, {'id': 14, 'text': 'אורך', 'upos': 'NOUN', 'xpos': 'NOUN', 'feats': 'Gender=Masc|Number=Sing', 'head': 12, 'deprel': 'nmod', 'lemma': 'אורך'}]"
15,בינוני,ADJ,ADJ,14.0,amod,"(52, 58)",בינוני,Gender=Masc|Number=Sing,
16,(,PUNCT,PUNCT,18.0,punct,"(59, 60)",(,,
17,30,NUM,NUM,18.0,nummod,"(60, 62)",30,,
18,"מ""מ",NOUN,NOUN,12.0,appos,"(63, 66)","מ""מ",Abbr=Yes|Gender=Masc|Number=Sing,
19,3D,NUM,NUM,18.0,nummod,"(67, 69)",3D,,
20,),PUNCT,PUNCT,18.0,punct,"(69, 70)",),,
21,בלבד,ADV,ADV,18.0,advmod,"(71, 75)",בלבד,,
22,הביא,VERB,VERB,0.0,root,"(76, 80)",הביא,Gender=Masc|HebBinyan=HIFIL|Number=Sing|Person=3|Tense=Past|Voice=Act,
"(23, 24)",לתוצאות,,,,,"(81, 88)",,,"[{'id': 23, 'text': 'ל', 'upos': 'ADP', 'xpos': 'ADP', 'head': 24, 'deprel': 'case', 'lemma': 'ל'}, {'id': 24, 'text': 'תוצאות', 'upos': 'NOUN', 'xpos': 'NOUN', 'feats': 'Gender=Fem|Number=Plur', 'head': 22, 'deprel': 'obl', 'lemma': 'תוצאה'}]"
25,הנחותות,ADJ,ADJ,24.0,amod,"(89, 96)",הנחות,Gender=Fem|Number=Plur,
26,ביותר,ADV,ADV,25.0,advmod,"(97, 102)",ביותר,,
27,עבור,ADP,ADP,29.0,case,"(103, 107)",עבור,,
28,כל,DET,DET,29.0,det,"(108, 110)",כול,Definite=Cons,
29,סוגי,NOUN,NOUN,24.0,nmod,"(111, 115)",סוג,Definite=Cons|Gender=Masc|Number=Plur,
"(30, 31)",התערובות,,,,,"(116, 124)",,,"[{'id': 30, 'text': 'ה', 'upos': 'DET', 'xpos': 'DET', 'feats': 'PronType=Art', 'head': 31, 'deprel': 'det:def', 'lemma': 'ה'}, {'id': 31, 'text': 'תערובות', 'upos': 'NOUN', 'xpos': 'NOUN', 'feats': 'Gender=Fem|Number=Plur', 'head': 29, 'deprel': 'compound:smixut', 'lemma': 'תערובת'}]"
"(1, 2)",התערובות,,,,,"(1, 9)",,,"[{'id': 1, 'text': 'ה', 'upos': 'DET', 'xpos': 'DET', 'feats': 'PronType=Art', 'head': 2, 'deprel': 'det:def', 'lemma': 'ה'}, {'id': 2, 'text': 'תערובות', 'upos': 'NOUN', 'xpos': 'NOUN', 'feats': 'Gender=Fem|Number=Plur', 'head': 12, 'deprel': 'nsubj', 'lemma': 'תערובת'}]"
"(3, 4)",שהכילו,,,,,"(10, 16)",,,"[{'id': 3, 'text': 'ש', 'upos': 'SCONJ', 'xpos': 'SCONJ', 'head': 4, 'deprel': 'mark', 'lemma': 'ש'}, {'id': 4, 'text': 'הכילו', 'upos': 'VERB', 'xpos': 'VERB', 'feats': 'Gender=Fem,Masc|HebBinyan=HIFIL|Number=Plur|Person=3|Tense=Past|Voice=Act', 'head': 2, 'deprel': 'acl:relcl', 'lemma': 'הכיל'}]"
5,סיבים,NOUN,NOUN,4.0,obj,"(17, 22)",סיב,Gender=Masc|Number=Plur,
6,ארוכים,ADJ,ADJ,5.0,amod,"(23, 29)",ארוך,Gender=Masc|Number=Plur,
7,(,PUNCT,PUNCT,9.0,punct,"(30, 31)",(,,
8,60,NUM,NUM,9.0,nummod,"(31, 33)",60,,
9,"מ""מ",NOUN,NOUN,5.0,appos,"(34, 37)","מ""מ",Abbr=Yes|Gender=Masc|Number=Sing,
10,5D,NUM,NUM,9.0,nummod,"(38, 40)",5D,,
11,),PUNCT,PUNCT,9.0,punct,"(40, 41)",),,
12,הראו,VERB,VERB,0.0,root,"(42, 46)",הראה,"Gender=Fem,Masc|HebBinyan=HIFIL|Number=Plur|Person=3|Tense=Past|Voice=Act",
13,תכונות,NOUN,NOUN,12.0,obj,"(47, 53)",תכונה,Gender=Fem|Number=Plur,
14,טובות,ADJ,ADJ,13.0,amod,"(54, 59)",טוב,Gender=Fem|Number=Plur,
"(15, 16)",בכפיפה,,,,,"(60, 66)",,,"[{'id': 15, 'text': 'ב', 'upos': 'ADP', 'xpos': 'ADP', 'head': 16, 'deprel': 'case', 'lemma': 'ב'}, {'id': 16, 'text': 'כפיפה', 'upos': 'NOUN', 'xpos': 'NOUN', 'feats': 'Gender=Fem|Number=Sing', 'head': 13, 'deprel': 'nmod', 'lemma': 'כפיפה'}]"
17,",",PUNCT,PUNCT,12.0,punct,"(66, 67)",",",,
18,בעיקר,ADV,ADV,19.0,advmod,"(68, 73)",בעיקר,,
19,כאשר,SCONJ,SCONJ,21.0,mark,"(74, 78)",כאשר,,
20,הם,PRON,PRON,21.0,nsubj,"(79, 81)",הוא,Gender=Masc|Number=Plur|Person=3|PronType=Prs,
21,שולבו,VERB,VERB,12.0,advcl,"(82, 87)",שלב,"Gender=Fem,Masc|Number=Plur|Person=3|Tense=Past",
22,עם,ADP,ADP,24.0,case,"(88, 90)",עם,,
"(23, 24)",הסיבים,,,,,"(91, 97)",,,"[{'id': 23, 'text': 'ה', 'upos': 'DET', 'xpos': 'DET', 'feats': 'PronType=Art', 'head': 24, 'deprel': 'det:def', 'lemma': 'ה'}, {'id': 24, 'text': 'סיבים', 'upos': 'NOUN', 'xpos': 'NOUN', 'feats': 'Gender=Masc|Number=Plur', 'head': 21, 'deprel': 'obl', 'lemma': 'סיב'}]"
"(25, 26)",הקצרים,,,,,"(98, 104)",,,"[{'id': 25, 'text': 'ה', 'upos': 'DET', 'xpos': 'DET', 'feats': 'PronType=Art', 'head': 26, 'deprel': 'det:def', 'lemma': 'ה'}, {'id': 26, 'text': 'קצרים', 'upos': 'ADJ', 'xpos': 'ADJ', 'feats': 'Gender=Masc|Number=Plur', 'head': 24, 'deprel': 'amod', 'lemma': 'קצר'}]"
1,הוספת,NOUN,NOUN,7.0,nsubj,"(1, 6)",הוספה,Definite=Cons|Gender=Fem|Number=Sing,
"(2, 3)",הסיבים,,,,,"(7, 13)",,,"[{'id': 2, 'text': 'ה', 'upos': 'DET', 'xpos': 'DET', 'feats': 'PronType=Art', 'head': 3, 'deprel': 'det:def', 'lemma': 'ה'}, {'id': 3, 'text': 'סיבים', 'upos': 'NOUN', 'xpos': 'NOUN', 'feats': 'Gender=Masc|Number=Plur', 'head': 1, 'deprel': 'compound:smixut', 'lemma': 'סיב'}]"
"(4, 5)",הקצרים,,,,,"(14, 20)",,,"[{'id': 4, 'text': 'ה', 'upos': 'DET', 'xpos': 'DET', 'feats': 'PronType=Art', 'head': 5, 'deprel': 'det:def', 'lemma': 'ה'}, {'id': 5, 'text': 'קצרים', 'upos': 'ADJ', 'xpos': 'ADJ', 'feats': 'Gender=Masc|Number=Plur', 'head': 3, 'deprel': 'amod', 'lemma': 'קצר'}]"
"(6, 7)",הקטינה,,,,,"(21, 27)",,,"[{'id': 6, 'text': 'ה', 'upos': 'DET', 'xpos': 'DET', 'feats': 'PronType=Art', 'head': 7, 'deprel': 'det:def', 'lemma': 'ה'}, {'id': 7, 'text': 'קטינה', 'upos': 'VERB', 'xpos': 'VERB', 'feats': 'Gender=Fem|Number=Sing', 'head': 0, 'deprel': 'root', 'lemma': 'קטין'}]"
8,את,ADP,ADP,9.0,case:acc,"(28, 30)",את,Case=Acc,
9,ירידת,NOUN,NOUN,7.0,obj,"(31, 36)",ירידה,Definite=Cons|Gender=Fem|Number=Sing,
"(10, 11)",החוזק,,,,,"(37, 42)",,,"[{'id': 10, 'text': 'ה', 'upos': 'DET', 'xpos': 'DET', 'feats': 'PronType=Art', 'head': 11, 'deprel': 'det:def', 'lemma': 'ה'}, {'id': 11, 'text': 'חוזק', 'upos': 'VERB', 'xpos': 'VERB', 'feats': 'Gender=Masc|HebBinyan=PAAL|Number=Sing|Person=1,2,3|VerbForm=Part|Voice=Act', 'head': 9, 'deprel': 'compound:smixut', 'lemma': 'חזק'}]"
12,לאחר,ADP,ADP,13.0,case,"(43, 47)",לאחר,,
13,פתיחת,NOUN,NOUN,9.0,nmod,"(48, 53)",פתיחה,Definite=Cons|Gender=Fem|Number=Sing,
"(14, 15)",הסדק,,,,,"(54, 58)",,,"[{'id': 14, 'text': 'ה', 'upos': 'DET', 'xpos': 'DET', 'feats': 'PronType=Art', 'head': 15, 'deprel': 'det:def', 'lemma': 'ה'}, {'id': 15, 'text': 'סדק', 'upos': 'NOUN', 'xpos': 'NOUN', 'feats': 'Gender=Masc|Number=Sing', 'head': 13, 'deprel': 'compound:smixut', 'lemma': 'סדק'}]"
"(16, 17)",הראשון,,,,,"(59, 65)",,,"[{'id': 16, 'text': 'ה', 'upos': 'DET', 'xpos': 'DET', 'feats': 'PronType=Art', 'head': 17, 'deprel': 'det:def', 'lemma': 'ה'}, {'id': 17, 'text': 'ראשון', 'upos': 'ADJ', 'xpos': 'ADJ', 'feats': 'Gender=Masc|Number=Sing', 'head': 15, 'deprel': 'amod', 'lemma': 'ראשון'}]"
"(18, 19)",וטרם,,,,,"(66, 70)",,,"[{'id': 18, 'text': 'ו', 'upos': 'CCONJ', 'xpos': 'CCONJ', 'head': 21, 'deprel': 'cc', 'lemma': 'ו'}, {'id': 19, 'text': 'טרם', 'upos': 'ADP', 'xpos': 'ADP', 'head': 21, 'deprel': 'case', 'lemma': 'טרם'}]"
"(20, 21)",העלייה,,,,,"(71, 77)",,,"[{'id': 20, 'text': 'ה', 'upos': 'DET', 'xpos': 'DET', 'feats': 'PronType=Art', 'head': 21, 'deprel': 'det:def', 'lemma': 'ה'}, {'id': 21, 'text': 'עלייה', 'upos': 'NOUN', 'xpos': 'NOUN', 'feats': 'Gender=Fem|Number=Sing', 'head': 13, 'deprel': 'conj', 'lemma': 'עלייה'}]"
"(22, 23)",בתסבולת,,,,,"(78, 85)",,,"[{'id': 22, 'text': 'ב', 'upos': 'ADP', 'xpos': 'ADP', 'head': 23, 'deprel': 'case', 'lemma': 'ב'}, {'id': 23, 'text': 'תסבולת', 'upos': 'NOUN', 'xpos': 'NOUN', 'feats': 'Gender=Fem|Number=Sing', 'head': 21, 'deprel': 'nmod', 'lemma': 'תסבולת'}]"
24,בגלל,ADP,ADP,25.0,case,"(86, 90)",בגלל,,
25,יכולת,NOUN,NOUN,13.0,nmod,"(91, 96)",יכולת,Definite=Cons|Gender=Fem|Number=Sing,
"(26, 27)",הנשיאה,,,,,"(97, 103)",,,"[{'id': 26, 'text': 'ה', 'upos': 'DET', 'xpos': 'DET', 'feats': 'PronType=Art', 'head': 27, 'deprel': 'det:def', 'lemma': 'ה'}, {'id': 27, 'text': 'נשיאה', 'upos': 'NOUN', 'xpos': 'NOUN', 'feats': 'Gender=Fem|Number=Sing', 'head': 25, 'deprel': 'compound:smixut', 'lemma': 'נשיאה'}]"
28,של,ADP,ADP,30.0,case:gen,"(104, 106)",של,Case=Gen,
"(29, 30)",הסיבים,,,,,"(107, 113)",,,"[{'id': 29, 'text': 'ה', 'upos': 'DET', 'xpos': 'DET', 'feats': 'PronType=Art', 'head': 30, 'deprel': 'det:def', 'lemma': 'ה'}, {'id': 30, 'text': 'סיבים', 'upos': 'NOUN', 'xpos': 'NOUN', 'feats': 'Gender=Masc|Number=Plur', 'head': 25, 'deprel': 'nmod:poss', 'lemma': 'סיב'}]"
"(31, 32)",הארוכים,,,,,"(114, 121)",,,"[{'id': 31, 'text': 'ה', 'upos': 'DET', 'xpos': 'DET', 'feats': 'PronType=Art', 'head': 32, 'deprel': 'det:def', 'lemma': 'ה'}, {'id': 32, 'text': 'ארוכים', 'upos': 'ADJ', 'xpos': 'ADJ', 'feats': 'Gender=Masc|Number=Plur', 'head': 30, 'deprel': 'amod', 'lemma': 'ארוך'}]"
1,בנוסף,ADV,ADV,7.0,advmod,"(1, 6)",בנוסף,,
2,",",PUNCT,PUNCT,7.0,punct,"(6, 7)",",",,
"(3, 5)",תופעה,,,,,"(8, 13)",,,"[{'id': 3, 'text': 'תופע_', 'upos': 'NOUN', 'xpos': 'NOUN', 'feats': 'Definite=Def|Gender=Fem|Number=Sing', 'head': 7, 'deprel': 'nsubj', 'lemma': 'תופע'}, {'id': 4, 'text': '_של_', 'upos': 'ADP', 'xpos': 'ADP', 'head': 5, 'deprel': 'case:gen', 'lemma': 'של'}, {'id': 5, 'text': '_היא', 'upos': 'PRON', 'xpos': 'PRON', 'feats': 'Case=Gen|Gender=Fem|Number=Sing|Person=3|PronType=Prs', 'head': 3, 'deprel': 'nmod:poss', 'lemma': 'הוא'}]"
6,זו,PRON,PRON,3.0,det,"(14, 16)",זו,Gender=Fem|Number=Sing|Person=3|PronType=Dem,
7,גרמה,VERB,VERB,0.0,root,"(17, 21)",גרם,Gender=Fem|HebBinyan=PAAL|Number=Sing|Person=3|Tense=Past|Voice=Act,
8,גם,ADV,ADV,9.0,advmod,"(22, 24)",גם,,
"(9, 10)",לספיגת,,,,,"(25, 31)",,,"[{'id': 9, 'text': 'ל', 'upos': 'ADP', 'xpos': 'ADP', 'head': 10, 'deprel': 'case', 'lemma': 'ל'}, {'id': 10, 'text': 'ספיגת', 'upos': 'NOUN', 'xpos': 'NOUN', 'feats': 'Definite=Cons|Gender=Fem|Number=Sing', 'head': 7, 'deprel': 'obl', 'lemma': 'ספיגה'}]"
11,אנרגיה,NOUN,NOUN,10.0,compound:smixut,"(32, 38)",אנרגיה,Gender=Fem|Number=Sing,
12,מרובה,ADJ,ADJ,11.0,amod,"(39, 44)",מרובה,Gender=Fem|Number=Sing,
"(13, 14)",בתחום,,,,,"(45, 50)",,,"[{'id': 13, 'text': 'ב', 'upos': 'ADP', 'xpos': 'ADP', 'head': 14, 'deprel': 'case', 'lemma': 'ב'}, {'id': 14, 'text': 'תחום', 'upos': 'NOUN', 'xpos': 'NOUN', 'feats': 'Definite=Cons|Gender=Masc|Number=Sing', 'head': 10, 'deprel': 'nmod', 'lemma': 'תחום'}]"
15,כפף,NOUN,NOUN,14.0,compound:smixut,"(51, 54)",כפף,Gender=Masc|Number=Sing,
16,זה,PRON,PRON,14.0,det,"(55, 57)",זה,Gender=Masc|Number=Sing|Person=3|PronType=Dem,
1,גם,ADV,ADV,2.0,advmod,"(1, 3)",גם,,
"(2, 3)",בתערובות,,,,,"(4, 12)",,,"[{'id': 2, 'text': 'ב', 'upos': 'ADP', 'xpos': 'ADP', 'head': 3, 'deprel': 'case', 'lemma': 'ב'}, {'id': 3, 'text': 'תערובות', 'upos': 'NOUN', 'xpos': 'NOUN', 'feats': 'Gender=Fem|Number=Plur', 'head': 14, 'deprel': 'obl', 'lemma': 'תערובת'}]"
4,עם,ADP,ADP,6.0,case,"(13, 15)",עם,,
"(5, 6)",הסיבים,,,,,"(16, 22)",,,"[{'id': 5, 'text': 'ה', 'upos': 'DET', 'xpos': 'DET', 'feats': 'PronType=Art', 'head': 6, 'deprel': 'det:def', 'lemma': 'ה'}, {'id': 6, 'text': 'סיבים', 'upos': 'NOUN', 'xpos': 'NOUN', 'feats': 'Gender=Masc|Number=Plur', 'head': 3, 'deprel': 'nmod', 'lemma': 'סיב'}]"
"(7, 8)",באורך,,,,,"(23, 28)",,,"[{'id': 7, 'text': 'ב', 'upos': 'ADP', 'xpos': 'ADP', 'head': 8, 'deprel': 'case', 'lemma': 'ב'}, {'id': 8, 'text': 'אורך', 'upos': 'NOUN', 'xpos': 'NOUN', 'feats': 'Definite=Cons|Gender=Masc|Number=Sing', 'head': 6, 'deprel': 'nmod', 'lemma': 'אורך'}]"
9,30,NUM,NUM,10.0,nummod,"(29, 31)",30,,
10,"מ""מ",NOUN,NOUN,8.0,compound:smixut,"(32, 35)","מ""מ",Abbr=Yes|Gender=Masc|Number=Sing,
11,(,PUNCT,PUNCT,12.0,punct,"(36, 37)",(,,
12,3D,NUM,NUM,6.0,appos,"(37, 39)",3D,,
13,),PUNCT,PUNCT,12.0,punct,"(39, 40)",),,
14,נראה,VERB,VERB,0.0,root,"(41, 45)",נראה,Gender=Masc|HebBinyan=NIFAL|Number=Sing|Person=3|Tense=Past|Voice=Mid,
15,שיפור,NOUN,NOUN,14.0,nsubj,"(46, 51)",שיפור,Gender=Masc|Number=Sing,
16,משמעותי,ADJ,ADJ,15.0,amod,"(52, 59)",משמעותי,Gender=Masc|Number=Sing,
"(17, 18)",ביכולת,,,,,"(60, 66)",,,"[{'id': 17, 'text': 'ב', 'upos': 'ADP', 'xpos': 'ADP', 'head': 18, 'deprel': 'case', 'lemma': 'ב'}, {'id': 18, 'text': 'יכולת', 'upos': 'NOUN', 'xpos': 'NOUN', 'feats': 'Definite=Cons|Gender=Fem|Number=Sing', 'head': 15, 'deprel': 'nmod', 'lemma': 'יכולת'}]"
19,נשיאת,NOUN,NOUN,18.0,compound:smixut,"(67, 72)",נשיאה,Definite=Cons|Gender=Fem|Number=Sing,
20,עומסים,NOUN,NOUN,19.0,compound:smixut,"(73, 79)",עומס,Gender=Masc|Number=Plur,
"(21, 22)",בתחום,,,,,"(80, 85)",,,"[{'id': 21, 'text': 'ב', 'upos': 'ADP', 'xpos': 'ADP', 'head': 22, 'deprel': 'case', 'lemma': 'ב'}, {'id': 22, 'text': 'תחום', 'upos': 'NOUN', 'xpos': 'NOUN', 'feats': 'Gender=Masc|Number=Sing', 'head': 18, 'deprel': 'nmod', 'lemma': 'תחום'}]"
"(23, 24)",שלאחר,,,,,"(86, 91)",,,"[{'id': 23, 'text': 'ש', 'upos': 'SCONJ', 'xpos': 'SCONJ', 'head': 25, 'deprel': 'mark', 'lemma': 'ש'}, {'id': 24, 'text': 'לאחר', 'upos': 'ADP', 'xpos': 'ADP', 'head': 25, 'deprel': 'case', 'lemma': 'לאחר'}]"
25,התפתחות,NOUN,NOUN,22.0,acl:relcl,"(92, 99)",התפתחות,Definite=Cons|Gender=Fem|Number=Sing,
"(26, 27)",הסדק,,,,,"(100, 104)",,,"[{'id': 26, 'text': 'ה', 'upos': 'DET', 'xpos': 'DET', 'feats': 'PronType=Art', 'head': 27, 'deprel': 'det:def', 'lemma': 'ה'}, {'id': 27, 'text': 'סדק', 'upos': 'NOUN', 'xpos': 'NOUN', 'feats': 'Gender=Masc|Number=Sing', 'head': 25, 'deprel': 'compound:smixut', 'lemma': 'סדק'}]"
"(28, 29)",הראשון,,,,,"(105, 111)",,,"[{'id': 28, 'text': 'ה', 'upos': 'DET', 'xpos': 'DET', 'feats': 'PronType=Art', 'head': 29, 'deprel': 'det:def', 'lemma': 'ה'}, {'id': 29, 'text': 'ראשון', 'upos': 'ADJ', 'xpos': 'ADJ', 'feats': 'Gender=Masc|Number=Sing', 'head': 27, 'deprel': 'amod', 'lemma': 'ראשון'}]"
30,",",PUNCT,PUNCT,31.0,punct,"(111, 112)",",",,
31,אם,SCONJ,SCONJ,14.0,advcl,"(113, 115)",אם,,
32,כי,SCONJ,SCONJ,31.0,dep,"(116, 118)",כי,HebSource=ConvUncertainHead,
33,לא,ADV,ADV,34.0,advmod,"(119, 121)",לא,Polarity=Neg,
"(34, 35)",באותו,,,,,"(122, 127)",,,"[{'id': 34, 'text': 'ב', 'upos': 'ADP', 'xpos': 'ADP', 'head': 36, 'deprel': 'case', 'lemma': 'ב'}, {'id': 35, 'text': 'אותו', 'upos': 'PRON', 'xpos': 'PRON', 'feats': 'Definite=Def|Gender=Masc|Number=Sing|Person=3|PronType=Prs', 'head': 36, 'deprel': 'det', 'lemma': 'אותו'}]"
36,שיעור,NOUN,NOUN,31.0,dep,"(128, 133)",שיעור,Gender=Masc|HebSource=ConvUncertainHead|Number=Sing,
37,כמו,ADP,ADP,40.0,case,"(134, 137)",כמו,,
"(38, 40)",בסיבים,,,,,"(138, 144)",,,"[{'id': 38, 'text': 'ב', 'upos': 'ADP', 'xpos': 'ADP', 'head': 40, 'deprel': 'case', 'lemma': 'ב'}, {'id': 39, 'text': 'ה_', 'upos': 'DET', 'xpos': 'DET', 'feats': 'PronType=Art', 'head': 40, 'deprel': 'det:def', 'lemma': 'ה'}, {'id': 40, 'text': 'סיבים', 'upos': 'NOUN', 'xpos': 'NOUN', 'feats': 'Gender=Masc|Number=Plur', 'head': 36, 'deprel': 'nmod', 'lemma': 'סיב'}]"
"(41, 42)",הארוכים,,,,,"(145, 152)",,,"[{'id': 41, 'text': 'ה', 'upos': 'DET', 'xpos': 'DET', 'feats': 'PronType=Art', 'head': 42, 'deprel': 'det:def', 'lemma': 'ה'}, {'id': 42, 'text': 'ארוכים', 'upos': 'ADJ', 'xpos': 'ADJ', 'feats': 'Gender=Masc|Number=Plur', 'head': 40, 'deprel': 'amod', 'lemma': 'ארוך'}]"
43,יותר,ADV,ADV,42.0,advmod,"(153, 157)",יותר,,
1,נראה,VERB,VERB,0.0,root,"(1, 5)",נראה,"Gender=Masc|HebBinyan=NIFAL|Number=Sing|Person=1,2,3|VerbForm=Part|Voice=Mid",
2,כי,SCONJ,SCONJ,7.0,mark,"(6, 8)",כי,,
"(3, 4)",לעיגון,,,,,"(9, 15)",,,"[{'id': 3, 'text': 'ל', 'upos': 'ADP', 'xpos': 'ADP', 'head': 4, 'deprel': 'case', 'lemma': 'ל'}, {'id': 4, 'text': 'עיגון', 'upos': 'NOUN', 'xpos': 'NOUN', 'feats': 'Definite=Cons|Gender=Masc|Number=Sing', 'head': 7, 'deprel': 'obl', 'lemma': 'עיגון'}]"
"(5, 6)",הסיבים,,,,,"(16, 22)",,,"[{'id': 5, 'text': 'ה', 'upos': 'DET', 'xpos': 'DET', 'feats': 'PronType=Art', 'head': 6, 'deprel': 'det:def', 'lemma': 'ה'}, {'id': 6, 'text': 'סיבים', 'upos': 'NOUN', 'xpos': 'NOUN', 'feats': 'Gender=Masc|Number=Plur', 'head': 4, 'deprel': 'compound:smixut', 'lemma': 'סיב'}]"
7,יש,VERB,VERB,1.0,advcl,"(23, 25)",יש,HebExistential=True,
8,תרומה,NOUN,NOUN,7.0,nsubj,"(26, 31)",תרומה,Gender=Fem|Number=Sing,
9,משמעותית,ADJ,ADJ,8.0,amod,"(32, 40)",משמעותי,Gender=Fem|Number=Sing,
"(10, 11)",ביכולת,,,,,"(41, 47)",,,"[{'id': 10, 'text': 'ב', 'upos': 'ADP', 'xpos': 'ADP', 'head': 11, 'deprel': 'case', 'lemma': 'ב'}, {'id': 11, 'text': 'יכולת', 'upos': 'NOUN', 'xpos': 'NOUN', 'feats': 'Definite=Cons|Gender=Fem|Number=Sing', 'head': 8, 'deprel': 'nmod', 'lemma': 'יכולת'}]"
12,נשיאת,NOUN,NOUN,11.0,compound:smixut,"(48, 53)",נשיאה,Definite=Cons|Gender=Fem|Number=Sing,
"(13, 14)",העומסים,,,,,"(54, 61)",,,"[{'id': 13, 'text': 'ה', 'upos': 'DET', 'xpos': 'DET', 'feats': 'PronType=Art', 'head': 14, 'deprel': 'det:def', 'lemma': 'ה'}, {'id': 14, 'text': 'עומסים', 'upos': 'NOUN', 'xpos': 'NOUN', 'feats': 'Gender=Masc|Number=Plur', 'head': 12, 'deprel': 'compound:smixut', 'lemma': 'עומס'}]"
"(15, 16)",בכפיפה,,,,,"(62, 68)",,,"[{'id': 15, 'text': 'ב', 'upos': 'ADP', 'xpos': 'ADP', 'head': 16, 'deprel': 'case', 'lemma': 'ב'}, {'id': 16, 'text': 'כפיפה', 'upos': 'NOUN', 'xpos': 'NOUN', 'feats': 'Gender=Fem|Number=Sing', 'head': 12, 'deprel': 'nmod', 'lemma': 'כפיפה'}]"
17,לאחר,ADP,ADP,18.0,case,"(69, 73)",לאחר,,
18,התפתחות,NOUN,NOUN,12.0,nmod,"(74, 81)",התפתחות,Definite=Cons|Gender=Fem|Number=Sing,
"(19, 20)",הסדק,,,,,"(82, 86)",,,"[{'id': 19, 'text': 'ה', 'upos': 'DET', 'xpos': 'DET', 'feats': 'PronType=Art', 'head': 20, 'deprel': 'det:def', 'lemma': 'ה'}, {'id': 20, 'text': 'סדק', 'upos': 'NOUN', 'xpos': 'NOUN', 'feats': 'Gender=Masc|Number=Sing', 'head': 18, 'deprel': 'compound:smixut', 'lemma': 'סדק'}]"
"(21, 22)",הראשון,,,,,"(87, 93)",,,"[{'id': 21, 'text': 'ה', 'upos': 'DET', 'xpos': 'DET', 'feats': 'PronType=Art', 'head': 22, 'deprel': 'det:def', 'lemma': 'ה'}, {'id': 22, 'text': 'ראשון', 'upos': 'ADJ', 'xpos': 'ADJ', 'feats': 'Gender=Masc|Number=Sing', 'head': 20, 'deprel': 'amod', 'lemma': 'ראשון'}]"
"(1, 2)",הכיפוף,,,,,"(1, 7)",,,"[{'id': 1, 'text': 'ה', 'upos': 'DET', 'xpos': 'DET', 'feats': 'PronType=Art', 'head': 2, 'deprel': 'det:def', 'lemma': 'ה'}, {'id': 2, 'text': 'כיפוף', 'upos': 'NOUN', 'xpos': 'NOUN', 'feats': 'Gender=Masc|Number=Sing', 'head': 11, 'deprel': 'nsubj', 'lemma': 'כיפוף'}]"
"(3, 4)",הכפול,,,,,"(8, 13)",,,"[{'id': 3, 'text': 'ה', 'upos': 'DET', 'xpos': 'DET', 'feats': 'PronType=Art', 'head': 4, 'deprel': 'det:def', 'lemma': 'ה'}, {'id': 4, 'text': 'כפול', 'upos': 'ADJ', 'xpos': 'ADJ', 'feats': 'Gender=Masc|Number=Sing', 'head': 2, 'deprel': 'amod', 'lemma': 'כפול'}]"
"(5, 6)",בקצות,,,,,"(14, 19)",,,"[{'id': 5, 'text': 'ב', 'upos': 'ADP', 'xpos': 'ADP', 'head': 6, 'deprel': 'case', 'lemma': 'ב'}, {'id': 6, 'text': 'קצות', 'upos': 'NOUN', 'xpos': 'NOUN', 'feats': 'Definite=Cons|Gender=Fem|Number=Plur', 'head': 2, 'deprel': 'nmod', 'lemma': 'קצה'}]"
"(7, 8)",הסיבים,,,,,"(20, 26)",,,"[{'id': 7, 'text': 'ה', 'upos': 'DET', 'xpos': 'DET', 'feats': 'PronType=Art', 'head': 8, 'deprel': 'det:def', 'lemma': 'ה'}, {'id': 8, 'text': 'סיבים', 'upos': 'NOUN', 'xpos': 'NOUN', 'feats': 'Gender=Masc|Number=Plur', 'head': 6, 'deprel': 'compound:smixut', 'lemma': 'סיב'}]"
"(9, 10)",הארוכים,,,,,"(27, 34)",,,"[{'id': 9, 'text': 'ה', 'upos': 'DET', 'xpos': 'DET', 'feats': 'PronType=Art', 'head': 10, 'deprel': 'det:def', 'lemma': 'ה'}, {'id': 10, 'text': 'ארוכים', 'upos': 'ADJ', 'xpos': 'ADJ', 'feats': 'Gender=Masc|Number=Plur', 'head': 8, 'deprel': 'amod', 'lemma': 'ארוך'}]"
11,מספק,VERB,VERB,0.0,root,"(35, 39)",סיפק,"Gender=Masc|HebBinyan=PIEL|Number=Sing|Person=1,2,3|VerbForm=Part|Voice=Act",
12,עיגון,NOUN,NOUN,11.0,obj,"(40, 45)",עיגון,Gender=Masc|Number=Sing,
13,משמעותי,ADJ,ADJ,12.0,amod,"(46, 53)",משמעותי,Gender=Masc|Number=Sing,
"(14, 16)",לסיבים,,,,,"(54, 60)",,,"[{'id': 14, 'text': 'ל', 'upos': 'ADP', 'xpos': 'ADP', 'head': 16, 'deprel': 'case', 'lemma': 'ל'}, {'id': 15, 'text': 'ה_', 'upos': 'DET', 'xpos': 'DET', 'feats': 'PronType=Art', 'head': 16, 'deprel': 'det:def', 'lemma': 'ה'}, {'id': 16, 'text': 'סיבים', 'upos': 'NOUN', 'xpos': 'NOUN', 'feats': 'Gender=Masc|Number=Plur', 'head': 12, 'deprel': 'nmod', 'lemma': 'סיב'}]"
"(17, 18)",הארוכים,,,,,"(61, 68)",,,"[{'id': 17, 'text': 'ה', 'upos': 'DET', 'xpos': 'DET', 'feats': 'PronType=Art', 'head': 18, 'deprel': 'det:def', 'lemma': 'ה'}, {'id': 18, 'text': 'ארוכים', 'upos': 'ADJ', 'xpos': 'ADJ', 'feats': 'Gender=Masc|Number=Plur', 'head': 16, 'deprel': 'amod', 'lemma': 'ארוך'}]"
19,כך,ADV,ADV,11.0,advmod,"(69, 71)",כך,,
"(20, 21)",שהם,,,,,"(72, 75)",,,"[{'id': 20, 'text': 'ש', 'upos': 'SCONJ', 'xpos': 'SCONJ', 'head': 22, 'deprel': 'mark', 'lemma': 'ש'}, {'id': 21, 'text': 'הם', 'upos': 'PRON', 'xpos': 'PRON', 'feats': 'Gender=Masc|Number=Plur|Person=3|PronType=Prs', 'head': 22, 'deprel': 'nsubj', 'lemma': 'הוא'}]"
22,מצליחים,VERB,VERB,19.0,fixed,"(76, 83)",הצליח,"Gender=Masc|HebBinyan=HIFIL|Number=Plur|Person=1,2,3|VerbForm=Part|Voice=Act",
23,ליצור,VERB,VERB,22.0,xcomp,"(84, 89)",יצר,HebBinyan=PAAL|VerbForm=Inf|Voice=Act,
24,מנגנות,NOUN,NOUN,23.0,obj,"(90, 96)",מנגנה,Definite=Cons|Gender=Fem|Number=Plur,
25,נשיאת,NOUN,NOUN,24.0,compound:smixut,"(97, 102)",נשיאה,Definite=Cons|Gender=Fem|Number=Sing,
26,עומס,NOUN,NOUN,25.0,compound:smixut,"(103, 107)",עומס,Gender=Masc|Number=Sing,
27,משמעותי,ADJ,ADJ,26.0,amod,"(108, 115)",משמעותי,Gender=Masc|Number=Sing,
28,כאשר,SCONJ,SCONJ,31.0,mark,"(116, 120)",כאשר,,
"(29, 30)",הסדק,,,,,"(121, 125)",,,"[{'id': 29, 'text': 'ה', 'upos': 'DET', 'xpos': 'DET', 'feats': 'PronType=Art', 'head': 30, 'deprel': 'det:def', 'lemma': 'ה'}, {'id': 30, 'text': 'סדק', 'upos': 'NOUN', 'xpos': 'NOUN', 'feats': 'Gender=Masc|Number=Sing', 'head': 31, 'deprel': 'nsubj', 'lemma': 'סדק'}]"
31,נפתח,VERB,VERB,23.0,advcl,"(126, 130)",נפתח,"Gender=Masc|HebBinyan=NIFAL|Number=Sing|Person=1,2,3|VerbForm=Part|Voice=Mid",
"(1, 2)",הסיבים,,,,,"(1, 7)",,,"[{'id': 1, 'text': 'ה', 'upos': 'DET', 'xpos': 'DET', 'feats': 'PronType=Art', 'head': 2, 'deprel': 'det:def', 'lemma': 'ה'}, {'id': 2, 'text': 'סיבים', 'upos': 'NOUN', 'xpos': 'NOUN', 'feats': 'Gender=Masc|Number=Plur', 'head': 9, 'deprel': 'nsubj', 'lemma': 'סיב'}]"
"(3, 4)",הקצרים,,,,,"(8, 14)",,,"[{'id': 3, 'text': 'ה', 'upos': 'DET', 'xpos': 'DET', 'feats': 'PronType=Art', 'head': 4, 'deprel': 'det:def', 'lemma': 'ה'}, {'id': 4, 'text': 'קצרים', 'upos': 'ADJ', 'xpos': 'ADJ', 'feats': 'Gender=Masc|Number=Plur', 'head': 2, 'deprel': 'amod', 'lemma': 'קצר'}]"
"(5, 6)",שמשולבים,,,,,"(15, 23)",,,"[{'id': 5, 'text': 'ש', 'upos': 'SCONJ', 'xpos': 'SCONJ', 'head': 6, 'deprel': 'mark', 'lemma': 'ש'}, {'id': 6, 'text': 'משולבים', 'upos': 'VERB', 'xpos': 'VERB', 'feats': 'Gender=Masc|HebBinyan=PUAL|Number=Plur|Person=1,2,3|VerbForm=Part|Voice=Pass', 'head': 2, 'deprel': 'acl:relcl', 'lemma': 'שולב'}]"
"(7, 8)",איתם,,,,,"(24, 28)",,,"[{'id': 7, 'text': 'איתם', 'upos': 'ADP', 'xpos': 'ADP', 'head': 8, 'deprel': 'case', 'lemma': 'את'}, {'id': 8, 'text': '_הם', 'upos': 'PRON', 'xpos': 'PRON', 'feats': 'Gender=Masc|Number=Plur|Person=3|PronType=Prs', 'head': 6, 'deprel': 'obl', 'lemma': 'הוא'}]"
9,מצליחים,VERB,VERB,0.0,root,"(29, 36)",הצליח,"Gender=Masc|HebBinyan=HIFIL|Number=Plur|Person=1,2,3|VerbForm=Part|Voice=Act",
10,למתן,VERB,VERB,9.0,xcomp,"(37, 41)",מיתן,HebBinyan=PIEL|VerbForm=Inf|Voice=Act,
11,את,ADP,ADP,13.0,case:acc,"(42, 44)",את,Case=Acc,
"(12, 13)",השינויים,,,,,"(45, 53)",,,"[{'id': 12, 'text': 'ה', 'upos': 'DET', 'xpos': 'DET', 'feats': 'PronType=Art', 'head': 13, 'deprel': 'det:def', 'lemma': 'ה'}, {'id': 13, 'text': 'שינויים', 'upos': 'NOUN', 'xpos': 'NOUN', 'feats': 'Gender=Masc|Number=Plur', 'head': 10, 'deprel': 'obj', 'lemma': 'שינוי'}]"
"(14, 15)",המשמעותיים,,,,,"(54, 64)",,,"[{'id': 14, 'text': 'ה', 'upos': 'DET', 'xpos': 'DET', 'feats': 'PronType=Art', 'head': 15, 'deprel': 'det:def', 'lemma': 'ה'}, {'id': 15, 'text': 'משמעותיים', 'upos': 'ADJ', 'xpos': 'ADJ', 'feats': 'Gender=Masc|Number=Plur', 'head': 13, 'deprel': 'amod', 'lemma': 'משמעותי'}]"
"(16, 17)",הנוצרים,,,,,"(65, 72)",,,"[{'id': 16, 'text': 'ה', 'upos': 'SCONJ', 'xpos': 'SCONJ', 'head': 17, 'deprel': 'mark', 'lemma': 'ה'}, {'id': 17, 'text': 'נוצרים', 'upos': 'VERB', 'xpos': 'VERB', 'feats': 'Gender=Masc|HebBinyan=NIFAL|Number=Plur|Person=1,2,3|VerbForm=Part|Voice=Mid', 'head': 13, 'deprel': 'acl:relcl', 'lemma': 'נוצר'}]"
18,כאשר,SCONJ,SCONJ,21.0,mark,"(73, 77)",כאשר,,
19,סיב,NOUN,NOUN,21.0,nsubj,"(78, 81)",סיב,Gender=Masc|Number=Sing,
20,בודד,ADJ,ADJ,19.0,amod,"(82, 86)",בודד,Gender=Masc|Number=Sing,
21,ניתק,VERB,VERB,17.0,advcl,"(87, 91)",ניתק,Gender=Masc|HebBinyan=NIFAL|Number=Sing|Person=3|Tense=Past|Voice=Mid,
"(22, 24)",ממקומו,,,,,"(92, 98)",,,"[{'id': 22, 'text': 'ממקום_', 'upos': 'NOUN', 'xpos': 'NOUN', 'feats': 'Definite=Def|Gender=Masc|Number=Sing', 'head': 21, 'deprel': 'obl', 'lemma': 'ממקום'}, {'id': 23, 'text': '_של_', 'upos': 'ADP', 'xpos': 'ADP', 'head': 24, 'deprel': 'case:gen', 'lemma': 'של'}, {'id': 24, 'text': '_הוא', 'upos': 'PRON', 'xpos': 'PRON', 'feats': 'Case=Gen|Gender=Masc|Number=Sing|Person=3|PronType=Prs', 'head': 22, 'deprel': 'nmod:poss', 'lemma': 'הוא'}]"
"(25, 27)",ובכך,,,,,"(99, 103)",,,"[{'id': 25, 'text': 'ו', 'upos': 'CCONJ', 'xpos': 'CCONJ', 'head': 28, 'deprel': 'cc', 'lemma': 'ו'}, {'id': 26, 'text': 'ב', 'upos': 'ADP', 'xpos': 'ADP', 'head': 27, 'deprel': 'case', 'lemma': 'ב'}, {'id': 27, 'text': 'כך', 'upos': 'PRON', 'xpos': 'PRON', 'feats': 'Person=3|PronType=Dem', 'head': 28, 'deprel': 'obl', 'lemma': 'כך'}]"
28,מסייעים,VERB,VERB,17.0,conj,"(104, 111)",סייע,"Gender=Masc|HebBinyan=PIEL|Number=Plur|Person=1,2,3|VerbForm=Part|Voice=Act",
"(29, 30)",בספיגת,,,,,"(112, 118)",,,"[{'id': 29, 'text': 'ב', 'upos': 'ADP', 'xpos': 'ADP', 'head': 30, 'deprel': 'case', 'lemma': 'ב'}, {'id': 30, 'text': 'ספיגת', 'upos': 'NOUN', 'xpos': 'NOUN', 'feats': 'Definite=Cons|Gender=Fem|Number=Sing', 'head': 28, 'deprel': 'obl', 'lemma': 'ספיגה'}]"
"(31, 32)",האנרגיה,,,,,"(119, 126)",,,"[{'id': 31, 'text': 'ה', 'upos': 'DET', 'xpos': 'DET', 'feats': 'PronType=Art', 'head': 32, 'deprel': 'det:def', 'lemma': 'ה'}, {'id': 32, 'text': 'אנרגיה', 'upos': 'NOUN', 'xpos': 'NOUN', 'feats': 'Gender=Fem|Number=Sing', 'head': 30, 'deprel': 'compound:smixut', 'lemma': 'אנרגיה'}]"
1,בנוסף,ADV,ADV,3.0,advmod,"(1, 6)",בנוסף,,
2,",",PUNCT,PUNCT,3.0,punct,"(6, 7)",",",,
3,ייתכן,AUX,AUX,0.0,root,"(8, 13)",ייתכן,VerbType=Mod,
"(4, 6)",והאגרגטים,,,,,"(14, 23)",,,"[{'id': 4, 'text': 'ו', 'upos': 'CCONJ', 'xpos': 'CCONJ', 'head': 7, 'deprel': 'mark', 'lemma': 'ו'}, {'id': 5, 'text': 'ה', 'upos': 'DET', 'xpos': 'DET', 'feats': 'PronType=Art', 'head': 6, 'deprel': 'det:def', 'lemma': 'ה'}, {'id': 6, 'text': 'אגרגטים', 'upos': 'NOUN', 'xpos': 'NOUN', 'feats': 'Gender=Masc|Number=Plur', 'head': 7, 'deprel': 'nsubj', 'lemma': 'אגרגט'}]"
7,יוצרים,VERB,VERB,3.0,advcl,"(24, 30)",יצר,"Gender=Masc|HebBinyan=PAAL|Number=Plur|Person=1,2,3|VerbForm=Part|Voice=Act",
8,מנגנון,NOUN,NOUN,7.0,obj,"(31, 37)",מנגנון,Gender=Masc|Number=Sing,
9,דומה,ADJ,ADJ,8.0,amod,"(38, 42)",דומה,Gender=Masc|Number=Sing,
"(10, 11)",למנגנון,,,,,"(43, 50)",,,"[{'id': 10, 'text': 'ל', 'upos': 'ADP', 'xpos': 'ADP', 'head': 11, 'deprel': 'case', 'lemma': 'ל'}, {'id': 11, 'text': 'מנגנון', 'upos': 'NOUN', 'xpos': 'NOUN', 'feats': 'Gender=Masc|Number=Sing', 'head': 8, 'deprel': 'nmod', 'lemma': 'מנגנון'}]"
12,של,ADP,ADP,13.0,case:gen,"(51, 53)",של,Case=Gen,
13,יפה,ADJ,ADJ,11.0,nmod:poss,"(53, 56)",יפה,Gender=Masc|Number=Sing,
14,על,ADP,ADP,16.0,case,"(57, 59)",על,,
15,גבי,NOUN,NOUN,14.0,fixed,"(60, 63)",גב,Definite=Cons|Gender=Masc|Number=Plur,
16,סרן,NOUN,NOUN,11.0,nmod,"(64, 67)",סרן,Gender=Masc|Number=Sing,
17,(,PUNCT,PUNCT,18.0,punct,"(68, 69)",(,,
18,pulley,NOUN,NOUN,16.0,appos,"(69, 75)",ליקל,,
19,),PUNCT,PUNCT,18.0,punct,"(75, 76)",),,
"(20, 21)",המוסיף,,,,,"(77, 83)",,,"[{'id': 20, 'text': 'ה', 'upos': 'SCONJ', 'xpos': 'SCONJ', 'head': 21, 'deprel': 'mark', 'lemma': 'ה'}, {'id': 21, 'text': 'מוסיף', 'upos': 'VERB', 'xpos': 'VERB', 'feats': 'Gender=Masc|HebBinyan=HIFIL|Number=Sing|Person=1,2,3|VerbForm=Part|Voice=Act', 'head': 11, 'deprel': 'acl:relcl', 'lemma': 'הוסיף'}]"
22,חיכוך,NOUN,NOUN,21.0,obj,"(84, 89)",חיכוך,Gender=Masc|Number=Sing,
"(23, 25)",לסיבים,,,,,"(90, 96)",,,"[{'id': 23, 'text': 'ל', 'upos': 'ADP', 'xpos': 'ADP', 'head': 25, 'deprel': 'case', 'lemma': 'ל'}, {'id': 24, 'text': 'ה_', 'upos': 'DET', 'xpos': 'DET', 'feats': 'PronType=Art', 'head': 25, 'deprel': 'det:def', 'lemma': 'ה'}, {'id': 25, 'text': 'סיבים', 'upos': 'NOUN', 'xpos': 'NOUN', 'feats': 'Gender=Masc|Number=Plur', 'head': 22, 'deprel': 'nmod', 'lemma': 'סיב'}]"
"(26, 27)",הנטויים,,,,,"(97, 104)",,,"[{'id': 26, 'text': 'ה', 'upos': 'DET', 'xpos': 'DET', 'feats': 'PronType=Art', 'head': 27, 'deprel': 'det:def', 'lemma': 'ה'}, {'id': 27, 'text': 'נטויים', 'upos': 'ADJ', 'xpos': 'ADJ', 'feats': 'Gender=Masc|Number=Plur', 'head': 25, 'deprel': 'amod', 'lemma': 'נטוי'}]"
"(28, 29)",ביחס,,,,,"(105, 109)",,,"[{'id': 28, 'text': 'ב', 'upos': 'ADP', 'xpos': 'ADP', 'head': 32, 'deprel': 'case', 'lemma': 'ב'}, {'id': 29, 'text': 'יחס', 'upos': 'NOUN', 'xpos': 'NOUN', 'feats': 'Gender=Masc|Number=Sing', 'head': 28, 'deprel': 'fixed', 'lemma': 'יחס'}]"
"(30, 32)",למישור,,,,,"(110, 116)",,,"[{'id': 30, 'text': 'ל', 'upos': 'ADP', 'xpos': 'ADP', 'head': 28, 'deprel': 'fixed', 'lemma': 'ל'}, {'id': 31, 'text': 'ה_', 'upos': 'DET', 'xpos': 'DET', 'feats': 'PronType=Art', 'head': 32, 'deprel': 'det:def', 'lemma': 'ה'}, {'id': 32, 'text': 'מישור', 'upos': 'NOUN', 'xpos': 'NOUN', 'feats': 'Gender=Masc|Number=Sing', 'head': 25, 'deprel': 'nmod', 'lemma': 'מישור'}]"
"(33, 34)",הסדק,,,,,"(117, 121)",,,"[{'id': 33, 'text': 'ה', 'upos': 'DET', 'xpos': 'DET', 'feats': 'PronType=Art', 'head': 34, 'deprel': 'det:def', 'lemma': 'ה'}, {'id': 34, 'text': 'סדק', 'upos': 'ADJ', 'xpos': 'ADJ', 'feats': 'Gender=Masc|Number=Sing', 'head': 32, 'deprel': 'amod', 'lemma': 'סדק'}]"
35,",",PUNCT,PUNCT,32.0,punct,"(121, 122)",",",,
"(36, 37)",היוצר,,,,,"(123, 128)",,,"[{'id': 36, 'text': 'ה', 'upos': 'SCONJ', 'xpos': 'SCONJ', 'head': 37, 'deprel': 'mark', 'lemma': 'ה'}, {'id': 37, 'text': 'יוצר', 'upos': 'VERB', 'xpos': 'VERB', 'feats': 'Gender=Masc|HebBinyan=PAAL|Number=Sing|Person=1,2,3|VerbForm=Part|Voice=Act', 'head': 32, 'deprel': 'acl:relcl', 'lemma': 'יצר'}]"
"(38, 39)",בכך,,,,,"(129, 132)",,,"[{'id': 38, 'text': 'ב', 'upos': 'ADP', 'xpos': 'ADP', 'head': 39, 'deprel': 'case', 'lemma': 'ב'}, {'id': 39, 'text': 'כך', 'upos': 'PRON', 'xpos': 'PRON', 'feats': 'Person=3|PronType=Dem', 'head': 37, 'deprel': 'obl', 'lemma': 'כך'}]"
40,תוספת,NOUN,NOUN,37.0,obj,"(133, 138)",תוספת,Gender=Fem|Number=Sing,
"(41, 42)",לכוחות,,,,,"(139, 145)",,,"[{'id': 41, 'text': 'ל', 'upos': 'ADP', 'xpos': 'ADP', 'head': 42, 'deprel': 'case', 'lemma': 'ל'}, {'id': 42, 'text': 'כוחות', 'upos': 'NOUN', 'xpos': 'NOUN', 'feats': 'Definite=Cons|Gender=Masc|Number=Plur', 'head': 40, 'deprel': 'nmod', 'lemma': 'כוח'}]"
"(43, 44)",העיגון,,,,,"(146, 152)",,,"[{'id': 43, 'text': 'ה', 'upos': 'DET', 'xpos': 'DET', 'feats': 'PronType=Art', 'head': 44, 'deprel': 'det:def', 'lemma': 'ה'}, {'id': 44, 'text': 'עיגון', 'upos': 'NOUN', 'xpos': 'NOUN', 'feats': 'Gender=Masc|Number=Sing', 'head': 42, 'deprel': 'compound:smixut', 'lemma': 'עיגון'}]"
1,כאמור,ADV,ADV,4.0,advmod,"(1, 6)",כאמור,,
2,",",PUNCT,PUNCT,4.0,punct,"(6, 7)",",",,
3,זו,PRON,PRON,4.0,nsubj,"(8, 10)",זו,Gender=Fem|Number=Sing|Person=3|PronType=Dem,
4,השערה,NOUN,NOUN,0.0,root,"(11, 16)",השערה,Gender=Fem|Number=Sing,
5,בלבד,ADV,ADV,4.0,advmod,"(17, 21)",בלבד,,
"(6, 7)",והיא,,,,,"(22, 26)",,,"[{'id': 6, 'text': 'ו', 'upos': 'CCONJ', 'xpos': 'CCONJ', 'head': 8, 'deprel': 'cc', 'lemma': 'ו'}, {'id': 7, 'text': 'היא', 'upos': 'PRON', 'xpos': 'PRON', 'feats': 'Gender=Fem|Number=Sing|Person=3|PronType=Prs', 'head': 8, 'deprel': 'nsubj', 'lemma': 'הוא'}]"
8,זקוקה,AUX,AUX,4.0,conj,"(27, 32)",זקוק,"Gender=Fem|Number=Sing|Person=1,2,3|VerbType=Mod",
"(9, 10)",לתמיכה,,,,,"(33, 39)",,,"[{'id': 9, 'text': 'ל', 'upos': 'ADP', 'xpos': 'ADP', 'head': 10, 'deprel': 'case', 'lemma': 'ל'}, {'id': 10, 'text': 'תמיכה', 'upos': 'NOUN', 'xpos': 'NOUN', 'feats': 'Gender=Fem|Number=Sing', 'head': 8, 'deprel': 'obl', 'lemma': 'תמיכה'}]"
11,נוספת,ADJ,ADJ,10.0,amod,"(40, 45)",נוסף,Gender=Fem|Number=Sing,
1,מחקר,NOUN,NOUN,3.0,nsubj,"(1, 5)",מחקר,Gender=Masc|Number=Sing,
2,זה,PRON,PRON,1.0,det,"(6, 8)",זה,Gender=Masc|Number=Sing|Person=3|PronType=Dem,
3,בוצע,VERB,VERB,0.0,root,"(9, 13)",בוצע,Gender=Masc|HebBinyan=PUAL|Number=Sing|Person=3|Tense=Past|Voice=Pass,
4,עם,ADP,ADP,5.0,case,"(14, 16)",עם,,
5,כמויות,NOUN,NOUN,3.0,obl,"(17, 23)",כמות,Definite=Cons|Gender=Fem|Number=Plur,
6,סיבים,NOUN,NOUN,5.0,compound:smixut,"(24, 29)",סיב,Gender=Masc|Number=Plur,
7,נתונות,ADJ,ADJ,5.0,amod,"(30, 36)",נתן,Gender=Fem|Number=Plur,
8,:,PUNCT,PUNCT,5.0,punct,"(36, 37)",:,,
9,2,NUM,NUM,10.0,nummod,"(38, 39)",2,,
10,%,NOUN,NOUN,5.0,appos,"(39, 40)",%,"Gender=Masc|Number=Plur,Sing",
11,~,PUNCT,PUNCT,10.0,dep,"(40, 41)",~,,
"(12, 13)",מנפח,,,,,"(42, 46)",,,"[{'id': 12, 'text': 'מ', 'upos': 'ADP', 'xpos': 'ADP', 'head': 13, 'deprel': 'case', 'lemma': 'מ'}, {'id': 13, 'text': 'נפח', 'upos': 'NOUN', 'xpos': 'NOUN', 'feats': 'Definite=Cons|Gender=Masc|Number=Sing', 'head': 10, 'deprel': 'nmod', 'lemma': 'נפח'}]"
"(14, 15)",הבטון,,,,,"(47, 52)",,,"[{'id': 14, 'text': 'ה', 'upos': 'DET', 'xpos': 'DET', 'feats': 'PronType=Art', 'head': 15, 'deprel': 'det:def', 'lemma': 'ה'}, {'id': 15, 'text': 'בטון', 'upos': 'NOUN', 'xpos': 'NOUN', 'feats': 'Gender=Masc|Number=Sing', 'head': 13, 'deprel': 'compound:smixut', 'lemma': 'בטון'}]"
16,(,PUNCT,PUNCT,18.0,punct,"(53, 54)",(,,
17,150,NUM,NUM,18.0,nummod,"(54, 57)",150,,
18,"ק""ג",NOUN,NOUN,10.0,appos,"(58, 61)",קילוגרם,Abbr=Yes|Gender=Masc|Number=Sing,
19,/,PUNCT,PUNCT,20.0,punct,"(61, 62)",/,,
20,"מ""ק",NOUN,NOUN,18.0,nmod,"(62, 65)","מ""ק",Abbr=Yes|Gender=Masc|Number=Sing,
21,),PUNCT,PUNCT,18.0,punct,"(65, 66)",),,
22,או,CCONJ,CCONJ,23.0,cc,"(67, 69)",או,,
23,0,NUM,NUM,10.0,conj,"(70, 71)",0,,
1,63,NUM,NUM,2.0,nummod,"(0, 2)",63,,
2,%,NOUN,NOUN,0.0,root,"(2, 3)",%,"Gender=Masc|Number=Plur,Sing",
"(3, 5)",נפחי,,,,,"(4, 8)",,,"[{'id': 3, 'text': 'נפח_', 'upos': 'NOUN', 'xpos': 'NOUN', 'feats': 'Definite=Def|Gender=Masc|Number=Sing', 'head': 2, 'deprel': 'nsubj', 'lemma': 'נפח'}, {'id': 4, 'text': '_של_', 'upos': 'ADP', 'xpos': 'ADP', 'head': 5, 'deprel': 'case:gen', 'lemma': 'של'}, {'id': 5, 'text': '_אני', 'upos': 'PRON', 'xpos': 'PRON', 'feats': 'Case=Gen|Gender=Fem,Masc|Number=Sing|Person=1|PronType=Prs', 'head': 3, 'deprel': 'nmod:poss', 'lemma': 'הוא'}]"
"(6, 7)",כשנעשה,,,,,"(9, 15)",,,"[{'id': 6, 'text': 'כש', 'upos': 'SCONJ', 'xpos': 'SCONJ', 'feats': 'Case=Tem', 'head': 7, 'deprel': 'mark', 'lemma': 'כש'}, {'id': 7, 'text': 'נעשה', 'upos': 'VERB', 'xpos': 'VERB', 'feats': 'Gender=Masc|HebBinyan=NIFAL|Number=Sing|Person=3|Tense=Past|Voice=Mid', 'head': 2, 'deprel': 'advcl', 'lemma': 'נעשה'}]"
8,שימוש,NOUN,NOUN,7.0,nsubj,"(16, 21)",שימוש,Gender=Masc|Number=Sing,
"(9, 11)",בסיבים,,,,,"(22, 28)",,,"[{'id': 9, 'text': 'ב', 'upos': 'ADP', 'xpos': 'ADP', 'head': 11, 'deprel': 'case', 'lemma': 'ב'}, {'id': 10, 'text': 'ה_', 'upos': 'DET', 'xpos': 'DET', 'feats': 'PronType=Art', 'head': 11, 'deprel': 'det:def', 'lemma': 'ה'}, {'id': 11, 'text': 'סיבים', 'upos': 'NOUN', 'xpos': 'NOUN', 'feats': 'Gender=Masc|Number=Plur', 'head': 8, 'deprel': 'nmod', 'lemma': 'סיב'}]"
12,ארוכים,ADJ,ADJ,11.0,amod,"(29, 35)",ארוך,Gender=Masc|Number=Plur,
13,בלבד,ADV,ADV,11.0,advmod,"(36, 40)",בלבד,,
14,(,PUNCT,PUNCT,16.0,punct,"(41, 42)",(,,
15,50,NUM,NUM,16.0,nummod,"(42, 44)",50,,
16,"ק""ג",NOUN,NOUN,11.0,appos,"(45, 48)",קילוגרם,Abbr=Yes|Gender=Masc|Number=Sing,
17,/,PUNCT,PUNCT,18.0,punct,"(48, 49)",/,,
18,"מ""ק",NOUN,NOUN,16.0,nmod,"(49, 52)","מ""ק",Abbr=Yes|Gender=Masc|Number=Sing,
19,),PUNCT,PUNCT,16.0,punct,"(52, 53)",),,
"(1, 3)",יעילותן,,,,,"(1, 8)",,,"[{'id': 1, 'text': 'יעילות_', 'upos': 'NOUN', 'xpos': 'NOUN', 'feats': 'Definite=Def|Gender=Fem|Number=Sing', 'head': 13, 'deprel': 'nsubj', 'lemma': 'יעילות'}, {'id': 2, 'text': '_של_', 'upos': 'ADP', 'xpos': 'ADP', 'head': 3, 'deprel': 'case:gen', 'lemma': 'של'}, {'id': 3, 'text': '_הן', 'upos': 'PRON', 'xpos': 'PRON', 'feats': 'Case=Gen|Gender=Fem|Number=Plur|Person=3|PronType=Prs', 'head': 1, 'deprel': 'nmod:poss', 'lemma': 'הוא'}]"
4,של,ADP,ADP,6.0,case:gen,"(9, 11)",של,Case=Gen,
"(5, 6)",המערכות,,,,,"(12, 19)",,,"[{'id': 5, 'text': 'ה', 'upos': 'DET', 'xpos': 'DET', 'feats': 'PronType=Art', 'head': 6, 'deprel': 'det:def', 'lemma': 'ה'}, {'id': 6, 'text': 'מערכות', 'upos': 'NOUN', 'xpos': 'NOUN', 'feats': 'Gender=Fem|Number=Plur', 'head': 1, 'deprel': 'nmod:poss', 'lemma': 'מערכת'}]"
"(7, 8)",המשולבות,,,,,"(20, 28)",,,"[{'id': 7, 'text': 'ה', 'upos': 'DET', 'xpos': 'DET', 'feats': 'PronType=Art', 'head': 8, 'deprel': 'det:def', 'lemma': 'ה'}, {'id': 8, 'text': 'משולבות', 'upos': 'VERB', 'xpos': 'VERB', 'feats': 'Gender=Fem|HebBinyan=PUAL|Number=Plur|Person=1,2,3|VerbForm=Part|Voice=Pass', 'head': 6, 'deprel': 'amod', 'lemma': 'שולב'}]"
"(9, 10)",משני,,,,,"(29, 33)",,,"[{'id': 9, 'text': 'מ', 'upos': 'ADP', 'xpos': 'ADP', 'head': 11, 'deprel': 'case', 'lemma': 'מ'}, {'id': 10, 'text': 'שני', 'upos': 'NUM', 'xpos': 'NUM', 'feats': 'Definite=Cons|Gender=Masc|Number=Plur', 'head': 11, 'deprel': 'nummod', 'lemma': 'שני'}]"
11,גדלי,NOUN,NOUN,6.0,nmod,"(34, 38)",גדל,Definite=Cons|Gender=Masc|Number=Plur,
12,סיבים,NOUN,NOUN,11.0,compound:smixut,"(39, 44)",סיב,Gender=Masc|Number=Plur,
13,ברורה,ADJ,ADJ,0.0,root,"(45, 50)",ברור,Gender=Fem|Number=Sing,
14,אך,CCONJ,CCONJ,15.0,cc,"(51, 53)",אך,,
15,נראה,VERB,VERB,13.0,conj,"(54, 58)",נראה,"Gender=Masc|HebBinyan=NIFAL|Number=Sing|Person=1,2,3|VerbForm=Part|Voice=Mid",
16,כי,SCONJ,SCONJ,17.0,mark,"(59, 61)",כי,,
17,יש,VERB,VERB,15.0,ccomp,"(62, 64)",יש,HebExistential=True,
18,מקום,NOUN,NOUN,17.0,nsubj,"(65, 69)",מקום,Gender=Masc|Number=Sing,
"(19, 21)",לאופטימיזציה,,,,,"(70, 82)",,,"[{'id': 19, 'text': 'ל', 'upos': 'ADP', 'xpos': 'ADP', 'head': 21, 'deprel': 'case', 'lemma': 'ל'}, {'id': 20, 'text': 'ה_', 'upos': 'DET', 'xpos': 'DET', 'feats': 'PronType=Art', 'head': 21, 'deprel': 'det:def', 'lemma': 'ה'}, {'id': 21, 'text': 'אופטימיזציה', 'upos': 'NOUN', 'xpos': 'NOUN', 'feats': 'Gender=Fem|Number=Sing', 'head': 18, 'deprel': 'nmod', 'lemma': 'אופטימיזציה'}]"
22,אשר,SCONJ,SCONJ,23.0,mark,"(83, 86)",אשר,,
23,תפחית,VERB,VERB,21.0,acl:relcl,"(87, 92)",הפחית,Gender=Fem|HebBinyan=HIFIL|Number=Sing|Person=3|Tense=Fut|Voice=Act,
24,את,ADP,ADP,26.0,case:acc,"(93, 95)",את,Case=Acc,
"(25, 26)",הכמות,,,,,"(96, 101)",,,"[{'id': 25, 'text': 'ה', 'upos': 'DET', 'xpos': 'DET', 'feats': 'PronType=Art', 'head': 26, 'deprel': 'det:def', 'lemma': 'ה'}, {'id': 26, 'text': 'כמות', 'upos': 'NOUN', 'xpos': 'NOUN', 'feats': 'Gender=Fem|Number=Sing', 'head': 23, 'deprel': 'obj', 'lemma': 'כמות'}]"
"(27, 28)",הכוללת,,,,,"(102, 108)",,,"[{'id': 27, 'text': 'ה', 'upos': 'DET', 'xpos': 'DET', 'feats': 'PronType=Art', 'head': 28, 'deprel': 'det:def', 'lemma': 'ה'}, {'id': 28, 'text': 'כוללת', 'upos': 'ADJ', 'xpos': 'ADJ', 'feats': 'Gender=Fem|Number=Sing', 'head': 26, 'deprel': 'amod', 'lemma': 'כוללת'}]"
29,של,ADP,ADP,31.0,case:gen,"(109, 111)",של,Case=Gen,
"(30, 31)",הסיבים,,,,,"(112, 118)",,,"[{'id': 30, 'text': 'ה', 'upos': 'DET', 'xpos': 'DET', 'feats': 'PronType=Art', 'head': 31, 'deprel': 'det:def', 'lemma': 'ה'}, {'id': 31, 'text': 'סיבים', 'upos': 'NOUN', 'xpos': 'NOUN', 'feats': 'Gender=Masc|Number=Plur', 'head': 26, 'deprel': 'nmod', 'lemma': 'סיב'}]"
"(32, 33)",ותהפוך,,,,,"(119, 125)",,,"[{'id': 32, 'text': 'ו', 'upos': 'CCONJ', 'xpos': 'CCONJ', 'head': 33, 'deprel': 'cc', 'lemma': 'ו'}, {'id': 33, 'text': 'תהפוך', 'upos': 'VERB', 'xpos': 'VERB', 'feats': 'Gender=Fem|HebBinyan=PAAL|Number=Sing|Person=3|Tense=Fut|Voice=Act', 'head': 23, 'deprel': 'conj', 'lemma': 'הפך'}]"
34,את,ADP,ADP,36.0,case:acc,"(126, 128)",את,Case=Acc,
"(35, 36)",המערכת,,,,,"(129, 135)",,,"[{'id': 35, 'text': 'ה', 'upos': 'DET', 'xpos': 'DET', 'feats': 'PronType=Art', 'head': 36, 'deprel': 'det:def', 'lemma': 'ה'}, {'id': 36, 'text': 'מערכת', 'upos': 'NOUN', 'xpos': 'NOUN', 'feats': 'Gender=Fem|Number=Sing', 'head': 33, 'deprel': 'obj', 'lemma': 'מערכת'}]"
"(37, 38)",ליעילה,,,,,"(136, 142)",,,"[{'id': 37, 'text': 'ל', 'upos': 'ADP', 'xpos': 'ADP', 'head': 38, 'deprel': 'case', 'lemma': 'ל'}, {'id': 38, 'text': 'יעילה', 'upos': 'ADJ', 'xpos': 'ADJ', 'feats': 'Gender=Fem|Number=Sing', 'head': 33, 'deprel': 'obl', 'lemma': 'יעיל'}]"
39,יותר,ADV,ADV,38.0,advmod,"(143, 147)",יותר,,
"(40, 41)",בתכולות,,,,,"(148, 155)",,,"[{'id': 40, 'text': 'ב', 'upos': 'ADP', 'xpos': 'ADP', 'head': 41, 'deprel': 'case', 'lemma': 'ב'}, {'id': 41, 'text': 'תכולות', 'upos': 'NOUN', 'xpos': 'NOUN', 'feats': 'Definite=Cons|Gender=Fem|Number=Plur', 'head': 38, 'deprel': 'advmod', 'lemma': 'תכולה'}]"
42,סיבים,NOUN,NOUN,41.0,compound:smixut,"(156, 161)",סיב,Gender=Masc|Number=Plur,
43,נמוכות,ADJ,ADJ,41.0,amod,"(162, 168)",נמוך,Gender=Fem|Number=Plur,
44,יותר,ADV,ADV,43.0,advmod,"(169, 173)",יותר,,
