id,text,upos,xpos,head,deprel,span,lemma,expanded,feats
1,כימות,NOUN,NOUN,39.0,mark,"(0, 5)",כימות,,
"(2, 3)",התכונות,,,,,"(6, 13)",,"[{'id': 2, 'text': 'ה', 'upos': 'DET', 'xpos': 'DET', 'feats': 'PronType=Art', 'head': 3, 'deprel': 'det:def', 'lemma': 'ה'}, {'id': 3, 'text': 'תכונות', 'upos': 'NOUN', 'xpos': 'NOUN', 'feats': 'Gender=Fem|Number=Plur', 'head': 1, 'deprel': 'compound:smixut', 'lemma': 'תכונה'}]",
"(4, 5)",המכניות,,,,,"(14, 21)",,"[{'id': 4, 'text': 'ה', 'upos': 'DET', 'xpos': 'DET', 'feats': 'PronType=Art', 'head': 5, 'deprel': 'det:def', 'lemma': 'ה'}, {'id': 5, 'text': 'מכניות', 'upos': 'ADJ', 'xpos': 'ADJ', 'feats': 'Gender=Fem|Number=Plur', 'head': 3, 'deprel': 'amod', 'lemma': 'מכני'}]",
6,–,PUNCT,PUNCT,5.0,punct,"(22, 23)",–,,
7,מבניות,ADJ,ADJ,5.0,dep,"(24, 30)",מבני,,Gender=Fem|Number=Plur
8,של,ADP,ADP,9.0,case:gen,"(31, 33)",של,,Case=Gen
9,קירות,NOUN,NOUN,3.0,nmod,"(34, 39)",קיר,,Definite=Cons|Gender=Masc|Number=Plur
10,ֶד ֶבּש,PROPN,PROPN,9.0,compound:smixut,"(40, 46)",ֶד ֶבּש,,
"(11, 12)",לצורך,,,,,"(47, 52)",,"[{'id': 11, 'text': 'ל', 'upos': 'ADP', 'xpos': 'ADP', 'head': 12, 'deprel': 'case', 'lemma': 'ל'}, {'id': 12, 'text': 'צורך', 'upos': 'NOUN', 'xpos': 'NOUN', 'feats': 'Definite=Cons|Gender=Masc|Number=Sing', 'head': 3, 'deprel': 'nmod', 'lemma': 'צורך'}]",
13,הערכת,NOUN,NOUN,12.0,compound:smixut,"(53, 58)",הערכה,,Definite=Cons|Gender=Fem|Number=Sing
"(14, 16)",עמידותם,,,,,"(59, 66)",,"[{'id': 14, 'text': 'עמידות_', 'upos': 'NOUN', 'xpos': 'NOUN', 'feats': 'Definite=Def|Gender=Fem|Number=Sing', 'head': 13, 'deprel': 'compound:smixut', 'lemma': 'עמידות'}, {'id': 15, 'text': '_של_', 'upos': 'ADP', 'xpos': 'ADP', 'head': 16, 'deprel': 'case:gen', 'lemma': 'של'}, {'id': 16, 'text': '_הם', 'upos': 'PRON', 'xpos': 'PRON', 'feats': 'Case=Gen|Gender=Masc|Number=Plur|Person=3|PronType=Prs', 'head': 14, 'deprel': 'nmod:poss', 'lemma': 'הוא'}]",
"(17, 18)",הסיסמית,,,,,"(67, 74)",,"[{'id': 17, 'text': 'ה', 'upos': 'DET', 'xpos': 'DET', 'feats': 'PronType=Art', 'head': 18, 'deprel': 'det:def', 'lemma': 'ה'}, {'id': 18, 'text': 'סיסמית', 'upos': 'ADJ', 'xpos': 'ADJ', 'feats': 'Gender=Fem|Number=Sing', 'head': 13, 'deprel': 'amod', 'lemma': 'סיסמי'}]",
19,תקציר,NOUN,NOUN,0.0,root,"(75, 80)",תקציר,,Definite=Cons|Gender=Masc|HebSource=ConvUncertainHead|Number=Sing
20,חלק,NOUN,NOUN,23.0,det,"(81, 84)",חלק,,Gender=Masc|Number=Sing
"(21, 23)",מהמבנים,,,,,"(85, 92)",,"[{'id': 21, 'text': 'מ', 'upos': 'ADP', 'xpos': 'ADP', 'feats': 'HebSource=ConvUncertainLabel', 'head': 23, 'deprel': 'case', 'lemma': 'מ'}, {'id': 22, 'text': 'ה', 'upos': 'DET', 'xpos': 'DET', 'feats': 'PronType=Art', 'head': 23, 'deprel': 'det:def', 'lemma': 'ה'}, {'id': 23, 'text': 'מבנים', 'upos': 'NOUN', 'xpos': 'NOUN', 'feats': 'Gender=Masc|Number=Plur', 'head': 39, 'deprel': 'compound:smixut', 'lemma': 'מבנה'}]",
"(24, 25)",בישראל,,,,,"(93, 99)",,"[{'id': 24, 'text': 'ב', 'upos': 'ADP', 'xpos': 'ADP', 'head': 25, 'deprel': 'case', 'lemma': 'ב'}, {'id': 25, 'text': 'ישראל', 'upos': 'PROPN', 'xpos': 'PROPN', 'head': 23, 'deprel': 'nmod', 'lemma': 'ישראל'}]",
26,",",PUNCT,PUNCT,23.0,punct,"(99, 100)",",",,
"(27, 30)",שנבנו,,,,,"(101, 106)",,"[{'id': 27, 'text': 'ש', 'upos': 'SCONJ', 'xpos': 'SCONJ', 'head': 39, 'deprel': 'mark', 'lemma': 'ש'}, {'id': 28, 'text': 'נב_', 'upos': 'NOUN', 'xpos': 'NOUN', 'feats': 'Definite=Def|Gender=Masc|Number=Plur', 'head': 39, 'deprel': 'nsubj', 'lemma': 'נב'}, {'id': 29, 'text': '_של_', 'upos': 'ADP', 'xpos': 'ADP', 'head': 30, 'deprel': 'case:gen', 'lemma': 'של'}, {'id': 30, 'text': '_הוא', 'upos': 'PRON', 'xpos': 'PRON', 'feats': 'Case=Gen|Gender=Masc|Number=Sing|Person=3|PronType=Prs', 'head': 28, 'deprel': 'nmod:poss', 'lemma': 'הוא'}]",
31,לפני,ADP,ADP,34.0,case,"(107, 111)",לפני,,
32,מחצית,DET,DET,34.0,det,"(112, 117)",מחצית,,Definite=Cons
"(33, 34)",המאה,,,,,"(118, 122)",,"[{'id': 33, 'text': 'ה', 'upos': 'DET', 'xpos': 'DET', 'feats': 'PronType=Art', 'head': 34, 'deprel': 'det:def', 'lemma': 'ה'}, {'id': 34, 'text': 'מאה', 'upos': 'NUM', 'xpos': 'NUM', 'feats': 'Gender=Fem|Number=Sing', 'head': 39, 'deprel': 'nmod', 'lemma': 'מאה'}]",
"(35, 36)",שעברה,,,,,"(123, 128)",,"[{'id': 35, 'text': 'ש', 'upos': 'SCONJ', 'xpos': 'SCONJ', 'head': 36, 'deprel': 'mark', 'lemma': 'ש'}, {'id': 36, 'text': 'עברה', 'upos': 'VERB', 'xpos': 'VERB', 'feats': 'Gender=Fem|Number=Sing|Person=3|Tense=Past', 'head': 34, 'deprel': 'acl:relcl', 'lemma': 'עבר'}]",
37,",",PUNCT,PUNCT,39.0,punct,"(128, 129)",",",,
38,הינם,AUX,AUX,39.0,cop,"(130, 134)",הוא,,Gender=Masc|Number=Plur|Person=3|Polarity=Pos|VerbForm=Part|VerbType=Cop
39,בעלי,NOUN,NOUN,19.0,acl:relcl,"(135, 139)",בעל,,Definite=Cons|Gender=Masc|Number=Plur
40,קירות,NOUN,NOUN,39.0,compound:smixut,"(140, 145)",קיר,,Definite=Cons|Gender=Masc|Number=Plur
41,פנים,NOUN,NOUN,40.0,compound:smixut,"(146, 150)",פנים,,Gender=Masc|Number=Sing
"(42, 43)",וחוץ,,,,,"(151, 155)",,"[{'id': 42, 'text': 'ו', 'upos': 'CCONJ', 'xpos': 'CCONJ', 'head': 43, 'deprel': 'cc', 'lemma': 'ו'}, {'id': 43, 'text': 'חוץ', 'upos': 'NOUN', 'xpos': 'NOUN', 'feats': 'Gender=Masc|Number=Sing', 'head': 41, 'deprel': 'conj', 'lemma': 'חוץ'}]",
44,",",PUNCT,PUNCT,40.0,punct,"(155, 156)",",",,
"(45, 46)",שעשויים,,,,,"(157, 164)",,"[{'id': 45, 'text': 'ש', 'upos': 'SCONJ', 'xpos': 'SCONJ', 'head': 46, 'deprel': 'mark', 'lemma': 'ש'}, {'id': 46, 'text': 'עשויים', 'upos': 'ADJ', 'xpos': 'ADJ', 'feats': 'Gender=Masc|Number=Plur', 'head': 40, 'deprel': 'acl:relcl', 'lemma': 'עשוי'}]",
47,בטון,NOUN,NOUN,46.0,obj,"(165, 169)",בטון,,Gender=Masc|Number=Sing
"(48, 49)",באיכות,,,,,"(170, 176)",,"[{'id': 48, 'text': 'ב', 'upos': 'ADP', 'xpos': 'ADP', 'head': 49, 'deprel': 'case', 'lemma': 'ב'}, {'id': 49, 'text': 'איכות', 'upos': 'NOUN', 'xpos': 'NOUN', 'feats': 'Gender=Fem|Number=Sing', 'head': 47, 'deprel': 'nmod', 'lemma': 'איכות'}]",
50,נמוכה,ADJ,ADJ,49.0,amod,"(177, 182)",נמוך,,Gender=Fem|Number=Sing
51,",",PUNCT,PUNCT,47.0,punct,"(182, 183)",",",,
"(52, 53)",המכיל,,,,,"(184, 189)",,"[{'id': 52, 'text': 'ה', 'upos': 'SCONJ', 'xpos': 'SCONJ', 'head': 53, 'deprel': 'mark', 'lemma': 'ה'}, {'id': 53, 'text': 'מכיל', 'upos': 'VERB', 'xpos': 'VERB', 'feats': 'Gender=Masc|HebBinyan=HIFIL|Number=Sing|Person=1,2,3|VerbForm=Part|Voice=Act', 'head': 47, 'deprel': 'acl:relcl', 'lemma': 'הכיל'}]",
"(54, 55)",בדרך,,,,,"(190, 194)",,"[{'id': 54, 'text': 'ב', 'upos': 'ADP', 'xpos': 'ADP', 'head': 53, 'deprel': 'advmod', 'lemma': 'ב'}, {'id': 55, 'text': 'דרך', 'upos': 'NOUN', 'xpos': 'NOUN', 'feats': 'Definite=Cons|Gender=Fem|Number=Sing', 'head': 54, 'deprel': 'fixed', 'lemma': 'דרך'}]",
56,כלל,NOUN,NOUN,54.0,fixed,"(195, 198)",כלל,,Gender=Masc|Number=Sing
57,אגרגטים,NOUN,NOUN,53.0,obj,"(199, 206)",אגרגט,,Gender=Masc|Number=Plur
58,גדולים,ADJ,ADJ,57.0,amod,"(207, 213)",גדול,,Gender=Masc|Number=Plur
59,מאוד,ADV,ADV,58.0,advmod,"(214, 218)",מאוד,,
"(60, 61)",ומכונה,,,,,"(219, 225)",,"[{'id': 60, 'text': 'ו', 'upos': 'CCONJ', 'xpos': 'CCONJ', 'head': 61, 'deprel': 'cc', 'lemma': 'ו'}, {'id': 61, 'text': 'מכונה', 'upos': 'VERB', 'xpos': 'VERB', 'feats': 'Gender=Masc|HebBinyan=NIFAL|Number=Sing|Person=1,2,3|VerbForm=Part|Voice=Mid', 'head': 53, 'deprel': 'conj', 'lemma': 'כונה'}]",
62,"""",PUNCT,PUNCT,63.0,punct,"(226, 227)","""",,
63,בטון,PROPN,PROPN,61.0,nsubj,"(227, 231)",בטון,,
64,ֶד ֶבּש,PROPN,PROPN,63.0,flat:name,"(232, 238)",ֶד ֶבּש,,
65,"""",PUNCT,PUNCT,63.0,punct,"(238, 239)","""",,
"(1, 2)",במבנים,,,,,"(1, 7)",,"[{'id': 1, 'text': 'ב', 'upos': 'ADP', 'xpos': 'ADP', 'head': 2, 'deprel': 'case', 'lemma': 'ב'}, {'id': 2, 'text': 'מבנים', 'upos': 'NOUN', 'xpos': 'NOUN', 'feats': 'Gender=Masc|Number=Plur', 'head': 13, 'deprel': 'nmod', 'lemma': 'מבנה'}]",
3,אלה,PRON,PRON,2.0,det,"(8, 11)",אלה,,Gender=Masc|Number=Plur|Person=3|PronType=Dem
4,",",PUNCT,PUNCT,13.0,punct,"(11, 12)",",",,
5,קירות,NOUN,NOUN,13.0,nsubj:cop,"(13, 18)",קיר,,Gender=Masc|Number=Plur
"(6, 7)",העשויים,,,,,"(19, 26)",,"[{'id': 6, 'text': 'ה', 'upos': 'SCONJ', 'xpos': 'SCONJ', 'head': 7, 'deprel': 'mark', 'lemma': 'ה'}, {'id': 7, 'text': 'עשויים', 'upos': 'ADJ', 'xpos': 'ADJ', 'feats': 'Gender=Masc|Number=Plur', 'head': 5, 'deprel': 'acl:relcl', 'lemma': 'עשוי'}]",
"(8, 9)",מבטון,,,,,"(27, 32)",,"[{'id': 8, 'text': 'מ', 'upos': 'ADP', 'xpos': 'ADP', 'head': 9, 'deprel': 'case', 'lemma': 'מ'}, {'id': 9, 'text': 'בטון', 'upos': 'NOUN', 'xpos': 'NOUN', 'feats': 'Gender=Masc|Number=Sing', 'head': 7, 'deprel': 'obl', 'lemma': 'בטון'}]",
"(10, 11)",ֶד ֶבּש,,,,,"(33, 39)",,"[{'id': 10, 'text': 'ה', 'upos': 'DET', 'xpos': 'DET', 'feats': 'PronType=Art', 'head': 11, 'deprel': 'det:def', 'lemma': 'ה'}, {'id': 11, 'text': 'דפפחש', 'upos': 'NOUN', 'xpos': 'NOUN', 'feats': 'Gender=Masc|Number=Sing', 'head': 9, 'deprel': 'amod', 'lemma': 'דפפחש'}]",
12,הם,AUX,AUX,13.0,cop,"(40, 42)",הוא,,Gender=Masc|Number=Plur|Person=3|Polarity=Pos|VerbForm=Part|VerbType=Cop
13,אלמנטים,NOUN,NOUN,0.0,root,"(43, 50)",אלמנט,,Gender=Masc|Number=Plur
14,קונסטרוקטיביים,ADJ,ADJ,13.0,amod,"(51, 65)",קונסטרוקטי,,Gender=Masc|Number=Plur
"(15, 16)",התומכים,,,,,"(66, 73)",,"[{'id': 15, 'text': 'ה', 'upos': 'SCONJ', 'xpos': 'SCONJ', 'head': 16, 'deprel': 'mark', 'lemma': 'ה'}, {'id': 16, 'text': 'תומכים', 'upos': 'VERB', 'xpos': 'VERB', 'feats': 'Gender=Masc|HebBinyan=PAAL|Number=Plur|Person=1,2,3|VerbForm=Part|Voice=Act', 'head': 13, 'deprel': 'acl:relcl', 'lemma': 'תמך'}]",
17,את,ADP,ADP,19.0,case:acc,"(74, 76)",את,,Case=Acc
"(18, 19)",התקרות,,,,,"(77, 83)",,"[{'id': 18, 'text': 'ה', 'upos': 'DET', 'xpos': 'DET', 'feats': 'PronType=Art', 'head': 19, 'deprel': 'det:def', 'lemma': 'ה'}, {'id': 19, 'text': 'תקרות', 'upos': 'NOUN', 'xpos': 'NOUN', 'feats': 'Gender=Fem|Number=Sing', 'head': 16, 'deprel': 'obj', 'lemma': 'תקרות'}]",
"(20, 21)",לעומסי,,,,,"(84, 90)",,"[{'id': 20, 'text': 'ל', 'upos': 'ADP', 'xpos': 'ADP', 'head': 21, 'deprel': 'case', 'lemma': 'ל'}, {'id': 21, 'text': 'עומסי', 'upos': 'NOUN', 'xpos': 'NOUN', 'feats': 'Definite=Cons|Gender=Masc|Number=Plur', 'head': 19, 'deprel': 'nmod', 'lemma': 'עומס'}]",
22,גרביטציה,NOUN,NOUN,21.0,compound:smixut,"(91, 99)",גרביטציה,,Gender=Fem|Number=Sing
1,קירות,NOUN,NOUN,4.0,nsubj,"(1, 6)",קיר,,Definite=Cons|Gender=Masc|Number=Plur
"(2, 3)",ה ֶד ֶבּש,,,,,"(7, 15)",,"[{'id': 2, 'text': 'ה', 'upos': 'DET', 'xpos': 'DET', 'feats': 'PronType=Art', 'head': 3, 'deprel': 'det:def', 'lemma': 'ה'}, {'id': 3, 'text': 'פחדפפלש', 'upos': 'X', 'xpos': 'X', 'feats': 'Xtra=Junk', 'head': 4, 'deprel': 'compound:smixut', 'lemma': '_'}]",
4,בעלי,NOUN,NOUN,0.0,root,"(16, 20)",בעל,,Definite=Cons|Gender=Masc|Number=Plur
5,מידות,NOUN,NOUN,4.0,compound:smixut,"(21, 26)",מידה,,Gender=Fem|Number=Plur
6,יחסית,ADV,ADV,7.0,advmod,"(27, 32)",יחסית,,
7,גדולות,ADJ,ADJ,5.0,amod,"(33, 39)",גדול,,Gender=Fem|Number=Plur
"(8, 9)",ולכן,,,,,"(40, 44)",,"[{'id': 8, 'text': 'ו', 'upos': 'CCONJ', 'xpos': 'CCONJ', 'head': 9, 'deprel': 'cc', 'lemma': 'ו'}, {'id': 9, 'text': 'לכן', 'upos': 'ADV', 'xpos': 'ADV', 'head': 15, 'deprel': 'advmod', 'lemma': 'לכן'}]",
10,גם,ADV,ADV,11.0,det,"(45, 47)",גם,,
"(11, 13)",קשיחותם,,,,,"(48, 55)",,"[{'id': 11, 'text': 'קשיחות_', 'upos': 'NOUN', 'xpos': 'NOUN', 'feats': 'Definite=Def|Gender=Fem|Number=Sing', 'head': 15, 'deprel': 'nsubj', 'lemma': 'קשיחות'}, {'id': 12, 'text': '_של_', 'upos': 'ADP', 'xpos': 'ADP', 'head': 13, 'deprel': 'case:gen', 'lemma': 'של'}, {'id': 13, 'text': '_הם', 'upos': 'PRON', 'xpos': 'PRON', 'feats': 'Case=Gen|Gender=Masc|Number=Plur|Person=3|PronType=Prs', 'head': 11, 'deprel': 'nmod:poss', 'lemma': 'הוא'}]",
14,יחסית,ADV,ADV,15.0,advmod,"(56, 61)",יחסית,,
15,גדולה,ADJ,ADJ,4.0,conj,"(62, 67)",גדול,,Gender=Fem|Number=Sing
1,בשל,ADP,ADP,2.0,case,"(1, 4)",בשל,,
"(2, 4)",קשיחותם,,,,,"(5, 12)",,"[{'id': 2, 'text': 'קשיחות_', 'upos': 'NOUN', 'xpos': 'NOUN', 'feats': 'Definite=Def|Gender=Fem|Number=Sing', 'head': 6, 'deprel': 'obl', 'lemma': 'קשיחות'}, {'id': 3, 'text': '_של_', 'upos': 'ADP', 'xpos': 'ADP', 'head': 4, 'deprel': 'case:gen', 'lemma': 'של'}, {'id': 4, 'text': '_הם', 'upos': 'PRON', 'xpos': 'PRON', 'feats': 'Case=Gen|Gender=Masc|Number=Plur|Person=3|PronType=Prs', 'head': 2, 'deprel': 'nmod:poss', 'lemma': 'הוא'}]",
5,",",PUNCT,PUNCT,6.0,punct,"(12, 13)",",",,
6,יפעלו,VERB,VERB,0.0,root,"(14, 19)",פעל,,"Gender=Fem,Masc|Number=Plur|Person=3|Tense=Fut"
"(7, 8)",עליהם,,,,,"(20, 25)",,"[{'id': 7, 'text': 'על_', 'upos': 'ADP', 'xpos': 'ADP', 'head': 8, 'deprel': 'case', 'lemma': 'על'}, {'id': 8, 'text': '_הם', 'upos': 'PRON', 'xpos': 'PRON', 'feats': 'Gender=Masc|Number=Plur|Person=3|PronType=Prs', 'head': 6, 'deprel': 'obl', 'lemma': 'הוא'}]",
"(9, 10)",בעת,,,,,"(26, 29)",,"[{'id': 9, 'text': 'ב', 'upos': 'ADP', 'xpos': 'ADP', 'head': 10, 'deprel': 'case', 'lemma': 'ב'}, {'id': 10, 'text': 'עת', 'upos': 'NOUN', 'xpos': 'NOUN', 'feats': 'Definite=Cons|Gender=Fem|Number=Sing', 'head': 6, 'deprel': 'obl', 'lemma': 'עת'}]",
11,רעידת,NOUN,NOUN,10.0,compound:smixut,"(30, 35)",רעידה,,Definite=Cons|Gender=Fem|Number=Sing
12,אדמה,NOUN,NOUN,11.0,compound:smixut,"(36, 40)",אדמה,,Gender=Fem|Number=Sing
13,כוחות,NOUN,NOUN,6.0,nsubj,"(41, 46)",כוח,,Gender=Masc|Number=Plur
14,סיסמיים,ADJ,ADJ,13.0,amod,"(47, 54)",סיסמי,,Gender=Masc|Number=Plur
15,",",PUNCT,PUNCT,13.0,punct,"(54, 55)",",",,
"(16, 17)",שהם,,,,,"(56, 59)",,"[{'id': 16, 'text': 'ש', 'upos': 'SCONJ', 'xpos': 'SCONJ', 'head': 19, 'deprel': 'mark', 'lemma': 'ש'}, {'id': 17, 'text': 'הם', 'upos': 'PRON', 'xpos': 'PRON', 'feats': 'Gender=Masc|Number=Plur|Person=3|PronType=Prs', 'head': 19, 'deprel': 'nsubj', 'lemma': 'הוא'}]",
18,אינם,AUX,AUX,19.0,advmod,"(60, 64)",אינו,,Gender=Masc|Number=Plur|Person=3|Polarity=Neg|VerbForm=Part|VerbType=Cop
19,מתוכננים,VERB,VERB,13.0,acl:relcl,"(65, 73)",תוכנן,,"Gender=Masc|HebBinyan=PUAL|Number=Plur|Person=1,2,3|VerbForm=Part|Voice=Pass"
20,לשאת,VERB,VERB,19.0,xcomp,"(74, 78)",נשא,,HebBinyan=PAAL|VerbForm=Inf|Voice=Act
1,בטון,NOUN,NOUN,5.0,nsubj,"(1, 5)",בטון,,
"(2, 3)",ה ֶד ֶבּש,,,,,"(6, 14)",,"[{'id': 2, 'text': 'ה', 'upos': 'DET', 'xpos': 'DET', 'feats': 'PronType=Art', 'head': 3, 'deprel': 'det:def', 'lemma': 'ה'}, {'id': 3, 'text': 'פחדפפלש', 'upos': 'X', 'xpos': 'X', 'feats': 'Xtra=Junk', 'head': 1, 'deprel': 'flat:name', 'lemma': '_'}]",
4,אינו,AUX,AUX,5.0,advmod,"(15, 19)",אינו,,Gender=Masc|Number=Sing|Person=3|Polarity=Neg|VerbForm=Part|VerbType=Cop
5,בטון,NOUN,NOUN,0.0,root,"(20, 24)",בטון,,
6,תקני,ADJ,ADJ,5.0,amod,"(25, 29)",תקן,,Gender=Masc|Number=Sing
"(7, 8)",ולכן,,,,,"(30, 34)",,"[{'id': 7, 'text': 'ו', 'upos': 'CCONJ', 'xpos': 'CCONJ', 'head': 8, 'deprel': 'cc', 'lemma': 'ו'}, {'id': 8, 'text': 'לכן', 'upos': 'ADV', 'xpos': 'ADV', 'head': 10, 'deprel': 'advmod', 'lemma': 'לכן'}]",
9,לא,ADV,ADV,10.0,advmod,"(35, 37)",לא,,Polarity=Neg
10,ניתן,AUX,AUX,11.0,aux,"(38, 42)",ניתן,,"Gender=Masc|Number=Sing|Person=1,2,3|VerbType=Mod"
11,להעריך,VERB,VERB,5.0,conj,"(43, 49)",העריך,,HebBinyan=HIFIL|VerbForm=Inf|Voice=Act
12,את,ADP,ADP,13.0,case:acc,"(50, 52)",את,,Case=Acc
"(13, 15)",תכונותיהם,,,,,"(53, 62)",,"[{'id': 13, 'text': 'תכונה_', 'upos': 'NOUN', 'xpos': 'NOUN', 'feats': 'Definite=Def|Gender=Fem|Number=Plur', 'head': 11, 'deprel': 'obj', 'lemma': 'תכונה'}, {'id': 14, 'text': '_של_', 'upos': 'ADP', 'xpos': 'ADP', 'head': 15, 'deprel': 'case:gen', 'lemma': 'של'}, {'id': 15, 'text': '_הם', 'upos': 'PRON', 'xpos': 'PRON', 'feats': 'Case=Gen|Gender=Masc|Number=Plur|Person=3|PronType=Prs', 'head': 13, 'deprel': 'nmod:poss', 'lemma': 'הוא'}]",
"(16, 17)",המכניות,,,,,"(63, 70)",,"[{'id': 16, 'text': 'ה', 'upos': 'DET', 'xpos': 'DET', 'feats': 'PronType=Art', 'head': 17, 'deprel': 'det:def', 'lemma': 'ה'}, {'id': 17, 'text': 'מכניות', 'upos': 'ADJ', 'xpos': 'ADJ', 'feats': 'Gender=Fem|Number=Plur', 'head': 13, 'deprel': 'amod', 'lemma': 'מכני'}]",
18,של,ADP,ADP,19.0,case:gen,"(71, 73)",של,,Case=Gen
19,קירות,NOUN,NOUN,13.0,nmod:poss,"(74, 79)",קיר,,Gender=Masc|Number=Plur
20,עשויים,ADJ,ADJ,19.0,amod,"(80, 86)",עשוי,,Gender=Masc|Number=Plur
"(21, 22)",מבטון,,,,,"(87, 92)",,"[{'id': 21, 'text': 'מ', 'upos': 'ADP', 'xpos': 'ADP', 'head': 22, 'deprel': 'case', 'lemma': 'מ'}, {'id': 22, 'text': 'בטון', 'upos': 'NOUN', 'xpos': 'NOUN', 'head': 20, 'deprel': 'advmod', 'lemma': 'בטון'}]",
23,ֶד ֶבּש,PROPN,PROPN,22.0,flat:name,"(93, 99)",ֶד ֶבּש,,
24,",",PUNCT,PUNCT,13.0,punct,"(99, 100)",",",,
"(25, 26)",ובמיוחד,,,,,"(101, 108)",,"[{'id': 25, 'text': 'ו', 'upos': 'CCONJ', 'xpos': 'CCONJ', 'head': 29, 'deprel': 'cc', 'lemma': 'ו'}, {'id': 26, 'text': 'במיוחד', 'upos': 'ADV', 'xpos': 'ADV', 'head': 29, 'deprel': 'advmod', 'lemma': 'במיוחד'}]",
27,-,PUNCT,PUNCT,29.0,punct,"(109, 110)",-,,
28,את,ADP,ADP,29.0,case:acc,"(111, 113)",את,,Case=Acc
"(29, 31)",חוזקם,,,,,"(114, 119)",,"[{'id': 29, 'text': 'חוזק_', 'upos': 'NOUN', 'xpos': 'NOUN', 'feats': 'Definite=Def|Gender=Masc|Number=Sing', 'head': 13, 'deprel': 'conj', 'lemma': 'חוזק'}, {'id': 30, 'text': '_של_', 'upos': 'ADP', 'xpos': 'ADP', 'head': 31, 'deprel': 'case:gen', 'lemma': 'של'}, {'id': 31, 'text': '_הם', 'upos': 'PRON', 'xpos': 'PRON', 'feats': 'Case=Gen|Gender=Masc|Number=Plur|Person=3|PronType=Prs', 'head': 29, 'deprel': 'nmod:poss', 'lemma': 'הוא'}]",
32,(,PUNCT,PUNCT,33.0,punct,"(120, 121)",(,,
"(33, 35)",תסבולתם,,,,,"(121, 128)",,"[{'id': 33, 'text': 'תסבולה_', 'upos': 'NOUN', 'xpos': 'NOUN', 'feats': 'Definite=Def|Gender=Fem|Number=Sing', 'head': 29, 'deprel': 'appos', 'lemma': 'תסבולה'}, {'id': 34, 'text': '_של_', 'upos': 'ADP', 'xpos': 'ADP', 'head': 35, 'deprel': 'case:gen', 'lemma': 'של'}, {'id': 35, 'text': '_הם', 'upos': 'PRON', 'xpos': 'PRON', 'feats': 'Case=Gen|Gender=Masc|Number=Plur|Person=3|PronType=Prs', 'head': 33, 'deprel': 'nmod:poss', 'lemma': 'הוא'}]",
36,),PUNCT,PUNCT,33.0,punct,"(128, 129)",),,
"(37, 39)",לגזירה,,,,,"(130, 136)",,"[{'id': 37, 'text': 'ל', 'upos': 'ADP', 'xpos': 'ADP', 'head': 39, 'deprel': 'case', 'lemma': 'ל'}, {'id': 38, 'text': 'ה_', 'upos': 'DET', 'xpos': 'DET', 'feats': 'PronType=Art', 'head': 39, 'deprel': 'det:def', 'lemma': 'ה'}, {'id': 39, 'text': 'גזירה', 'upos': 'NOUN', 'xpos': 'NOUN', 'feats': 'Gender=Fem|Number=Sing', 'head': 29, 'deprel': 'nmod', 'lemma': 'גזירה'}]",
1,מטרת,NOUN,NOUN,5.0,nsubj,"(1, 5)",מטרה,,Definite=Cons|Gender=Fem|Number=Sing
"(2, 3)",המחקר,,,,,"(6, 11)",,"[{'id': 2, 'text': 'ה', 'upos': 'DET', 'xpos': 'DET', 'feats': 'PronType=Art', 'head': 3, 'deprel': 'det:def', 'lemma': 'ה'}, {'id': 3, 'text': 'מחקר', 'upos': 'NOUN', 'xpos': 'NOUN', 'feats': 'Gender=Masc|Number=Sing', 'head': 1, 'deprel': 'compound:smixut', 'lemma': 'מחקר'}]",
4,הייתה,AUX,AUX,5.0,cop,"(12, 17)",היה,,Gender=Fem|Number=Sing|Person=3|Polarity=Pos|VerbForm=Part|VerbType=Cop
5,ללמוד,VERB,VERB,0.0,root,"(18, 23)",למד,,HebBinyan=PAAL|VerbForm=Inf|Voice=Act
6,את,ADP,ADP,8.0,case:acc,"(24, 26)",את,,Case=Acc
"(7, 8)",התכונות,,,,,"(27, 34)",,"[{'id': 7, 'text': 'ה', 'upos': 'DET', 'xpos': 'DET', 'feats': 'PronType=Art', 'head': 8, 'deprel': 'det:def', 'lemma': 'ה'}, {'id': 8, 'text': 'תכונות', 'upos': 'NOUN', 'xpos': 'NOUN', 'feats': 'Gender=Fem|Number=Plur', 'head': 5, 'deprel': 'obj', 'lemma': 'תכונה'}]",
"(9, 10)",המכניות,,,,,"(35, 42)",,"[{'id': 9, 'text': 'ה', 'upos': 'DET', 'xpos': 'DET', 'feats': 'PronType=Art', 'head': 10, 'deprel': 'det:def', 'lemma': 'ה'}, {'id': 10, 'text': 'מכניות', 'upos': 'ADJ', 'xpos': 'ADJ', 'feats': 'Gender=Fem|Number=Plur', 'head': 8, 'deprel': 'amod', 'lemma': 'מכני'}]",
11,של,ADP,ADP,12.0,case:gen,"(43, 45)",של,,Case=Gen
12,בטון,PROPN,PROPN,8.0,nmod,"(46, 50)",בטון,,
13,ה ֶד ֶבּש,PROPN,PROPN,12.0,flat:name,"(51, 59)",ה ֶד ֶבּש,,
1,זאת,PRON,PRON,0.0,root,"(1, 4)",זאת,,Gender=Fem|Number=Sing|Person=3|PronType=Dem
2,",",PUNCT,PUNCT,1.0,punct,"(4, 5)",",",,
3,על מנת,ADP,ADP,4.0,case,"(6, 12)",על מנת,,
4,לאפשר,VERB,VERB,1.0,advcl,"(13, 18)",אפשר,,HebBinyan=PIEL|VerbForm=Inf|Voice=Act
5,הערכת,NOUN,NOUN,4.0,obj,"(19, 24)",הערכה,,Definite=Cons|Gender=Fem|Number=Sing
"(6, 8)",תסבולתם,,,,,"(25, 32)",,"[{'id': 6, 'text': 'תסבולה_', 'upos': 'NOUN', 'xpos': 'NOUN', 'feats': 'Definite=Def|Gender=Fem|Number=Sing', 'head': 5, 'deprel': 'compound:smixut', 'lemma': 'תסבולה'}, {'id': 7, 'text': '_של_', 'upos': 'ADP', 'xpos': 'ADP', 'head': 8, 'deprel': 'case:gen', 'lemma': 'של'}, {'id': 8, 'text': '_הם', 'upos': 'PRON', 'xpos': 'PRON', 'feats': 'Case=Gen|Gender=Masc|Number=Plur|Person=3|PronType=Prs', 'head': 6, 'deprel': 'nmod:poss', 'lemma': 'הוא'}]",
9,של,ADP,ADP,10.0,case:gen,"(33, 35)",של,,Case=Gen
10,קירות,NOUN,NOUN,6.0,nmod:poss,"(36, 41)",קיר,,Gender=Masc|Number=Plur
"(11, 12)",מבטון,,,,,"(42, 47)",,"[{'id': 11, 'text': 'מ', 'upos': 'ADP', 'xpos': 'ADP', 'head': 12, 'deprel': 'case', 'lemma': 'מ'}, {'id': 12, 'text': 'בטון', 'upos': 'NOUN', 'xpos': 'NOUN', 'feats': 'Gender=Masc|Number=Sing', 'head': 10, 'deprel': 'nmod', 'lemma': 'בטון'}]",
13,זה,PRON,PRON,12.0,det,"(48, 50)",זה,,Gender=Masc|Number=Sing|Person=3|PronType=Dem
14,",",PUNCT,PUNCT,15.0,punct,"(50, 51)",",",,HebSource=ConvUncertainHead
15,לבחון,VERB,VERB,1.0,dep,"(52, 57)",בחן,,HebBinyan=PAAL|HebSource=ConvUncertainHead|VerbForm=Inf|Voice=Act
16,את,ADP,ADP,18.0,case:acc,"(58, 60)",את,,Case=Acc
"(17, 18)",ההשפעות,,,,,"(61, 68)",,"[{'id': 17, 'text': 'ה', 'upos': 'DET', 'xpos': 'DET', 'feats': 'PronType=Art', 'head': 18, 'deprel': 'det:def', 'lemma': 'ה'}, {'id': 18, 'text': 'השפעות', 'upos': 'NOUN', 'xpos': 'NOUN', 'feats': 'Gender=Fem|Number=Plur', 'head': 15, 'deprel': 'obj', 'lemma': 'השפעה'}]",
"(19, 20)",האפשריות,,,,,"(69, 77)",,"[{'id': 19, 'text': 'ה', 'upos': 'DET', 'xpos': 'DET', 'feats': 'PronType=Art', 'head': 20, 'deprel': 'det:def', 'lemma': 'ה'}, {'id': 20, 'text': 'אפשריות', 'upos': 'ADJ', 'xpos': 'ADJ', 'feats': 'Gender=Fem|Number=Plur', 'head': 18, 'deprel': 'amod', 'lemma': 'אפשרי'}]",
21,של,ADP,ADP,22.0,case:gen,"(78, 80)",של,,Case=Gen
22,קירות,NOUN,NOUN,18.0,nmod,"(81, 86)",קיר,,Definite=Cons|Gender=Masc|Number=Plur
"(23, 24)",ֶד ֶבּש,,,,,"(87, 93)",,"[{'id': 23, 'text': 'ה', 'upos': 'DET', 'xpos': 'DET', 'feats': 'PronType=Art', 'head': 24, 'deprel': 'det:def', 'lemma': 'ה'}, {'id': 24, 'text': 'דפפחש', 'upos': 'NOUN', 'xpos': 'NOUN', 'head': 22, 'deprel': 'compound:smixut', 'lemma': 'דפפחש'}]",
25,על,ADP,ADP,27.0,case,"(94, 96)",על,,
"(26, 27)",ההתנהגות,,,,,"(97, 105)",,"[{'id': 26, 'text': 'ה', 'upos': 'DET', 'xpos': 'DET', 'feats': 'PronType=Art', 'head': 27, 'deprel': 'det:def', 'lemma': 'ה'}, {'id': 27, 'text': 'התנהגות', 'upos': 'NOUN', 'xpos': 'NOUN', 'feats': 'Gender=Fem|Number=Sing', 'head': 18, 'deprel': 'nmod', 'lemma': 'התנהגות'}]",
"(28, 29)",המבנית,,,,,"(106, 112)",,"[{'id': 28, 'text': 'ה', 'upos': 'DET', 'xpos': 'DET', 'feats': 'PronType=Art', 'head': 29, 'deprel': 'det:def', 'lemma': 'ה'}, {'id': 29, 'text': 'מבנית', 'upos': 'ADJ', 'xpos': 'ADJ', 'feats': 'Gender=Fem|Number=Sing', 'head': 27, 'deprel': 'amod', 'lemma': 'מבני'}]",
30,של,ADP,ADP,31.0,case:gen,"(113, 115)",של,,Case=Gen
31,מבנים,NOUN,NOUN,27.0,nmod,"(116, 121)",מבנה,,Gender=Masc|Number=Plur
32,קיימים,ADJ,ADJ,31.0,amod,"(122, 128)",קיים,,Gender=Masc|Number=Plur
"(33, 34)",בעת,,,,,"(129, 132)",,"[{'id': 33, 'text': 'ב', 'upos': 'ADP', 'xpos': 'ADP', 'head': 34, 'deprel': 'case', 'lemma': 'ב'}, {'id': 34, 'text': 'עת', 'upos': 'NOUN', 'xpos': 'NOUN', 'feats': 'Definite=Cons|Gender=Fem|Number=Sing', 'head': 27, 'deprel': 'nmod', 'lemma': 'עת'}]",
35,רעידת,NOUN,NOUN,34.0,compound:smixut,"(133, 138)",רעידה,,Definite=Cons|Gender=Fem|Number=Sing
36,אדמה,NOUN,NOUN,35.0,compound:smixut,"(139, 143)",אדמה,,Gender=Fem|Number=Sing
1,תוצאות,NOUN,NOUN,4.0,nsubj,"(1, 7)",תוצאה,,Definite=Cons|Gender=Fem|Number=Plur
"(2, 3)",המחקר,,,,,"(8, 13)",,"[{'id': 2, 'text': 'ה', 'upos': 'DET', 'xpos': 'DET', 'feats': 'PronType=Art', 'head': 3, 'deprel': 'det:def', 'lemma': 'ה'}, {'id': 3, 'text': 'מחקר', 'upos': 'NOUN', 'xpos': 'NOUN', 'feats': 'Gender=Masc|Number=Sing', 'head': 1, 'deprel': 'compound:smixut', 'lemma': 'מחקר'}]",
4,יוכלו,AUX,AUX,5.0,aux,"(14, 19)",יכול,,"Gender=Fem,Masc|Number=Plur|Person=3|Tense=Fut|VerbType=Mod"
5,לספק,VERB,VERB,0.0,root,"(20, 24)",סיפק,,HebBinyan=PIEL|VerbForm=Inf|Voice=Act
"(6, 7)",לקהילת,,,,,"(25, 31)",,"[{'id': 6, 'text': 'ל', 'upos': 'ADP', 'xpos': 'ADP', 'head': 7, 'deprel': 'case', 'lemma': 'ל'}, {'id': 7, 'text': 'קהילת', 'upos': 'NOUN', 'xpos': 'NOUN', 'feats': 'Definite=Cons|Gender=Fem|Number=Sing', 'head': 5, 'deprel': 'obl', 'lemma': 'קהילה'}]",
8,מהנדסי,NOUN,NOUN,7.0,compound:smixut,"(32, 38)",מהנדס,,Definite=Cons|Gender=Masc|Number=Plur
"(9, 10)",המבנים,,,,,"(39, 45)",,"[{'id': 9, 'text': 'ה', 'upos': 'DET', 'xpos': 'DET', 'feats': 'PronType=Art', 'head': 10, 'deprel': 'det:def', 'lemma': 'ה'}, {'id': 10, 'text': 'מבנים', 'upos': 'NOUN', 'xpos': 'NOUN', 'feats': 'Gender=Masc|Number=Plur', 'head': 8, 'deprel': 'compound:smixut', 'lemma': 'מבנה'}]",
11,כלים,NOUN,NOUN,5.0,obj,"(46, 50)",כלי,,Gender=Masc|Number=Plur
12,מקצועיים,ADJ,ADJ,11.0,amod,"(51, 59)",מקצועי,,Gender=Masc|Number=Plur
"(13, 14)",להערכת,,,,,"(60, 66)",,"[{'id': 13, 'text': 'ל', 'upos': 'ADP', 'xpos': 'ADP', 'head': 14, 'deprel': 'case', 'lemma': 'ל'}, {'id': 14, 'text': 'הערכת', 'upos': 'NOUN', 'xpos': 'NOUN', 'feats': 'Definite=Cons|Gender=Fem|Number=Sing', 'head': 11, 'deprel': 'nmod', 'lemma': 'הערכה'}]",
"(15, 16)",ההתנהגות,,,,,"(67, 75)",,"[{'id': 15, 'text': 'ה', 'upos': 'DET', 'xpos': 'DET', 'feats': 'PronType=Art', 'head': 16, 'deprel': 'det:def', 'lemma': 'ה'}, {'id': 16, 'text': 'התנהגות', 'upos': 'NOUN', 'xpos': 'NOUN', 'feats': 'Gender=Fem|Number=Sing', 'head': 14, 'deprel': 'compound:smixut', 'lemma': 'התנהגות'}]",
"(17, 18)",הסיסמית,,,,,"(76, 83)",,"[{'id': 17, 'text': 'ה', 'upos': 'DET', 'xpos': 'DET', 'feats': 'PronType=Art', 'head': 18, 'deprel': 'det:def', 'lemma': 'ה'}, {'id': 18, 'text': 'סיסמית', 'upos': 'ADJ', 'xpos': 'ADJ', 'feats': 'Gender=Fem|Number=Sing', 'head': 16, 'deprel': 'amod', 'lemma': 'סיסמי'}]",
19,של,ADP,ADP,20.0,case:gen,"(84, 86)",של,,Case=Gen
20,מבנים,NOUN,NOUN,14.0,nmod:poss,"(87, 92)",מבנה,,Gender=Masc|Number=Plur
21,קיימים,ADJ,ADJ,20.0,amod,"(93, 99)",קיים,,Gender=Masc|Number=Plur
"(22, 23)",בהם,,,,,"(100, 103)",,"[{'id': 22, 'text': 'ב_', 'upos': 'ADP', 'xpos': 'ADP', 'head': 23, 'deprel': 'case', 'lemma': 'ב'}, {'id': 23, 'text': '_הם', 'upos': 'PRON', 'xpos': 'PRON', 'feats': 'Gender=Masc|Number=Plur|Person=3|PronType=Prs', 'head': 21, 'deprel': 'obl', 'lemma': 'הוא'}]",
24,קירות,NOUN,NOUN,31.0,nsubj,"(104, 109)",קיר,,Definite=Cons|Gender=Masc|Number=Plur
"(25, 26)",ה ֶד ֶבּש,,,,,"(110, 118)",,"[{'id': 25, 'text': 'ה', 'upos': 'DET', 'xpos': 'DET', 'feats': 'PronType=Art', 'head': 26, 'deprel': 'det:def', 'lemma': 'ה'}, {'id': 26, 'text': 'פחדפפלש', 'upos': 'PROPN', 'xpos': 'PROPN', 'head': 24, 'deprel': 'flat:name', 'lemma': 'פחדפפלש'}]",
27,הינם,AUX,AUX,31.0,cop,"(119, 123)",הוא,,Gender=Masc|Number=Plur|Person=3|Polarity=Pos|VerbForm=Part|VerbType=Cop
28,חלק,NOUN,NOUN,31.0,det,"(124, 127)",חלק,,Gender=Masc|Number=Sing
"(29, 31)",מהמערכת,,,,,"(128, 135)",,"[{'id': 29, 'text': 'מ', 'upos': 'ADP', 'xpos': 'ADP', 'feats': 'HebSource=ConvUncertainLabel', 'head': 31, 'deprel': 'case', 'lemma': 'מ'}, {'id': 30, 'text': 'ה', 'upos': 'DET', 'xpos': 'DET', 'feats': 'PronType=Art', 'head': 31, 'deprel': 'det:def', 'lemma': 'ה'}, {'id': 31, 'text': 'מערכת', 'upos': 'NOUN', 'xpos': 'NOUN', 'feats': 'Gender=Fem|Number=Sing', 'head': 14, 'deprel': 'acl:relcl', 'lemma': 'מערכת'}]",
"(32, 33)",הנושאת,,,,,"(136, 142)",,"[{'id': 32, 'text': 'ה', 'upos': 'SCONJ', 'xpos': 'SCONJ', 'head': 33, 'deprel': 'mark', 'lemma': 'ה'}, {'id': 33, 'text': 'נושאת', 'upos': 'VERB', 'xpos': 'VERB', 'feats': 'Gender=Fem|HebBinyan=PAAL|Number=Sing|Person=1,2,3|VerbForm=Part|Voice=Act', 'head': 31, 'deprel': 'amod', 'lemma': 'נשא'}]",
34,",",PUNCT,PUNCT,4.0,punct,"(142, 143)",",",,
"(35, 37)",ובכך,,,,,"(144, 148)",,"[{'id': 35, 'text': 'ו', 'upos': 'CCONJ', 'xpos': 'CCONJ', 'head': 38, 'deprel': 'cc', 'lemma': 'ו'}, {'id': 36, 'text': 'ב', 'upos': 'ADP', 'xpos': 'ADP', 'head': 37, 'deprel': 'case', 'lemma': 'ב'}, {'id': 37, 'text': 'כך', 'upos': 'PRON', 'xpos': 'PRON', 'feats': 'Person=3|PronType=Dem', 'head': 38, 'deprel': 'obl', 'lemma': 'כך'}]",
38,לסייע,VERB,VERB,31.0,conj,"(149, 154)",סייע,,HebBinyan=PIEL|VerbForm=Inf|Voice=Act
"(39, 40)",בקבלת,,,,,"(155, 160)",,"[{'id': 39, 'text': 'ב', 'upos': 'ADP', 'xpos': 'ADP', 'head': 40, 'deprel': 'case', 'lemma': 'ב'}, {'id': 40, 'text': 'קבלת', 'upos': 'NOUN', 'xpos': 'NOUN', 'feats': 'Definite=Cons|Gender=Fem|Number=Sing', 'head': 38, 'deprel': 'obl', 'lemma': 'קבלה'}]",
41,החלטות,NOUN,NOUN,40.0,compound:smixut,"(161, 167)",החלטה,,Gender=Fem|Number=Plur
42,לגבי,ADP,ADP,43.0,case,"(168, 172)",לגבי,,
43,שיטות,NOUN,NOUN,40.0,nmod,"(173, 178)",שיטה,,Gender=Fem|Number=Plur
"(44, 47)",לחיזוקם,,,,,"(179, 186)",,"[{'id': 44, 'text': 'ל', 'upos': 'ADP', 'xpos': 'ADP', 'head': 45, 'deprel': 'case', 'lemma': 'ל'}, {'id': 45, 'text': 'חיזוק_', 'upos': 'NOUN', 'xpos': 'NOUN', 'feats': 'Definite=Def|Gender=Masc|Number=Sing', 'head': 43, 'deprel': 'nmod', 'lemma': 'חיזוק'}, {'id': 46, 'text': '_של_', 'upos': 'ADP', 'xpos': 'ADP', 'head': 47, 'deprel': 'case:gen', 'lemma': 'של'}, {'id': 47, 'text': '_הם', 'upos': 'PRON', 'xpos': 'PRON', 'feats': 'Case=Gen|Gender=Masc|Number=Plur|Person=3|PronType=Prs', 'head': 45, 'deprel': 'nmod:poss', 'lemma': 'הוא'}]",
48,ו\או,CCONJ,CCONJ,50.0,cc,"(187, 191)",ו\או,,
"(49, 52)",שדרוגם,,,,,"(192, 198)",,"[{'id': 49, 'text': 'ש', 'upos': 'SCONJ', 'xpos': 'SCONJ', 'head': 50, 'deprel': 'case', 'lemma': 'ש'}, {'id': 50, 'text': 'דרוג_', 'upos': 'NOUN', 'xpos': 'NOUN', 'feats': 'Definite=Def|Gender=Masc|Number=Sing', 'head': 45, 'deprel': 'conj', 'lemma': 'דרוג'}, {'id': 51, 'text': '_של_', 'upos': 'ADP', 'xpos': 'ADP', 'head': 52, 'deprel': 'case:gen', 'lemma': 'של'}, {'id': 52, 'text': '_הם', 'upos': 'PRON', 'xpos': 'PRON', 'feats': 'Case=Gen|Gender=Masc|Number=Plur|Person=3|PronType=Prs', 'head': 50, 'deprel': 'nmod:poss', 'lemma': 'הוא'}]",
"(1, 2)",בתחילת,,,,,"(1, 7)",,"[{'id': 1, 'text': 'ב', 'upos': 'ADP', 'xpos': 'ADP', 'head': 2, 'deprel': 'case', 'lemma': 'ב'}, {'id': 2, 'text': 'תחילת', 'upos': 'NOUN', 'xpos': 'NOUN', 'feats': 'Definite=Cons|Gender=Fem|Number=Sing', 'head': 10, 'deprel': 'obl', 'lemma': 'תחילה'}]",
"(3, 4)",העבודה,,,,,"(8, 14)",,"[{'id': 3, 'text': 'ה', 'upos': 'DET', 'xpos': 'DET', 'feats': 'PronType=Art', 'head': 4, 'deprel': 'det:def', 'lemma': 'ה'}, {'id': 4, 'text': 'עבודה', 'upos': 'NOUN', 'xpos': 'NOUN', 'feats': 'Gender=Fem|Number=Sing', 'head': 2, 'deprel': 'compound:smixut', 'lemma': 'עבודה'}]",
"(5, 6)",בפרק,,,,,"(15, 19)",,"[{'id': 5, 'text': 'ב', 'upos': 'ADP', 'xpos': 'ADP', 'head': 6, 'deprel': 'case', 'lemma': 'ב'}, {'id': 6, 'text': 'פרק', 'upos': 'NOUN', 'xpos': 'NOUN', 'feats': 'Definite=Cons|Gender=Masc|Number=Sing', 'head': 2, 'deprel': 'nmod', 'lemma': 'פרק'}]",
7,סקר,NOUN,NOUN,6.0,compound:smixut,"(20, 23)",סקר,,Definite=Cons|Gender=Masc|Number=Sing
"(8, 9)",הספרות,,,,,"(24, 30)",,"[{'id': 8, 'text': 'ה', 'upos': 'DET', 'xpos': 'DET', 'feats': 'PronType=Art', 'head': 9, 'deprel': 'det:def', 'lemma': 'ה'}, {'id': 9, 'text': 'ספרות', 'upos': 'NOUN', 'xpos': 'NOUN', 'feats': 'Gender=Fem|Number=Sing', 'head': 7, 'deprel': 'compound:smixut', 'lemma': 'ספרות'}]",
10,נסקרו,VERB,VERB,0.0,root,"(31, 36)",נסקר,,"Gender=Fem,Masc|HebBinyan=NIFAL|Number=Plur|Person=3|Tense=Past|Voice=Mid"
11,בדיקות,NOUN,NOUN,10.0,nsubj,"(37, 43)",בדיקה,,Definite=Cons|Gender=Fem|Number=Plur
12,מעבדה,NOUN,NOUN,11.0,compound:smixut,"(44, 49)",מעבדה,,Gender=Fem|Number=Sing
"(13, 14)",שמתייחסות,,,,,"(50, 59)",,"[{'id': 13, 'text': 'ש', 'upos': 'SCONJ', 'xpos': 'SCONJ', 'head': 14, 'deprel': 'mark', 'lemma': 'ש'}, {'id': 14, 'text': 'מתייחסות', 'upos': 'VERB', 'xpos': 'VERB', 'feats': 'Gender=Fem|HebBinyan=HITPAEL|Number=Plur|Person=1,2,3|VerbForm=Part', 'head': 11, 'deprel': 'acl:relcl', 'lemma': 'התייחס'}]",
"(15, 16)",לתכונות,,,,,"(60, 67)",,"[{'id': 15, 'text': 'ל', 'upos': 'ADP', 'xpos': 'ADP', 'head': 16, 'deprel': 'case', 'lemma': 'ל'}, {'id': 16, 'text': 'תכונות', 'upos': 'NOUN', 'xpos': 'NOUN', 'feats': 'Gender=Fem|Number=Plur', 'head': 14, 'deprel': 'obl', 'lemma': 'תכונה'}]",
17,מכניות,ADJ,ADJ,16.0,amod,"(68, 74)",מכני,,Gender=Fem|Number=Plur
18,של,ADP,ADP,20.0,case:gen,"(75, 77)",של,,Case=Gen
"(19, 20)",החומר,,,,,"(78, 83)",,"[{'id': 19, 'text': 'ה', 'upos': 'DET', 'xpos': 'DET', 'feats': 'PronType=Art', 'head': 20, 'deprel': 'det:def', 'lemma': 'ה'}, {'id': 20, 'text': 'חומר', 'upos': 'NOUN', 'xpos': 'NOUN', 'feats': 'Gender=Masc|Number=Sing', 'head': 16, 'deprel': 'nmod', 'lemma': 'חומר'}]",
21,",",PUNCT,PUNCT,16.0,punct,"(83, 84)",",",,
22,בדיקות,NOUN,NOUN,16.0,conj,"(85, 91)",בדיקה,,Definite=Cons|Gender=Fem|Number=Plur
23,לחיצה,NOUN,NOUN,22.0,compound:smixut,"(92, 97)",לחיצה,,Gender=Fem|Number=Sing
24,",",PUNCT,PUNCT,23.0,punct,"(97, 98)",",",,
25,מתיחה,NOUN,NOUN,23.0,conj,"(99, 104)",מתיחה,,Gender=Fem|Number=Sing
26,",",PUNCT,PUNCT,23.0,punct,"(104, 105)",",",,
"(27, 28)",ומודול,,,,,"(106, 112)",,"[{'id': 27, 'text': 'ו', 'upos': 'CCONJ', 'xpos': 'CCONJ', 'head': 28, 'deprel': 'cc', 'lemma': 'ו'}, {'id': 28, 'text': 'מודול', 'upos': 'NOUN', 'xpos': 'NOUN', 'feats': 'Definite=Cons|Gender=Masc|Number=Sing', 'head': 23, 'deprel': 'conj', 'lemma': 'מודול'}]",
"(29, 30)",האלסטיות,,,,,"(113, 121)",,"[{'id': 29, 'text': 'ה', 'upos': 'DET', 'xpos': 'DET', 'feats': 'PronType=Art', 'head': 30, 'deprel': 'det:def', 'lemma': 'ה'}, {'id': 30, 'text': 'אלסטיות', 'upos': 'NOUN', 'xpos': 'NOUN', 'feats': 'Gender=Fem|Number=Plur', 'head': 28, 'deprel': 'compound:smixut', 'lemma': 'אלסטיות'}]",
1,נסקרו,VERB,VERB,0.0,root,"(1, 6)",נסקר,,"Gender=Fem,Masc|HebBinyan=NIFAL|Number=Plur|Person=3|Tense=Past|Voice=Mid"
2,מערכי,NOUN,NOUN,1.0,nsubj,"(7, 12)",מערך,,Definite=Cons|Gender=Masc|Number=Plur
"(3, 4)",הניסוי,,,,,"(13, 19)",,"[{'id': 3, 'text': 'ה', 'upos': 'DET', 'xpos': 'DET', 'feats': 'PronType=Art', 'head': 4, 'deprel': 'det:def', 'lemma': 'ה'}, {'id': 4, 'text': 'ניסוי', 'upos': 'NOUN', 'xpos': 'NOUN', 'feats': 'Gender=Masc|Number=Sing', 'head': 2, 'deprel': 'compound:smixut', 'lemma': 'ניסוי'}]",
"(5, 6)",והתוצאות,,,,,"(20, 28)",,"[{'id': 5, 'text': 'ו', 'upos': 'CCONJ', 'xpos': 'CCONJ', 'head': 6, 'deprel': 'cc', 'lemma': 'ו'}, {'id': 6, 'text': 'התוצאות', 'upos': 'DET', 'xpos': 'DET', 'feats': 'PronType=Art', 'head': 2, 'deprel': 'conj', 'lemma': 'התוצאות'}]",
7,של,ADP,ADP,8.0,case:gen,"(29, 31)",של,,Case=Gen
8,בדיקות,NOUN,NOUN,2.0,nmod:poss,"(32, 38)",בדיקה,,Definite=Cons|Gender=Fem|Number=Plur
9,"""",PUNCT,PUNCT,10.0,punct,"(39, 40)","""",,
10,לחיצה,NOUN,NOUN,8.0,compound:smixut,"(40, 45)",לחיצה,,Gender=Fem|Number=Sing
11,אלכסונית,ADJ,ADJ,10.0,amod,"(46, 54)",אלכסוני,,Gender=Fem|Number=Sing
12,"""",PUNCT,PUNCT,10.0,punct,"(54, 55)","""",,
13,",",PUNCT,PUNCT,8.0,punct,"(55, 56)",",",,
14,אשר,SCONJ,SCONJ,21.0,mark,"(57, 60)",אשר,,
"(15, 17)",מטרתן,,,,,"(61, 66)",,"[{'id': 15, 'text': 'מטרה_', 'upos': 'NOUN', 'xpos': 'NOUN', 'feats': 'Definite=Def|Gender=Fem|Number=Sing', 'head': 21, 'deprel': 'nsubj:cop', 'lemma': 'מטרה'}, {'id': 16, 'text': '_של_', 'upos': 'ADP', 'xpos': 'ADP', 'head': 17, 'deprel': 'case:gen', 'lemma': 'של'}, {'id': 17, 'text': '_הן', 'upos': 'PRON', 'xpos': 'PRON', 'feats': 'Case=Gen|Gender=Fem|Number=Plur|Person=3|PronType=Prs', 'head': 15, 'deprel': 'nmod:poss', 'lemma': 'הוא'}]",
"(18, 19)",המקורית,,,,,"(67, 74)",,"[{'id': 18, 'text': 'ה', 'upos': 'DET', 'xpos': 'DET', 'feats': 'PronType=Art', 'head': 19, 'deprel': 'det:def', 'lemma': 'ה'}, {'id': 19, 'text': 'מקורית', 'upos': 'ADJ', 'xpos': 'ADJ', 'feats': 'Gender=Fem|Number=Sing', 'head': 15, 'deprel': 'amod', 'lemma': 'מקורי'}]",
20,היא,AUX,AUX,21.0,cop,"(75, 78)",הוא,,Gender=Fem|Number=Sing|Person=3|Polarity=Pos|VerbForm=Part|VerbType=Cop
21,למדוד,VERB,VERB,8.0,acl:relcl,"(79, 84)",מדד,,HebBinyan=PAAL|VerbForm=Inf|Voice=Act
22,את,ADP,ADP,24.0,case:acc,"(85, 87)",את,,Case=Acc
"(23, 24)",התסבולת,,,,,"(88, 95)",,"[{'id': 23, 'text': 'ה', 'upos': 'DET', 'xpos': 'DET', 'feats': 'PronType=Art', 'head': 24, 'deprel': 'det:def', 'lemma': 'ה'}, {'id': 24, 'text': 'תסבולת', 'upos': 'NOUN', 'xpos': 'NOUN', 'feats': 'Gender=Fem|Number=Sing', 'head': 21, 'deprel': 'obj', 'lemma': 'תסבולת'}]",
"(25, 27)",לגזירה,,,,,"(96, 102)",,"[{'id': 25, 'text': 'ל', 'upos': 'ADP', 'xpos': 'ADP', 'head': 27, 'deprel': 'case', 'lemma': 'ל'}, {'id': 26, 'text': 'ה_', 'upos': 'DET', 'xpos': 'DET', 'feats': 'PronType=Art', 'head': 27, 'deprel': 'det:def', 'lemma': 'ה'}, {'id': 27, 'text': 'גזירה', 'upos': 'NOUN', 'xpos': 'NOUN', 'feats': 'Gender=Fem|Number=Sing', 'head': 24, 'deprel': 'nmod', 'lemma': 'גזירה'}]",
28,של,ADP,ADP,29.0,case:gen,"(103, 105)",של,,Case=Gen
29,קירות,NOUN,NOUN,27.0,nmod:poss,"(106, 111)",קיר,,Definite=Cons|Gender=Masc|Number=Plur
30,בני,PROPN,PROPN,29.0,compound:smixut,"(112, 115)",בני,,Definite=Cons|Gender=Masc|Number=Plur
"(1, 2)",הרלבנטיות,,,,,"(1, 10)",,"[{'id': 1, 'text': 'ה', 'upos': 'DET', 'xpos': 'DET', 'feats': 'PronType=Art', 'head': 2, 'deprel': 'det:def', 'lemma': 'ה'}, {'id': 2, 'text': 'רלבנטיות', 'upos': 'NOUN', 'xpos': 'NOUN', 'feats': 'Gender=Fem|Number=Sing', 'head': 10, 'deprel': 'nsubj', 'lemma': 'רלבנטיות'}]",
3,של,ADP,ADP,4.0,case:gen,"(11, 13)",של,,Case=Gen
4,בדיקות,NOUN,NOUN,2.0,nmod:poss,"(14, 20)",בדיקה,,Gender=Fem|Number=Plur
5,אלה,PRON,PRON,4.0,det,"(21, 24)",אלה,,Gender=Masc|Number=Plur|Person=3|PronType=Dem
"(6, 7)",למחקר,,,,,"(25, 30)",,"[{'id': 6, 'text': 'ל', 'upos': 'ADP', 'xpos': 'ADP', 'head': 7, 'deprel': 'case', 'lemma': 'ל'}, {'id': 7, 'text': 'מחקר', 'upos': 'NOUN', 'xpos': 'NOUN', 'feats': 'Gender=Masc|Number=Sing', 'head': 4, 'deprel': 'nmod', 'lemma': 'מחקר'}]",
"(8, 9)",הנוכחי,,,,,"(31, 37)",,"[{'id': 8, 'text': 'ה', 'upos': 'DET', 'xpos': 'DET', 'feats': 'PronType=Art', 'head': 9, 'deprel': 'det:def', 'lemma': 'ה'}, {'id': 9, 'text': 'נוכחי', 'upos': 'ADJ', 'xpos': 'ADJ', 'feats': 'Gender=Masc|Number=Sing', 'head': 7, 'deprel': 'amod', 'lemma': 'נוכחי'}]",
10,נעוצה,VERB,VERB,0.0,root,"(38, 43)",נעץ,,"Gender=Fem|HebBinyan=PAAL|Number=Sing|Person=1,2,3|VerbForm=Part|Voice=Act"
"(11, 12)",במבנה,,,,,"(44, 49)",,"[{'id': 11, 'text': 'ב', 'upos': 'ADP', 'xpos': 'ADP', 'head': 12, 'deprel': 'case', 'lemma': 'ב'}, {'id': 12, 'text': 'מבנה', 'upos': 'NOUN', 'xpos': 'NOUN', 'feats': 'Definite=Cons|Gender=Masc|Number=Sing', 'head': 10, 'deprel': 'obl', 'lemma': 'מבנה'}]",
13,בטון,NOUN,NOUN,12.0,compound:smixut,"(50, 54)",בטון,,Definite=Cons|Gender=Masc|Number=Sing
"(14, 15)",ה ֶד ֶבּש,,,,,"(55, 63)",,"[{'id': 14, 'text': 'ה', 'upos': 'DET', 'xpos': 'DET', 'feats': 'PronType=Art', 'head': 15, 'deprel': 'det:def', 'lemma': 'ה'}, {'id': 15, 'text': 'פחדפפלש', 'upos': 'NOUN', 'xpos': 'NOUN', 'feats': 'Xtra=Junk', 'head': 13, 'deprel': 'compound:smixut', 'lemma': 'פחדפפלש'}]",
"(16, 17)",המכיל,,,,,"(64, 69)",,"[{'id': 16, 'text': 'ה', 'upos': 'SCONJ', 'xpos': 'SCONJ', 'head': 17, 'deprel': 'mark', 'lemma': 'ה'}, {'id': 17, 'text': 'מכיל', 'upos': 'VERB', 'xpos': 'VERB', 'feats': 'Gender=Masc|Number=Sing|Person=1,2,3|VerbForm=Part', 'head': 12, 'deprel': 'acl:relcl', 'lemma': 'הכיל'}]",
18,",",PUNCT,PUNCT,17.0,punct,"(69, 70)",",",,
19,כאמור,ADV,ADV,17.0,advmod,"(71, 76)",כאמור,,
20,",",PUNCT,PUNCT,17.0,punct,"(76, 77)",",",,
21,אבנים,NOUN,NOUN,17.0,obj,"(78, 83)",אבן,,Gender=Fem|Number=Plur
22,גדולות,ADJ,ADJ,21.0,amod,"(84, 90)",גדול,,Gender=Fem|Number=Plur
1,עם,ADP,ADP,2.0,case,"(1, 3)",עם,,
2,זאת,PRON,PRON,9.0,obl,"(4, 7)",זאת,,Gender=Fem|Number=Sing|Person=3|PronType=Dem
3,",",PUNCT,PUNCT,9.0,punct,"(7, 8)",",",,
"(4, 5)",במסגרת,,,,,"(9, 15)",,"[{'id': 4, 'text': 'ב', 'upos': 'ADP', 'xpos': 'ADP', 'head': 7, 'deprel': 'case', 'lemma': 'ב'}, {'id': 5, 'text': 'מסגרת', 'upos': 'NOUN', 'xpos': 'NOUN', 'feats': 'Gender=Fem|Number=Sing', 'head': 4, 'deprel': 'fixed', 'lemma': 'מסגרת'}]",
"(6, 7)",הסקר,,,,,"(16, 20)",,"[{'id': 6, 'text': 'ה', 'upos': 'DET', 'xpos': 'DET', 'feats': 'PronType=Art', 'head': 7, 'deprel': 'det:def', 'lemma': 'ה'}, {'id': 7, 'text': 'סקר', 'upos': 'NOUN', 'xpos': 'NOUN', 'feats': 'Gender=Masc|Number=Sing', 'head': 9, 'deprel': 'obl', 'lemma': 'סקר'}]",
8,לא,ADV,ADV,9.0,advmod,"(21, 23)",לא,,Polarity=Neg
9,נמצאו,VERB,VERB,0.0,root,"(24, 29)",נמצא,,"Gender=Fem,Masc|HebBinyan=NIFAL|Number=Plur|Person=3|Tense=Past|Voice=Mid"
10,דיווחים,NOUN,NOUN,9.0,nsubj,"(30, 37)",דיווח,,Gender=Masc|Number=Plur
"(11, 12)",לניסויים,,,,,"(38, 46)",,"[{'id': 11, 'text': 'ל', 'upos': 'ADP', 'xpos': 'ADP', 'head': 12, 'deprel': 'case', 'lemma': 'ל'}, {'id': 12, 'text': 'ניסויים', 'upos': 'NOUN', 'xpos': 'NOUN', 'feats': 'Gender=Masc|Number=Plur', 'head': 10, 'deprel': 'nmod', 'lemma': 'ניסוי'}]",
"(13, 14)",שבוצעו,,,,,"(47, 53)",,"[{'id': 13, 'text': 'ש', 'upos': 'SCONJ', 'xpos': 'SCONJ', 'head': 14, 'deprel': 'mark', 'lemma': 'ש'}, {'id': 14, 'text': 'בוצעו', 'upos': 'VERB', 'xpos': 'VERB', 'feats': 'Gender=Fem,Masc|HebBinyan=PUAL|Number=Plur|Person=3|Tense=Past|Voice=Pass', 'head': 12, 'deprel': 'acl:relcl', 'lemma': 'בוצע'}]",
15,על,ADP,ADP,16.0,case,"(54, 56)",על,,
16,דגמים,NOUN,NOUN,14.0,obl,"(57, 62)",דגם,,Gender=Masc|Number=Plur
"(17, 18)",העשויים,,,,,"(63, 70)",,"[{'id': 17, 'text': 'ה', 'upos': 'SCONJ', 'xpos': 'SCONJ', 'head': 18, 'deprel': 'mark', 'lemma': 'ה'}, {'id': 18, 'text': 'עשויים', 'upos': 'ADJ', 'xpos': 'ADJ', 'feats': 'Gender=Masc|Number=Plur', 'head': 16, 'deprel': 'acl:relcl', 'lemma': 'עשוי'}]",
"(19, 20)",בטון ֶד ֶבּש,,,,,"(71, 82)",,"[{'id': 19, 'text': 'ב', 'upos': 'ADP', 'xpos': 'ADP', 'head': 20, 'deprel': 'case', 'lemma': 'ב'}, {'id': 20, 'text': 'טוגחקדפפלש', 'upos': 'NOUN', 'xpos': 'NOUN', 'head': 18, 'deprel': 'obl', 'lemma': 'טוגחקדפפלש'}]",
"(1, 2)",המחקר,,,,,"(1, 6)",,"[{'id': 1, 'text': 'ה', 'upos': 'DET', 'xpos': 'DET', 'feats': 'PronType=Art', 'head': 2, 'deprel': 'det:def', 'lemma': 'ה'}, {'id': 2, 'text': 'מחקר', 'upos': 'NOUN', 'xpos': 'NOUN', 'feats': 'Gender=Masc|Number=Sing', 'head': 4, 'deprel': 'nsubj:cop', 'lemma': 'מחקר'}]",
3,הינו,AUX,AUX,4.0,cop,"(7, 11)",הנו,,Gender=Masc|Number=Sing|Person=3|Polarity=Pos|VerbForm=Part|VerbType=Cop
4,ניסויי,NOUN,NOUN,0.0,root,"(12, 18)",ניסוי,,Gender=Masc|Number=Sing
"(5, 9)",ובמסגרתו,,,,,"(19, 27)",,"[{'id': 5, 'text': 'ו', 'upos': 'CCONJ', 'xpos': 'CCONJ', 'head': 10, 'deprel': 'cc', 'lemma': 'ו'}, {'id': 6, 'text': 'ב', 'upos': 'ADP', 'xpos': 'ADP', 'head': 7, 'deprel': 'case', 'lemma': 'ב'}, {'id': 7, 'text': 'מסגרת_', 'upos': 'NOUN', 'xpos': 'NOUN', 'feats': 'Definite=Def|Gender=Fem|Number=Sing', 'head': 10, 'deprel': 'obl', 'lemma': 'מסגרת'}, {'id': 8, 'text': '_של_', 'upos': 'ADP', 'xpos': 'ADP', 'head': 9, 'deprel': 'case:gen', 'lemma': 'של'}, {'id': 9, 'text': '_הוא', 'upos': 'PRON', 'xpos': 'PRON', 'feats': 'Case=Gen|Gender=Masc|Number=Sing|Person=3|PronType=Prs', 'head': 7, 'deprel': 'nmod:poss', 'lemma': 'הוא'}]",
10,אותרו,VERB,VERB,4.0,conj,"(28, 33)",אותר,,"Gender=Fem,Masc|HebBinyan=NIFAL|Number=Plur|Person=3|Tense=Past|Voice=Mid"
11,מבנים,NOUN,NOUN,10.0,nsubj,"(34, 39)",מבנה,,Gender=Masc|Number=Plur
12,קיימים,ADJ,ADJ,11.0,amod,"(40, 46)",קיים,,Gender=Masc|Number=Plur
"(13, 16)",שנבנו,,,,,"(47, 52)",,"[{'id': 13, 'text': 'ש', 'upos': 'SCONJ', 'xpos': 'SCONJ', 'head': 14, 'deprel': 'mark', 'lemma': 'ש'}, {'id': 14, 'text': 'נב_', 'upos': 'NOUN', 'xpos': 'NOUN', 'feats': 'Definite=Def|Gender=Masc|Number=Plur', 'head': 11, 'deprel': 'acl:relcl', 'lemma': 'נב'}, {'id': 15, 'text': '_של_', 'upos': 'ADP', 'xpos': 'ADP', 'head': 16, 'deprel': 'case:gen', 'lemma': 'של'}, {'id': 16, 'text': '_הוא', 'upos': 'PRON', 'xpos': 'PRON', 'feats': 'Case=Gen|Gender=Masc|Number=Sing|Person=3|PronType=Prs', 'head': 14, 'deprel': 'nmod:poss', 'lemma': 'הוא'}]",
"(17, 19)",מבטון ֶד ֶבּש,,,,,"(53, 65)",,"[{'id': 17, 'text': 'מ', 'upos': 'ADP', 'xpos': 'ADP', 'head': 18, 'deprel': 'case', 'lemma': 'מ'}, {'id': 18, 'text': 'בטוגחחדפ', 'upos': 'PROPN', 'xpos': 'PROPN', 'head': 14, 'deprel': 'dep', 'lemma': 'בטוגחחדפ'}, {'id': 19, 'text': 'אלש', 'upos': 'PROPN', 'xpos': 'PROPN', 'head': 18, 'deprel': 'flat:name', 'lemma': 'אלש'}]",
"(20, 22)",והעומדים,,,,,"(66, 74)",,"[{'id': 20, 'text': 'ו', 'upos': 'CCONJ', 'xpos': 'CCONJ', 'head': 22, 'deprel': 'cc', 'lemma': 'ו'}, {'id': 21, 'text': 'ה', 'upos': 'DET', 'xpos': 'DET', 'feats': 'PronType=Art', 'head': 22, 'deprel': 'mark', 'lemma': 'ה'}, {'id': 22, 'text': 'עומדים', 'upos': 'VERB', 'xpos': 'VERB', 'feats': 'Gender=Masc|HebBinyan=PAAL|Number=Plur|Person=1,2,3|VerbForm=Part|Voice=Act', 'head': 10, 'deprel': 'conj', 'lemma': 'עמד'}]",
23,לפני,ADP,ADP,24.0,case,"(75, 79)",לפני,,
24,הריסה,NOUN,NOUN,22.0,obl,"(80, 85)",הריסה,,Gender=Fem|Number=Sing
25,",",PUNCT,PUNCT,24.0,punct,"(85, 86)",",",,
26,שיפוץ,NOUN,NOUN,24.0,conj,"(87, 92)",שיפוץ,,Gender=Masc|Number=Sing
27,או,CCONJ,CCONJ,28.0,cc,"(93, 95)",או,,
28,חיזוק,NOUN,NOUN,24.0,conj,"(96, 101)",חיזוק,,Gender=Masc|Number=Sing
1,מקירות,NOUN,NOUN,7.0,obl,"(1, 7)",מקירות,,Definite=Cons|Gender=Fem|Number=Plur
"(2, 3)",ה ֶד ֶבּש,,,,,"(8, 16)",,"[{'id': 2, 'text': 'ה', 'upos': 'DET', 'xpos': 'DET', 'feats': 'PronType=Art', 'head': 3, 'deprel': 'det:def', 'lemma': 'ה'}, {'id': 3, 'text': 'פחדפפלש', 'upos': 'NOUN', 'xpos': 'NOUN', 'feats': 'Xtra=Junk', 'head': 1, 'deprel': 'compound:smixut', 'lemma': 'פחדפפלש'}]",
4,של,ADP,ADP,5.0,case:gen,"(17, 19)",של,,Case=Gen
5,מבנים,NOUN,NOUN,1.0,nmod:poss,"(20, 25)",מבנה,,Gender=Masc|Number=Plur
6,אלה,PRON,PRON,5.0,det,"(26, 29)",אלה,,Gender=Masc|Number=Plur|Person=3|PronType=Dem
7,נוסרו,VERB,VERB,0.0,root,"(30, 35)",נוסר,,"Gender=Fem,Masc|HebBinyan=NIFAL|Number=Plur|Person=3|Tense=Past|Voice=Mid"
8,דגימות,NOUN,NOUN,7.0,nsubj,"(36, 42)",דגימה,,Gender=Fem|Number=Plur
9,אותנטיות,ADJ,ADJ,8.0,amod,"(43, 51)",אותנטי,,Gender=Fem|Number=Plur
10,",",PUNCT,PUNCT,8.0,punct,"(51, 52)",",",,
11,אשר,SCONJ,SCONJ,12.0,mark,"(53, 56)",אשר,,
12,הובלו,VERB,VERB,8.0,acl:relcl,"(57, 62)",הובל,,"Gender=Fem,Masc|HebBinyan=HUFAL|Number=Plur|Person=3|Tense=Past|Voice=Pass"
"(13, 15)",למכון,,,,,"(63, 68)",,"[{'id': 13, 'text': 'ל', 'upos': 'ADP', 'xpos': 'ADP', 'head': 15, 'deprel': 'case', 'lemma': 'ל'}, {'id': 14, 'text': 'ה_', 'upos': 'DET', 'xpos': 'DET', 'feats': 'PronType=Art', 'head': 15, 'deprel': 'det:def', 'lemma': 'ה'}, {'id': 15, 'text': 'מכון', 'upos': 'NOUN', 'xpos': 'NOUN', 'feats': 'Gender=Masc|Number=Sing', 'head': 12, 'deprel': 'obl', 'lemma': 'מכון'}]",
"(16, 17)",הלאומי,,,,,"(69, 75)",,"[{'id': 16, 'text': 'ה', 'upos': 'DET', 'xpos': 'DET', 'feats': 'PronType=Art', 'head': 17, 'deprel': 'det:def', 'lemma': 'ה'}, {'id': 17, 'text': 'לאומי', 'upos': 'ADJ', 'xpos': 'ADJ', 'feats': 'Gender=Masc|Number=Sing', 'head': 15, 'deprel': 'amod', 'lemma': 'לאומי'}]",
"(18, 19)",לחקר,,,,,"(76, 80)",,"[{'id': 18, 'text': 'ל', 'upos': 'ADP', 'xpos': 'ADP', 'head': 19, 'deprel': 'case', 'lemma': 'ל'}, {'id': 19, 'text': 'חקר', 'upos': 'NOUN', 'xpos': 'NOUN', 'feats': 'Definite=Cons|Gender=Masc|Number=Sing', 'head': 15, 'deprel': 'nmod', 'lemma': 'חקר'}]",
"(20, 21)",הבנייה,,,,,"(81, 87)",,"[{'id': 20, 'text': 'ה', 'upos': 'DET', 'xpos': 'DET', 'feats': 'PronType=Art', 'head': 21, 'deprel': 'det:def', 'lemma': 'ה'}, {'id': 21, 'text': 'בנייה', 'upos': 'NOUN', 'xpos': 'NOUN', 'feats': 'Gender=Fem|Number=Sing', 'head': 19, 'deprel': 'compound:smixut', 'lemma': 'בנייה'}]",
"(22, 23)",לצורך,,,,,"(88, 93)",,"[{'id': 22, 'text': 'ל', 'upos': 'ADP', 'xpos': 'ADP', 'head': 23, 'deprel': 'case', 'lemma': 'ל'}, {'id': 23, 'text': 'צורך', 'upos': 'NOUN', 'xpos': 'NOUN', 'feats': 'Definite=Cons|Gender=Masc|Number=Sing', 'head': 12, 'deprel': 'obl', 'lemma': 'צורך'}]",
24,ניסויים,NOUN,NOUN,23.0,compound:smixut,"(94, 101)",ניסוי,,Gender=Masc|Number=Plur
"(25, 28)",ובדיקות,,,,,"(102, 109)",,"[{'id': 25, 'text': 'ו', 'upos': 'CCONJ', 'xpos': 'CCONJ', 'head': 28, 'deprel': 'cc', 'lemma': 'ו'}, {'id': 26, 'text': 'ב', 'upos': 'ADP', 'xpos': 'ADP', 'head': 28, 'deprel': 'case', 'lemma': 'ב'}, {'id': 27, 'text': 'ה_', 'upos': 'DET', 'xpos': 'DET', 'feats': 'PronType=Art', 'head': 28, 'deprel': 'det:def', 'lemma': 'ה'}, {'id': 28, 'text': 'דיקות', 'upos': 'NOUN', 'xpos': 'NOUN', 'feats': 'Gender=Fem|Number=Plur', 'head': 23, 'deprel': 'conj', 'lemma': 'דיקה'}]",
"(29, 30)",שנערכו,,,,,"(110, 116)",,"[{'id': 29, 'text': 'ש', 'upos': 'SCONJ', 'xpos': 'SCONJ', 'head': 30, 'deprel': 'mark', 'lemma': 'ש'}, {'id': 30, 'text': 'נערכו', 'upos': 'VERB', 'xpos': 'VERB', 'feats': 'Gender=Fem,Masc|HebBinyan=NIFAL|Number=Plur|Person=3|Tense=Past|Voice=Mid', 'head': 28, 'deprel': 'acl:relcl', 'lemma': 'נערך'}]",
"(31, 32)",עליהם,,,,,"(117, 122)",,"[{'id': 31, 'text': 'על_', 'upos': 'ADP', 'xpos': 'ADP', 'head': 32, 'deprel': 'case', 'lemma': 'על'}, {'id': 32, 'text': '_הם', 'upos': 'PRON', 'xpos': 'PRON', 'feats': 'Gender=Masc|Number=Plur|Person=3|PronType=Prs', 'head': 30, 'deprel': 'obl', 'lemma': 'הוא'}]",
"(1, 2)",הדגימות,,,,,"(1, 8)",,"[{'id': 1, 'text': 'ה', 'upos': 'DET', 'xpos': 'DET', 'feats': 'PronType=Art', 'head': 2, 'deprel': 'det:def', 'lemma': 'ה'}, {'id': 2, 'text': 'דגימות', 'upos': 'NOUN', 'xpos': 'NOUN', 'feats': 'Gender=Fem|Number=Plur', 'head': 7, 'deprel': 'nsubj', 'lemma': 'דגימה'}]",
"(3, 4)",שנלקחו,,,,,"(9, 15)",,"[{'id': 3, 'text': 'ש', 'upos': 'SCONJ', 'xpos': 'SCONJ', 'head': 4, 'deprel': 'mark', 'lemma': 'ש'}, {'id': 4, 'text': 'נלקחו', 'upos': 'VERB', 'xpos': 'VERB', 'feats': 'Gender=Fem,Masc|HebBinyan=NIFAL|Number=Plur|Person=3|Tense=Past|Voice=Mid', 'head': 2, 'deprel': 'acl:relcl', 'lemma': 'נלקח'}]",
5,היו,AUX,AUX,7.0,cop,"(16, 19)",היה,,"Gender=Fem,Masc|Number=Plur|Person=3|Polarity=Pos|Tense=Past|VerbType=Cop"
"(6, 7)",במידות,,,,,"(20, 26)",,"[{'id': 6, 'text': 'ב', 'upos': 'ADP', 'xpos': 'ADP', 'head': 7, 'deprel': 'case', 'lemma': 'ב'}, {'id': 7, 'text': 'מידות', 'upos': 'NOUN', 'xpos': 'NOUN', 'feats': 'Gender=Fem|Number=Plur', 'head': 0, 'deprel': 'root', 'lemma': 'מידה'}]",
"(8, 9)",וצורות,,,,,"(27, 33)",,"[{'id': 8, 'text': 'ו', 'upos': 'CCONJ', 'xpos': 'CCONJ', 'head': 9, 'deprel': 'cc', 'lemma': 'ו'}, {'id': 9, 'text': 'צורות', 'upos': 'NOUN', 'xpos': 'NOUN', 'feats': 'Gender=Fem|Number=Plur', 'head': 7, 'deprel': 'conj', 'lemma': 'צורה'}]",
10,שונות,ADJ,ADJ,7.0,amod,"(34, 39)",שונה,,Gender=Fem|Number=Plur
"(11, 12)",מחיפה,,,,,"(40, 45)",,"[{'id': 11, 'text': 'מ', 'upos': 'ADP', 'xpos': 'ADP', 'head': 12, 'deprel': 'case', 'lemma': 'מ'}, {'id': 12, 'text': 'חיפה', 'upos': 'PROPN', 'xpos': 'PROPN', 'head': 7, 'deprel': 'nmod', 'lemma': 'חיפה'}]",
"(13, 15)",והסביבה,,,,,"(46, 53)",,"[{'id': 13, 'text': 'ו', 'upos': 'CCONJ', 'xpos': 'CCONJ', 'head': 15, 'deprel': 'cc', 'lemma': 'ו'}, {'id': 14, 'text': 'ה', 'upos': 'DET', 'xpos': 'DET', 'feats': 'PronType=Art', 'head': 15, 'deprel': 'det:def', 'lemma': 'ה'}, {'id': 15, 'text': 'סביבה', 'upos': 'NOUN', 'xpos': 'NOUN', 'feats': 'Gender=Fem|Number=Sing', 'head': 12, 'deprel': 'conj', 'lemma': 'סביבה'}]",
1,נערכו,VERB,VERB,0.0,root,"(1, 6)",נערך,,"Gender=Fem,Masc|HebBinyan=NIFAL|Number=Plur|Person=3|Tense=Past|Voice=Mid"
2,ניסויים,NOUN,NOUN,1.0,nsubj,"(7, 14)",ניסוי,,Gender=Masc|Number=Plur
3,אשר,SCONJ,SCONJ,8.0,mark,"(15, 18)",אשר,,
"(4, 6)",מטרתם,,,,,"(19, 24)",,"[{'id': 4, 'text': 'מטרה_', 'upos': 'NOUN', 'xpos': 'NOUN', 'feats': 'Definite=Def|Gender=Fem|Number=Sing', 'head': 8, 'deprel': 'nsubj', 'lemma': 'מטרה'}, {'id': 5, 'text': '_של_', 'upos': 'ADP', 'xpos': 'ADP', 'head': 6, 'deprel': 'case:gen', 'lemma': 'של'}, {'id': 6, 'text': '_הם', 'upos': 'PRON', 'xpos': 'PRON', 'feats': 'Case=Gen|Gender=Masc|Number=Plur|Person=3|PronType=Prs', 'head': 4, 'deprel': 'nmod:poss', 'lemma': 'הוא'}]",
7,הייתה,AUX,AUX,8.0,cop,"(25, 30)",היה,,Gender=Fem|Number=Sing|Person=3|Polarity=Pos|Tense=Past|VerbType=Cop
8,למדוד,VERB,VERB,2.0,acl:relcl,"(31, 36)",מדד,,HebBinyan=PAAL|VerbForm=Inf|Voice=Act
9,את,ADP,ADP,11.0,case:acc,"(37, 39)",את,,Case=Acc
"(10, 11)",התכונות,,,,,"(40, 47)",,"[{'id': 10, 'text': 'ה', 'upos': 'DET', 'xpos': 'DET', 'feats': 'PronType=Art', 'head': 11, 'deprel': 'det:def', 'lemma': 'ה'}, {'id': 11, 'text': 'תכונות', 'upos': 'NOUN', 'xpos': 'NOUN', 'feats': 'Gender=Fem|Number=Plur', 'head': 8, 'deprel': 'obj', 'lemma': 'תכונה'}]",
"(12, 13)",המכניות,,,,,"(48, 55)",,"[{'id': 12, 'text': 'ה', 'upos': 'DET', 'xpos': 'DET', 'feats': 'PronType=Art', 'head': 13, 'deprel': 'det:def', 'lemma': 'ה'}, {'id': 13, 'text': 'מכניות', 'upos': 'ADJ', 'xpos': 'ADJ', 'feats': 'Gender=Fem|Number=Plur', 'head': 11, 'deprel': 'amod', 'lemma': 'מכני'}]",
14,עם,ADP,ADP,15.0,case,"(56, 58)",עם,,
15,התמקדות,NOUN,NOUN,8.0,obl,"(59, 66)",התמקדות,,Gender=Fem|Number=Sing
"(16, 17)",בתסבולת,,,,,"(67, 74)",,"[{'id': 16, 'text': 'ב', 'upos': 'ADP', 'xpos': 'ADP', 'head': 17, 'deprel': 'case', 'lemma': 'ב'}, {'id': 17, 'text': 'תסבולת', 'upos': 'NOUN', 'xpos': 'NOUN', 'feats': 'Gender=Fem|Number=Sing', 'head': 15, 'deprel': 'nmod', 'lemma': 'תסבולת'}]",
"(18, 20)",לגזירה,,,,,"(75, 81)",,"[{'id': 18, 'text': 'ל', 'upos': 'ADP', 'xpos': 'ADP', 'head': 20, 'deprel': 'case', 'lemma': 'ל'}, {'id': 19, 'text': 'ה_', 'upos': 'DET', 'xpos': 'DET', 'feats': 'PronType=Art', 'head': 20, 'deprel': 'det:def', 'lemma': 'ה'}, {'id': 20, 'text': 'גזירה', 'upos': 'NOUN', 'xpos': 'NOUN', 'feats': 'Gender=Fem|Number=Sing', 'head': 17, 'deprel': 'nmod', 'lemma': 'גזירה'}]",
1,לשם,ADP,ADP,2.0,case,"(1, 4)",לשם,,
2,כך,PRON,PRON,3.0,obl,"(5, 7)",כך,,Person=3|PronType=Dem
3,נערכו,VERB,VERB,0.0,root,"(8, 13)",נערך,,"Gender=Fem,Masc|HebBinyan=NIFAL|Number=Plur|Person=3|Tense=Past|Voice=Mid"
4,שתי,NUM,NUM,5.0,nummod,"(14, 17)",שתי,,Definite=Cons|Gender=Fem|Number=Plur
5,סדרות,NOUN,NOUN,3.0,nsubj,"(18, 23)",סדרה,,Gender=Fem|Number=Plur
6,של,ADP,ADP,7.0,case:gen,"(24, 26)",של,,Case=Gen
7,ניסויים,NOUN,NOUN,5.0,nmod:poss,"(27, 34)",ניסוי,,Gender=Masc|Number=Plur
8,מבניים,ADJ,ADJ,7.0,amod,"(35, 41)",מבני,,Gender=Masc|Number=Plur
9,:,PUNCT,PUNCT,5.0,punct,"(41, 42)",:,,
10,לחיצה,NOUN,NOUN,5.0,appos,"(43, 48)",לחיצה,,Gender=Fem|Number=Sing
11,אלכסונית,ADJ,ADJ,10.0,amod,"(49, 57)",אלכסוני,,Gender=Fem|Number=Sing
"(12, 13)",וכפיפה,,,,,"(58, 64)",,"[{'id': 12, 'text': 'ו', 'upos': 'CCONJ', 'xpos': 'CCONJ', 'head': 13, 'deprel': 'cc', 'lemma': 'ו'}, {'id': 13, 'text': 'כפיפה', 'upos': 'NOUN', 'xpos': 'NOUN', 'feats': 'Gender=Fem|Number=Sing', 'head': 10, 'deprel': 'conj', 'lemma': 'כפיפה'}]",
"(14, 15)",בדגמי,,,,,"(65, 70)",,"[{'id': 14, 'text': 'ב', 'upos': 'ADP', 'xpos': 'ADP', 'head': 15, 'deprel': 'case', 'lemma': 'ב'}, {'id': 15, 'text': 'דגמי', 'upos': 'NOUN', 'xpos': 'NOUN', 'feats': 'Definite=Cons|Gender=Masc|Number=Plur', 'head': 13, 'deprel': 'nmod', 'lemma': 'דגם'}]",
16,קורות,NOUN,NOUN,15.0,compound:smixut,"(71, 76)",קורה,,Gender=Fem|Number=Plur
17,אשר,SCONJ,SCONJ,18.0,mark,"(77, 80)",אשר,,
18,תוכננו,VERB,VERB,15.0,acl:relcl,"(81, 87)",תוכנן,,"Gender=Fem,Masc|HebBinyan=PUAL|Number=Plur|Person=3|Tense=Past|Voice=Pass"
19,להיכשל,VERB,VERB,18.0,xcomp,"(88, 94)",נכשל,,HebBinyan=NIFAL|VerbForm=Inf|Voice=Mid
"(20, 21)",בגזירה,,,,,"(95, 101)",,"[{'id': 20, 'text': 'ב', 'upos': 'ADP', 'xpos': 'ADP', 'head': 21, 'deprel': 'case', 'lemma': 'ב'}, {'id': 21, 'text': 'גזירה', 'upos': 'NOUN', 'xpos': 'NOUN', 'feats': 'Gender=Fem|Number=Sing', 'head': 19, 'deprel': 'obl', 'lemma': 'גזירה'}]",
"(1, 2)",הניסויים,,,,,"(1, 9)",,"[{'id': 1, 'text': 'ה', 'upos': 'DET', 'xpos': 'DET', 'feats': 'PronType=Art', 'head': 2, 'deprel': 'det:def', 'lemma': 'ה'}, {'id': 2, 'text': 'ניסויים', 'upos': 'NOUN', 'xpos': 'NOUN', 'feats': 'Gender=Masc|Number=Plur', 'head': 3, 'deprel': 'nsubj', 'lemma': 'ניסוי'}]",
3,נערכו,VERB,VERB,0.0,root,"(10, 15)",נערך,,"Gender=Fem,Masc|HebBinyan=NIFAL|Number=Plur|Person=3|Tense=Past|Voice=Mid"
4,על,ADP,ADP,5.0,case,"(16, 18)",על,,
5,דגמים,NOUN,NOUN,3.0,obl,"(19, 24)",דגם,,Gender=Masc|Number=Plur
6,אותנטיים,ADJ,ADJ,5.0,amod,"(25, 33)",אותנטי,,Gender=Masc|Number=Plur
"(7, 8)",ודגמים,,,,,"(34, 40)",,"[{'id': 7, 'text': 'ו', 'upos': 'CCONJ', 'xpos': 'CCONJ', 'head': 8, 'deprel': 'cc', 'lemma': 'ו'}, {'id': 8, 'text': 'דגמים', 'upos': 'NOUN', 'xpos': 'NOUN', 'feats': 'Gender=Masc|Number=Plur', 'head': 5, 'deprel': 'conj', 'lemma': 'דגם'}]",
9,מעבדתיים,ADJ,ADJ,8.0,amod,"(41, 49)",מעבדתי,,
1,שתי,NUM,NUM,2.0,nummod,"(1, 4)",שתי,,Definite=Cons|Gender=Fem|Number=Plur
2,סדרות,NOUN,NOUN,5.0,nsubj,"(5, 10)",סדרה,,Definite=Cons|Gender=Fem|Number=Plur
"(3, 4)",הניסויים,,,,,"(11, 19)",,"[{'id': 3, 'text': 'ה', 'upos': 'DET', 'xpos': 'DET', 'feats': 'PronType=Art', 'head': 4, 'deprel': 'det:def', 'lemma': 'ה'}, {'id': 4, 'text': 'ניסויים', 'upos': 'NOUN', 'xpos': 'NOUN', 'feats': 'Gender=Masc|Number=Plur', 'head': 2, 'deprel': 'compound:smixut', 'lemma': 'ניסוי'}]",
5,כללו,VERB,VERB,0.0,root,"(20, 24)",כלל,,"Gender=Fem,Masc|HebBinyan=PAAL|Number=Plur|Person=3|Tense=Past|Voice=Act"
6,גם,ADV,ADV,7.0,det,"(25, 27)",גם,,
7,דגמי,NOUN,NOUN,5.0,obj,"(28, 32)",דגם,,Definite=Cons|Gender=Masc|Number=Plur
8,בקרה,NOUN,NOUN,7.0,compound:smixut,"(33, 37)",בקרה,,Gender=Fem|Number=Sing
9,",",PUNCT,PUNCT,7.0,punct,"(37, 38)",",",,
10,אשר,SCONJ,SCONJ,11.0,mark,"(39, 42)",אשר,,
11,נוצקו,VERB,VERB,7.0,acl:relcl,"(43, 48)",נוצק,,"Gender=Fem,Masc|HebBinyan=NIFAL|Number=Plur|Person=3|Tense=Past|Voice=Mid"
"(12, 13)",מבטון,,,,,"(49, 54)",,"[{'id': 12, 'text': 'מ', 'upos': 'ADP', 'xpos': 'ADP', 'head': 13, 'deprel': 'case', 'lemma': 'מ'}, {'id': 13, 'text': 'בטון', 'upos': 'NOUN', 'xpos': 'NOUN', 'feats': 'Gender=Masc|Number=Sing', 'head': 11, 'deprel': 'obl', 'lemma': 'בטון'}]",
14,תקני,ADJ,ADJ,13.0,amod,"(55, 59)",תקן,,Gender=Masc|Number=Sing
"(1, 2)",בנוסף,,,,,"(1, 6)",,"[{'id': 1, 'text': 'ב', 'upos': 'ADP', 'xpos': 'ADP', 'head': 4, 'deprel': 'case', 'lemma': 'ב'}, {'id': 2, 'text': 'נוסף', 'upos': 'VERB', 'xpos': 'VERB', 'feats': 'Gender=Masc|HebBinyan=NIFAL|Number=Sing|Person=1,2,3|VerbForm=Part|Voice=Mid', 'head': 1, 'deprel': 'fixed', 'lemma': 'נוסף'}]",
"(3, 4)",לבדיקות,,,,,"(7, 14)",,"[{'id': 3, 'text': 'ל', 'upos': 'ADP', 'xpos': 'ADP', 'head': 1, 'deprel': 'fixed', 'lemma': 'ל'}, {'id': 4, 'text': 'בדיקות', 'upos': 'NOUN', 'xpos': 'NOUN', 'feats': 'Definite=Cons|Gender=Fem|Number=Plur', 'head': 8, 'deprel': 'obl', 'lemma': 'בדיקה'}]",
"(5, 6)",הגזירה,,,,,"(15, 21)",,"[{'id': 5, 'text': 'ה', 'upos': 'DET', 'xpos': 'DET', 'feats': 'PronType=Art', 'head': 6, 'deprel': 'det:def', 'lemma': 'ה'}, {'id': 6, 'text': 'גזירה', 'upos': 'NOUN', 'xpos': 'NOUN', 'feats': 'Gender=Fem|Number=Sing', 'head': 4, 'deprel': 'compound:smixut', 'lemma': 'גזירה'}]",
7,",",PUNCT,PUNCT,8.0,punct,"(21, 22)",",",,
8,נעשו,VERB,VERB,0.0,root,"(23, 27)",נעשה,,"Gender=Fem,Masc|HebBinyan=NIFAL|Number=Plur|Person=3|Tense=Past|Voice=Mid"
9,בדיקות,NOUN,NOUN,8.0,nsubj,"(28, 34)",בדיקה,,Gender=Fem|Number=Plur
10,של,ADP,ADP,11.0,case:gen,"(35, 37)",של,,Case=Gen
11,תכונות,NOUN,NOUN,9.0,nmod:poss,"(38, 44)",תכונה,,Definite=Cons|Gender=Fem|Number=Plur
"(12, 13)",החומר,,,,,"(45, 50)",,"[{'id': 12, 'text': 'ה', 'upos': 'DET', 'xpos': 'DET', 'feats': 'PronType=Art', 'head': 13, 'deprel': 'det:def', 'lemma': 'ה'}, {'id': 13, 'text': 'חומר', 'upos': 'NOUN', 'xpos': 'NOUN', 'feats': 'Gender=Masc|Number=Sing', 'head': 11, 'deprel': 'compound:smixut', 'lemma': 'חומר'}]",
"(14, 16)",לבחינה,,,,,"(51, 57)",,"[{'id': 14, 'text': 'ל', 'upos': 'ADP', 'xpos': 'ADP', 'head': 16, 'deprel': 'case', 'lemma': 'ל'}, {'id': 15, 'text': 'ה_', 'upos': 'DET', 'xpos': 'DET', 'feats': 'PronType=Art', 'head': 16, 'deprel': 'det:def', 'lemma': 'ה'}, {'id': 16, 'text': 'בחינה', 'upos': 'NOUN', 'xpos': 'NOUN', 'feats': 'Gender=Fem|Number=Sing', 'head': 11, 'deprel': 'nmod', 'lemma': 'בחינה'}]",
"(17, 18)",ולימוד,,,,,"(58, 64)",,"[{'id': 17, 'text': 'ו', 'upos': 'CCONJ', 'xpos': 'CCONJ', 'head': 18, 'deprel': 'cc', 'lemma': 'ו'}, {'id': 18, 'text': 'לימוד', 'upos': 'NOUN', 'xpos': 'NOUN', 'feats': 'Gender=Masc|Number=Sing', 'head': 9, 'deprel': 'conj', 'lemma': 'לימוד'}]",
19,של,ADP,ADP,21.0,case:gen,"(65, 67)",של,,Case=Gen
"(20, 21)",הקשר,,,,,"(68, 72)",,"[{'id': 20, 'text': 'ה', 'upos': 'DET', 'xpos': 'DET', 'feats': 'PronType=Art', 'head': 21, 'deprel': 'det:def', 'lemma': 'ה'}, {'id': 21, 'text': 'קשר', 'upos': 'NOUN', 'xpos': 'NOUN', 'feats': 'Gender=Masc|Number=Sing', 'head': 18, 'deprel': 'nmod:poss', 'lemma': 'קשר'}]",
22,בין,ADP,ADP,23.0,case,"(73, 76)",בין,,
23,חוזק,NOUN,NOUN,21.0,nmod,"(77, 81)",חוזק,,Definite=Cons|Gender=Masc|Number=Sing
"(24, 25)",הלחיצה,,,,,"(82, 88)",,"[{'id': 24, 'text': 'ה', 'upos': 'DET', 'xpos': 'DET', 'feats': 'PronType=Art', 'head': 25, 'deprel': 'det:def', 'lemma': 'ה'}, {'id': 25, 'text': 'לחיצה', 'upos': 'NOUN', 'xpos': 'NOUN', 'feats': 'Gender=Fem|Number=Sing', 'head': 23, 'deprel': 'compound:smixut', 'lemma': 'לחיצה'}]",
"(26, 27)",ובין,,,,,"(89, 93)",,"[{'id': 26, 'text': 'ו', 'upos': 'CCONJ', 'xpos': 'CCONJ', 'head': 28, 'deprel': 'cc', 'lemma': 'ו'}, {'id': 27, 'text': 'בין', 'upos': 'ADP', 'xpos': 'ADP', 'head': 28, 'deprel': 'case', 'lemma': 'בין'}]",
28,מודול,NOUN,NOUN,23.0,conj,"(94, 99)",מודול,,Definite=Cons|Gender=Masc|Number=Sing
"(29, 30)",האלסטיות,,,,,"(100, 108)",,"[{'id': 29, 'text': 'ה', 'upos': 'DET', 'xpos': 'DET', 'feats': 'PronType=Art', 'head': 30, 'deprel': 'det:def', 'lemma': 'ה'}, {'id': 30, 'text': 'אלסטיות', 'upos': 'NOUN', 'xpos': 'NOUN', 'feats': 'Gender=Fem|Number=Plur', 'head': 28, 'deprel': 'compound:smixut', 'lemma': 'אלסטיות'}]",
"(31, 33)",והחוזק,,,,,"(109, 115)",,"[{'id': 31, 'text': 'ו', 'upos': 'CCONJ', 'xpos': 'CCONJ', 'head': 33, 'deprel': 'cc', 'lemma': 'ו'}, {'id': 32, 'text': 'ה', 'upos': 'DET', 'xpos': 'DET', 'feats': 'PronType=Art', 'head': 33, 'deprel': 'det:def', 'lemma': 'ה'}, {'id': 33, 'text': 'חוזק', 'upos': 'NOUN', 'xpos': 'NOUN', 'feats': 'Gender=Masc|Number=Sing', 'head': 28, 'deprel': 'conj', 'lemma': 'חוזק'}]",
"(34, 36)",במתיחה,,,,,"(116, 122)",,"[{'id': 34, 'text': 'ב', 'upos': 'ADP', 'xpos': 'ADP', 'head': 36, 'deprel': 'case', 'lemma': 'ב'}, {'id': 35, 'text': 'ה_', 'upos': 'DET', 'xpos': 'DET', 'feats': 'PronType=Art', 'head': 36, 'deprel': 'det:def', 'lemma': 'ה'}, {'id': 36, 'text': 'מתיחה', 'upos': 'NOUN', 'xpos': 'NOUN', 'feats': 'Gender=Fem|Number=Sing', 'head': 33, 'deprel': 'nmod', 'lemma': 'מתיחה'}]",
37,של,ADP,ADP,38.0,case:gen,"(123, 125)",של,,Case=Gen
38,בטון,NOUN,NOUN,36.0,nmod:poss,"(126, 130)",בטון,,Definite=Cons|Gender=Masc|Number=Sing
39,ה ֶד ֶבּש,PROPN,PROPN,38.0,compound:smixut,"(131, 139)",ה ֶד ֶבּש,,
1,על סמך,NOUN,NOUN,10.0,obl,"(1, 7)",על סמך,,Definite=Cons|Gender=Masc|Number=Sing
2,תוצאות,NOUN,NOUN,1.0,compound:smixut,"(8, 14)",תוצאה,,Definite=Cons|Gender=Fem|Number=Plur
"(3, 4)",הבדיקות,,,,,"(15, 22)",,"[{'id': 3, 'text': 'ה', 'upos': 'DET', 'xpos': 'DET', 'feats': 'PronType=Art', 'head': 4, 'deprel': 'det:def', 'lemma': 'ה'}, {'id': 4, 'text': 'בדיקות', 'upos': 'NOUN', 'xpos': 'NOUN', 'feats': 'Gender=Fem|Number=Plur', 'head': 2, 'deprel': 'compound:smixut', 'lemma': 'בדיקה'}]",
"(5, 7)",והניסויים,,,,,"(23, 32)",,"[{'id': 5, 'text': 'ו', 'upos': 'CCONJ', 'xpos': 'CCONJ', 'head': 7, 'deprel': 'cc', 'lemma': 'ו'}, {'id': 6, 'text': 'ה', 'upos': 'DET', 'xpos': 'DET', 'feats': 'PronType=Art', 'head': 7, 'deprel': 'det:def', 'lemma': 'ה'}, {'id': 7, 'text': 'ניסויים', 'upos': 'NOUN', 'xpos': 'NOUN', 'feats': 'Gender=Masc|Number=Plur', 'head': 4, 'deprel': 'conj', 'lemma': 'ניסוי'}]",
"(8, 9)",שנערכו,,,,,"(33, 39)",,"[{'id': 8, 'text': 'ש', 'upos': 'SCONJ', 'xpos': 'SCONJ', 'head': 9, 'deprel': 'mark', 'lemma': 'ש'}, {'id': 9, 'text': 'נערכו', 'upos': 'VERB', 'xpos': 'VERB', 'feats': 'Gender=Fem,Masc|HebBinyan=NIFAL|Number=Plur|Person=3|Tense=Past|Voice=Mid', 'head': 4, 'deprel': 'acl:relcl', 'lemma': 'נערך'}]",
10,פותחו,VERB,VERB,0.0,root,"(40, 45)",פתח,,"Gender=Fem,Masc|HebBinyan=NIFAL|Number=Plur|Person=3|Tense=Past|Voice=Mid"
11,קשרים,NOUN,NOUN,10.0,nsubj,"(46, 51)",קשר,,Gender=Masc|Number=Plur
12,מתאימים,ADJ,ADJ,11.0,amod,"(52, 59)",מתאים,,Gender=Masc|Number=Plur
13,בין,ADP,ADP,14.0,case,"(60, 63)",בין,,
14,חוזק,NOUN,NOUN,11.0,nmod,"(64, 68)",חוזק,,Definite=Cons|Gender=Masc|Number=Sing
"(15, 16)",הלחיצה,,,,,"(69, 75)",,"[{'id': 15, 'text': 'ה', 'upos': 'DET', 'xpos': 'DET', 'feats': 'PronType=Art', 'head': 16, 'deprel': 'det:def', 'lemma': 'ה'}, {'id': 16, 'text': 'לחיצה', 'upos': 'NOUN', 'xpos': 'NOUN', 'feats': 'Gender=Fem|Number=Sing', 'head': 14, 'deprel': 'compound:smixut', 'lemma': 'לחיצה'}]",
"(17, 18)",ובין,,,,,"(76, 80)",,"[{'id': 17, 'text': 'ו', 'upos': 'CCONJ', 'xpos': 'CCONJ', 'head': 19, 'deprel': 'cc', 'lemma': 'ו'}, {'id': 18, 'text': 'בין', 'upos': 'ADP', 'xpos': 'ADP', 'head': 19, 'deprel': 'case', 'lemma': 'בין'}]",
19,חוזק,NOUN,NOUN,14.0,conj,"(81, 85)",חוזק,,Definite=Cons|Gender=Masc|Number=Sing
"(20, 21)",המתיחה,,,,,"(86, 92)",,"[{'id': 20, 'text': 'ה', 'upos': 'DET', 'xpos': 'DET', 'feats': 'PronType=Art', 'head': 21, 'deprel': 'det:def', 'lemma': 'ה'}, {'id': 21, 'text': 'מתיחה', 'upos': 'NOUN', 'xpos': 'NOUN', 'feats': 'Gender=Fem|Number=Sing', 'head': 19, 'deprel': 'compound:smixut', 'lemma': 'מתיחה'}]",
"(22, 23)",ומודול,,,,,"(93, 99)",,"[{'id': 22, 'text': 'ו', 'upos': 'CCONJ', 'xpos': 'CCONJ', 'head': 23, 'deprel': 'cc', 'lemma': 'ו'}, {'id': 23, 'text': 'מודול', 'upos': 'NOUN', 'xpos': 'NOUN', 'feats': 'Definite=Cons|Gender=Masc|Number=Sing', 'head': 19, 'deprel': 'conj', 'lemma': 'מודול'}]",
"(24, 25)",האלסטיות,,,,,"(100, 108)",,"[{'id': 24, 'text': 'ה', 'upos': 'DET', 'xpos': 'DET', 'feats': 'PronType=Art', 'head': 25, 'deprel': 'det:def', 'lemma': 'ה'}, {'id': 25, 'text': 'אלסטיות', 'upos': 'NOUN', 'xpos': 'NOUN', 'feats': 'Gender=Fem|Number=Plur', 'head': 23, 'deprel': 'compound:smixut', 'lemma': 'אלסטיות'}]",
1,כמו,ADP,ADP,2.0,case,"(1, 4)",כמו,,
2,כן,PRON,PRON,4.0,obl,"(5, 7)",כן,,Person=3|PronType=Dem
3,",",PUNCT,PUNCT,4.0,punct,"(7, 8)",",",,
4,נמצא,VERB,VERB,0.0,root,"(9, 13)",נמצא,,Gender=Masc|HebBinyan=NIFAL|Number=Sing|Person=3|Tense=Past|Voice=Mid
"(5, 6)",שנוסחת,,,,,"(14, 20)",,"[{'id': 5, 'text': 'ש', 'upos': 'SCONJ', 'xpos': 'SCONJ', 'head': 26, 'deprel': 'mark', 'lemma': 'ש'}, {'id': 6, 'text': 'נוסחת', 'upos': 'NOUN', 'xpos': 'NOUN', 'feats': 'Definite=Cons|Gender=Fem|Number=Sing', 'head': 26, 'deprel': 'nsubj', 'lemma': 'נוסחה'}]",
"(7, 8)",התקן,,,,,"(21, 25)",,"[{'id': 7, 'text': 'ה', 'upos': 'DET', 'xpos': 'DET', 'feats': 'PronType=Art', 'head': 8, 'deprel': 'det:def', 'lemma': 'ה'}, {'id': 8, 'text': 'תקן', 'upos': 'NOUN', 'xpos': 'NOUN', 'feats': 'Gender=Masc|Number=Sing', 'head': 6, 'deprel': 'compound:smixut', 'lemma': 'תקן'}]",
"(9, 10)",הנוכחית,,,,,"(26, 33)",,"[{'id': 9, 'text': 'ה', 'upos': 'DET', 'xpos': 'DET', 'feats': 'PronType=Art', 'head': 10, 'deprel': 'det:def', 'lemma': 'ה'}, {'id': 10, 'text': 'נוכחית', 'upos': 'ADJ', 'xpos': 'ADJ', 'feats': 'Gender=Fem|Number=Sing', 'head': 6, 'deprel': 'amod', 'lemma': 'נוכחי'}]",
"(11, 12)",להערכת,,,,,"(34, 40)",,"[{'id': 11, 'text': 'ל', 'upos': 'ADP', 'xpos': 'ADP', 'head': 12, 'deprel': 'case', 'lemma': 'ל'}, {'id': 12, 'text': 'הערכת', 'upos': 'NOUN', 'xpos': 'NOUN', 'feats': 'Definite=Cons|Gender=Fem|Number=Sing', 'head': 6, 'deprel': 'nmod', 'lemma': 'הערכה'}]",
13,חוזק,NOUN,NOUN,12.0,compound:smixut,"(41, 45)",חוזק,,Definite=Cons|Gender=Masc|Number=Sing
"(14, 15)",הגזירה,,,,,"(46, 52)",,"[{'id': 14, 'text': 'ה', 'upos': 'DET', 'xpos': 'DET', 'feats': 'PronType=Art', 'head': 15, 'deprel': 'det:def', 'lemma': 'ה'}, {'id': 15, 'text': 'גזירה', 'upos': 'NOUN', 'xpos': 'NOUN', 'feats': 'Gender=Fem|Number=Sing', 'head': 13, 'deprel': 'compound:smixut', 'lemma': 'גזירה'}]",
16,של,ADP,ADP,17.0,case:gen,"(53, 55)",של,,Case=Gen
17,רכיבי,NOUN,NOUN,12.0,nmod:poss,"(56, 61)",רכיב,,Definite=Cons|Gender=Masc|Number=Plur
18,מבנה,NOUN,NOUN,17.0,compound:smixut,"(62, 66)",מבנה,,Gender=Masc|Number=Sing
"(19, 20)",שאינם,,,,,"(67, 72)",,"[{'id': 19, 'text': 'ש', 'upos': 'SCONJ', 'xpos': 'SCONJ', 'head': 21, 'deprel': 'mark', 'lemma': 'ש'}, {'id': 20, 'text': 'אינם', 'upos': 'AUX', 'xpos': 'AUX', 'feats': 'Gender=Masc|Number=Plur|Person=3|Polarity=Neg|VerbForm=Part|VerbType=Cop', 'head': 21, 'deprel': 'advmod', 'lemma': 'אינו'}]",
21,מכילים,VERB,VERB,17.0,acl:relcl,"(73, 79)",הכיל,,"Gender=Masc|HebBinyan=HIFIL|Number=Plur|Person=1,2,3|VerbForm=Part|Voice=Act"
22,זיון,NOUN,NOUN,21.0,obj,"(80, 84)",זיון,,Gender=Masc|Number=Sing
"(23, 25)",לגזירה,,,,,"(85, 91)",,"[{'id': 23, 'text': 'ל', 'upos': 'ADP', 'xpos': 'ADP', 'head': 25, 'deprel': 'case', 'lemma': 'ל'}, {'id': 24, 'text': 'ה_', 'upos': 'DET', 'xpos': 'DET', 'feats': 'PronType=Art', 'head': 25, 'deprel': 'det:def', 'lemma': 'ה'}, {'id': 25, 'text': 'גזירה', 'upos': 'NOUN', 'xpos': 'NOUN', 'feats': 'Gender=Fem|Number=Sing', 'head': 22, 'deprel': 'nmod', 'lemma': 'גזירה'}]",
26,מתאימה,VERB,VERB,4.0,ccomp,"(92, 98)",התאים,,"Gender=Fem|HebBinyan=HIFIL|Number=Sing|Person=1,2,3|VerbForm=Part|Voice=Act"
27,גם,ADV,ADV,28.0,advmod,"(99, 101)",גם,,
"(28, 29)",לקירות,,,,,"(102, 108)",,"[{'id': 28, 'text': 'ל', 'upos': 'ADP', 'xpos': 'ADP', 'head': 29, 'deprel': 'case', 'lemma': 'ל'}, {'id': 29, 'text': 'קירות', 'upos': 'NOUN', 'xpos': 'NOUN', 'feats': 'Definite=Cons|Gender=Masc|Number=Plur', 'head': 26, 'deprel': 'obl', 'lemma': 'קיר'}]",
"(30, 31)",ה ֶד ֶבּש,,,,,"(109, 117)",,"[{'id': 30, 'text': 'ה', 'upos': 'DET', 'xpos': 'DET', 'feats': 'PronType=Art', 'head': 29, 'deprel': 'compound:smixut', 'lemma': 'ה'}, {'id': 31, 'text': 'פחדפפלש', 'upos': 'PROPN', 'xpos': 'PROPN', 'head': 29, 'deprel': 'compound:smixut', 'lemma': 'פחדפפלש'}]",
32,(,PUNCT,PUNCT,38.0,punct,"(118, 119)",(,,
33,אשר,SCONJ,SCONJ,38.0,mark,"(119, 122)",אשר,,
"(34, 35)",בדרך,,,,,"(123, 127)",,"[{'id': 34, 'text': 'ב', 'upos': 'ADP', 'xpos': 'ADP', 'head': 38, 'deprel': 'advmod', 'lemma': 'ב'}, {'id': 35, 'text': 'דרך', 'upos': 'NOUN', 'xpos': 'NOUN', 'feats': 'Definite=Cons|Gender=Fem|Number=Sing', 'head': 34, 'deprel': 'fixed', 'lemma': 'דרך'}]",
36,כלל,NOUN,NOUN,34.0,fixed,"(128, 131)",כלל,,Gender=Masc|Number=Sing
37,אינם,AUX,AUX,38.0,advmod,"(132, 136)",אינו,,Gender=Masc|Number=Plur|Person=3|Polarity=Neg|VerbForm=Part|VerbType=Cop
38,מכילים,VERB,VERB,29.0,appos,"(137, 143)",הכיל,,Gender=Masc|Number=Plur
39,פלדת,NOUN,NOUN,38.0,obj,"(144, 148)",פלדה,,Definite=Cons|Gender=Fem|Number=Sing
40,זיון,NOUN,NOUN,39.0,compound:smixut,"(149, 153)",זיון,,Gender=Masc|Number=Sing
41,),PUNCT,PUNCT,38.0,punct,"(153, 154)",),,
1,בעוד,ADP,ADP,5.0,case,"(1, 5)",בעוד,,
"(2, 3)",שחוזק,,,,,"(6, 11)",,"[{'id': 2, 'text': 'ש', 'upos': 'SCONJ', 'xpos': 'SCONJ', 'head': 5, 'deprel': 'mark', 'lemma': 'ש'}, {'id': 3, 'text': 'חוזק', 'upos': 'NOUN', 'xpos': 'NOUN', 'feats': 'Gender=Masc|Number=Sing', 'head': 5, 'deprel': 'nsubj', 'lemma': 'חוזק'}]",
4,זה,PRON,PRON,3.0,det,"(12, 14)",זה,,Gender=Masc|Number=Sing|Person=3|PronType=Dem
5,מתאים,VERB,VERB,15.0,advcl,"(15, 20)",התאים,,"Gender=Masc|HebBinyan=HIFIL|Number=Sing|Person=1,2,3|VerbForm=Part|Voice=Act"
"(6, 7)",להערכת,,,,,"(21, 27)",,"[{'id': 6, 'text': 'ל', 'upos': 'ADP', 'xpos': 'ADP', 'head': 7, 'deprel': 'case', 'lemma': 'ל'}, {'id': 7, 'text': 'הערכת', 'upos': 'NOUN', 'xpos': 'NOUN', 'feats': 'Definite=Cons|Gender=Fem|Number=Sing', 'head': 5, 'deprel': 'obl', 'lemma': 'הערכה'}]",
"(8, 9)",התסבולת,,,,,"(28, 35)",,"[{'id': 8, 'text': 'ה', 'upos': 'DET', 'xpos': 'DET', 'feats': 'PronType=Art', 'head': 9, 'deprel': 'det:def', 'lemma': 'ה'}, {'id': 9, 'text': 'תסבולת', 'upos': 'NOUN', 'xpos': 'NOUN', 'feats': 'Gender=Fem|Number=Sing', 'head': 7, 'deprel': 'compound:smixut', 'lemma': 'תסבולת'}]",
"(10, 12)",לגזירה,,,,,"(36, 42)",,"[{'id': 10, 'text': 'ל', 'upos': 'ADP', 'xpos': 'ADP', 'head': 12, 'deprel': 'case', 'lemma': 'ל'}, {'id': 11, 'text': 'ה_', 'upos': 'DET', 'xpos': 'DET', 'feats': 'PronType=Art', 'head': 12, 'deprel': 'det:def', 'lemma': 'ה'}, {'id': 12, 'text': 'גזירה', 'upos': 'NOUN', 'xpos': 'NOUN', 'feats': 'Gender=Fem|Number=Sing', 'head': 7, 'deprel': 'nmod', 'lemma': 'גזירה'}]",
13,של,ADP,ADP,14.0,case:gen,"(43, 45)",של,,Case=Gen
"(14, 15)",קירות ֶד ֶבּש,,,,,"(46, 58)",,"[{'id': 14, 'text': 'קירותחד', 'upos': 'PROPN', 'xpos': 'PROPN', 'head': 12, 'deprel': 'nmod', 'lemma': 'קירותחד'}, {'id': 15, 'text': 'אדפלש', 'upos': 'VERB', 'xpos': 'VERB', 'feats': 'Xtra=Junk', 'head': 0, 'deprel': 'root', 'lemma': 'דפלש'}]",
"(16, 18)",יחסית,,,,,"(59, 64)",,"[{'id': 16, 'text': 'יחסית', 'upos': 'ADV', 'xpos': 'ADV', 'head': 15, 'deprel': 'advmod', 'lemma': 'יחסית'}, {'id': 17, 'text': 'את', 'upos': 'ADP', 'xpos': 'ADP', 'feats': 'Case=Acc', 'head': 18, 'deprel': 'case', 'lemma': 'את'}, {'id': 18, 'text': '_היא', 'upos': 'PRON', 'xpos': 'PRON', 'feats': 'Gender=Fem|Number=Sing|Person=3|PronType=Prs', 'head': 15, 'deprel': 'obj', 'lemma': 'הוא'}]",
19,תמירים,NOUN,NOUN,15.0,dep,"(65, 71)",תמיר,,Gender=Masc|HebSource=ConvUncertainHead|Number=Plur
20,(,PUNCT,PUNCT,32.0,punct,"(72, 73)",(,,
"(21, 23)",שהיחס,,,,,"(73, 78)",,"[{'id': 21, 'text': 'ש', 'upos': 'SCONJ', 'xpos': 'SCONJ', 'head': 32, 'deprel': 'mark', 'lemma': 'ש'}, {'id': 22, 'text': 'ה', 'upos': 'DET', 'xpos': 'DET', 'feats': 'PronType=Art', 'head': 23, 'deprel': 'det:def', 'lemma': 'ה'}, {'id': 23, 'text': 'יחס', 'upos': 'NOUN', 'xpos': 'NOUN', 'feats': 'Gender=Masc|Number=Sing', 'head': 32, 'deprel': 'nsubj', 'lemma': 'יחס'}]",
24,בין,ADP,ADP,25.0,case,"(79, 82)",בין,,
"(25, 27)",גובהם,,,,,"(83, 88)",,"[{'id': 25, 'text': 'גוב_', 'upos': 'NOUN', 'xpos': 'NOUN', 'feats': 'Definite=Def|Gender=Masc|Number=Sing', 'head': 23, 'deprel': 'nmod', 'lemma': 'גוב'}, {'id': 26, 'text': '_של_', 'upos': 'ADP', 'xpos': 'ADP', 'head': 27, 'deprel': 'case:gen', 'lemma': 'של'}, {'id': 27, 'text': '_הם', 'upos': 'PRON', 'xpos': 'PRON', 'feats': 'Case=Gen|Gender=Masc|Number=Plur|Person=3|PronType=Prs', 'head': 25, 'deprel': 'nmod:poss', 'lemma': 'הוא'}]",
"(28, 31)",לאורכם,,,,,"(89, 95)",,"[{'id': 28, 'text': 'ל', 'upos': 'ADP', 'xpos': 'ADP', 'head': 29, 'deprel': 'case', 'lemma': 'ל'}, {'id': 29, 'text': 'אורך_', 'upos': 'NOUN', 'xpos': 'NOUN', 'feats': 'Definite=Def|Gender=Masc|Number=Sing', 'head': 25, 'deprel': 'conj', 'lemma': 'אורך'}, {'id': 30, 'text': '_של_', 'upos': 'ADP', 'xpos': 'ADP', 'head': 31, 'deprel': 'case:gen', 'lemma': 'של'}, {'id': 31, 'text': '_הם', 'upos': 'PRON', 'xpos': 'PRON', 'feats': 'Case=Gen|Gender=Masc|Number=Plur|Person=3|PronType=Prs', 'head': 29, 'deprel': 'nmod:poss', 'lemma': 'הוא'}]",
32,גדול,ADJ,ADJ,19.0,acl:relcl,"(96, 100)",גדול,,Gender=Masc|Number=Sing
33,מ,ADP,ADP,36.0,case,"(101, 102)",מ,,
34,-,PUNCT,PUNCT,36.0,punct,"(102, 103)",-,,
35,~,PUNCT,PUNCT,36.0,punct,"(103, 104)",~,,
36,1,NUM,NUM,32.0,advmod,"(104, 105)",1,,
37,עד,ADP,ADP,38.0,case,"(106, 108)",עד,,
38,1,NUM,NUM,36.0,nummod,"(109, 110)",1,,
1,5,NUM,NUM,10.0,parataxis,"(0, 1)",5,,
2,),PUNCT,PUNCT,1.0,punct,"(1, 2)",),,
3,",",PUNCT,PUNCT,10.0,punct,"(2, 3)",",",,
4,הערכת,NOUN,NOUN,10.0,nsubj,"(4, 9)",הערכה,,Definite=Cons|Gender=Fem|Number=Sing
"(5, 6)",התסבולת,,,,,"(10, 17)",,"[{'id': 5, 'text': 'ה', 'upos': 'DET', 'xpos': 'DET', 'feats': 'PronType=Art', 'head': 6, 'deprel': 'det:def', 'lemma': 'ה'}, {'id': 6, 'text': 'תסבולת', 'upos': 'NOUN', 'xpos': 'NOUN', 'feats': 'Gender=Fem|Number=Sing', 'head': 4, 'deprel': 'compound:smixut', 'lemma': 'תסבולת'}]",
7,של,ADP,ADP,8.0,case:gen,"(18, 20)",של,,Case=Gen
8,קירות,NOUN,NOUN,4.0,nmod:poss,"(21, 26)",קיר,,Gender=Masc|Number=Plur
9,נמוכים,ADJ,ADJ,8.0,amod,"(27, 33)",נמוך,,Gender=Masc|Number=Plur
10,תתבסס,VERB,VERB,0.0,root,"(34, 39)",התבסס,,Gender=Fem|HebBinyan=HITPAEL|Number=Sing|Person=3|Tense=Fut
11,על,ADP,ADP,12.0,case,"(40, 42)",על,,
12,חוזק,NOUN,NOUN,10.0,obl,"(43, 47)",חוזק,,Definite=Cons|Gender=Masc|Number=Sing
"(13, 14)",המתיחה,,,,,"(48, 54)",,"[{'id': 13, 'text': 'ה', 'upos': 'DET', 'xpos': 'DET', 'feats': 'PronType=Art', 'head': 14, 'deprel': 'det:def', 'lemma': 'ה'}, {'id': 14, 'text': 'מתיחה', 'upos': 'NOUN', 'xpos': 'NOUN', 'feats': 'Gender=Fem|Number=Sing', 'head': 12, 'deprel': 'compound:smixut', 'lemma': 'מתיחה'}]",
15,של,ADP,ADP,17.0,case:gen,"(55, 57)",של,,Case=Gen
"(16, 17)",הבטון,,,,,"(58, 63)",,"[{'id': 16, 'text': 'ה', 'upos': 'DET', 'xpos': 'DET', 'feats': 'PronType=Art', 'head': 17, 'deprel': 'det:def', 'lemma': 'ה'}, {'id': 17, 'text': 'בטון', 'upos': 'NOUN', 'xpos': 'NOUN', 'feats': 'Gender=Masc|Number=Sing', 'head': 12, 'deprel': 'nmod:poss', 'lemma': 'בטון'}]",
1,ממצאי,NOUN,NOUN,4.0,nsubj,"(1, 6)",ממצא,,Definite=Cons|Gender=Masc|Number=Plur
2,מחקר,NOUN,NOUN,1.0,compound:smixut,"(7, 11)",מחקר,,Gender=Masc|Number=Sing
3,אלה,PRON,PRON,1.0,det,"(12, 15)",אלה,,Gender=Masc|Number=Plur|Person=3|PronType=Dem
4,יאפשרו,VERB,VERB,0.0,root,"(16, 22)",אפשר,,"Gender=Fem,Masc|HebBinyan=PIEL|Number=Plur|Person=3|Tense=Fut|Voice=Act"
"(5, 7)",למהנדסים,,,,,"(23, 31)",,"[{'id': 5, 'text': 'ל', 'upos': 'ADP', 'xpos': 'ADP', 'head': 7, 'deprel': 'case', 'lemma': 'ל'}, {'id': 6, 'text': 'ה_', 'upos': 'DET', 'xpos': 'DET', 'feats': 'PronType=Art', 'head': 7, 'deprel': 'det:def', 'lemma': 'ה'}, {'id': 7, 'text': 'מהנדסים', 'upos': 'NOUN', 'xpos': 'NOUN', 'feats': 'Gender=Masc|Number=Plur', 'head': 4, 'deprel': 'obl', 'lemma': 'מהנדס'}]",
8,להעריך,VERB,VERB,4.0,xcomp,"(32, 38)",העריך,,HebBinyan=HIFIL|VerbForm=Inf|Voice=Act
9,",",PUNCT,PUNCT,8.0,punct,"(38, 39)",",",,
10,לפי,ADP,ADP,11.0,case,"(40, 43)",לפי,,
11,חוזק,NOUN,NOUN,8.0,obl,"(44, 48)",חוזק,,Definite=Cons|Gender=Masc|Number=Sing
"(12, 13)",הלחיצה,,,,,"(49, 55)",,"[{'id': 12, 'text': 'ה', 'upos': 'DET', 'xpos': 'DET', 'feats': 'PronType=Art', 'head': 13, 'deprel': 'det:def', 'lemma': 'ה'}, {'id': 13, 'text': 'לחיצה', 'upos': 'NOUN', 'xpos': 'NOUN', 'feats': 'Gender=Fem|Number=Sing', 'head': 11, 'deprel': 'compound:smixut', 'lemma': 'לחיצה'}]",
14,של,ADP,ADP,15.0,case:gen,"(56, 58)",של,,Case=Gen
15,מדגם,NOUN,NOUN,11.0,nmod:poss,"(59, 63)",מדגם,,Gender=Masc|Number=Sing
"(16, 17)",שנלקח,,,,,"(64, 69)",,"[{'id': 16, 'text': 'ש', 'upos': 'SCONJ', 'xpos': 'SCONJ', 'head': 17, 'deprel': 'mark', 'lemma': 'ש'}, {'id': 17, 'text': 'נלקח', 'upos': 'VERB', 'xpos': 'VERB', 'feats': 'Gender=Masc|HebBinyan=NIFAL|Number=Sing|Person=3|Tense=Past|Voice=Mid', 'head': 15, 'deprel': 'acl:relcl', 'lemma': 'נלקח'}]",
"(18, 19)",מקיר,,,,,"(70, 74)",,"[{'id': 18, 'text': 'מ', 'upos': 'ADP', 'xpos': 'ADP', 'head': 19, 'deprel': 'case', 'lemma': 'מ'}, {'id': 19, 'text': 'קיר', 'upos': 'NOUN', 'xpos': 'NOUN', 'feats': 'Gender=Masc|Number=Sing', 'head': 17, 'deprel': 'obl', 'lemma': 'קיר'}]",
20,קיים,ADJ,ADJ,19.0,amod,"(75, 79)",קיים,,Gender=Masc|Number=Sing
21,",",PUNCT,PUNCT,8.0,punct,"(79, 80)",",",,
22,את,ADP,ADP,23.0,case:acc,"(81, 83)",את,,Case=Acc
23,תכונות,NOUN,NOUN,8.0,obj,"(84, 90)",תכונה,,Definite=Cons|Gender=Fem|Number=Plur
"(24, 25)",החומר,,,,,"(91, 96)",,"[{'id': 24, 'text': 'ה', 'upos': 'DET', 'xpos': 'DET', 'feats': 'PronType=Art', 'head': 25, 'deprel': 'det:def', 'lemma': 'ה'}, {'id': 25, 'text': 'חומר', 'upos': 'NOUN', 'xpos': 'NOUN', 'feats': 'Gender=Masc|Number=Sing', 'head': 23, 'deprel': 'compound:smixut', 'lemma': 'חומר'}]",
"(26, 27)",האחרות,,,,,"(97, 103)",,"[{'id': 26, 'text': 'ה', 'upos': 'DET', 'xpos': 'DET', 'feats': 'PronType=Art', 'head': 27, 'deprel': 'det:def', 'lemma': 'ה'}, {'id': 27, 'text': 'אחרות', 'upos': 'ADJ', 'xpos': 'ADJ', 'feats': 'Gender=Fem|Number=Plur', 'head': 23, 'deprel': 'amod', 'lemma': 'אחר'}]",
"(28, 29)",הנחוצות,,,,,"(104, 111)",,"[{'id': 28, 'text': 'ה', 'upos': 'SCONJ', 'xpos': 'SCONJ', 'head': 29, 'deprel': 'mark', 'lemma': 'ה'}, {'id': 29, 'text': 'נחוצות', 'upos': 'VERB', 'xpos': 'VERB', 'feats': 'Gender=Fem|HebBinyan=NIFAL|Number=Plur|Person=1,2,3|VerbForm=Part|Voice=Mid', 'head': 23, 'deprel': 'acl:relcl', 'lemma': 'נחץ'}]",
"(30, 31)",לתכנון,,,,,"(112, 118)",,"[{'id': 30, 'text': 'ל', 'upos': 'ADP', 'xpos': 'ADP', 'head': 31, 'deprel': 'case', 'lemma': 'ל'}, {'id': 31, 'text': 'תכנון', 'upos': 'NOUN', 'xpos': 'NOUN', 'feats': 'Definite=Cons|Gender=Masc|Number=Sing', 'head': 29, 'deprel': 'obl', 'lemma': 'תכנון'}]",
"(32, 34)",חיזוקו,,,,,"(119, 125)",,"[{'id': 32, 'text': 'חיזוק_', 'upos': 'NOUN', 'xpos': 'NOUN', 'feats': 'Definite=Def|Gender=Masc|Number=Sing', 'head': 31, 'deprel': 'compound:smixut', 'lemma': 'חיזוק'}, {'id': 33, 'text': '_של_', 'upos': 'ADP', 'xpos': 'ADP', 'head': 34, 'deprel': 'case:gen', 'lemma': 'של'}, {'id': 34, 'text': '_הוא', 'upos': 'PRON', 'xpos': 'PRON', 'feats': 'Case=Gen|Gender=Masc|Number=Sing|Person=3|PronType=Prs', 'head': 32, 'deprel': 'nmod:poss', 'lemma': 'הוא'}]",
