id,text,expanded,span,upos,xpos,feats,head,deprel,lemma
"(1, 3)",בלייה,"[{'id': 1, 'text': 'ב', 'upos': 'ADP', 'xpos': 'ADP', 'head': 3, 'deprel': 'case', 'lemma': 'ב'}, {'id': 2, 'text': 'ה_', 'upos': 'DET', 'xpos': 'DET', 'feats': 'PronType=Art', 'head': 3, 'deprel': 'det:def', 'lemma': 'ה'}, {'id': 3, 'text': 'לייה', 'upos': 'NOUN', 'xpos': 'NOUN', 'feats': 'Gender=Fem|Number=Sing', 'head': 22, 'deprel': 'obl', 'lemma': 'לייה'}]","(0, 5)",,,,,,
4,של,,"(6, 8)",ADP,ADP,Case=Gen,5.0,case:gen,של
5,בטון,,"(9, 13)",NOUN,NOUN,Gender=Masc|Number=Sing,3.0,nmod:poss,בטון
6,מזוין,,"(14, 19)",ADJ,ADJ,"Gender=Masc|HebBinyan=PUAL|Number=Sing|Person=1,2,3|VerbForm=Part|Voice=Pass",5.0,amod,מזוין
"(7, 8)",בתנאי,"[{'id': 7, 'text': 'ב', 'upos': 'ADP', 'xpos': 'ADP', 'head': 8, 'deprel': 'case', 'lemma': 'ב'}, {'id': 8, 'text': 'תנאי', 'upos': 'NOUN', 'xpos': 'NOUN', 'feats': 'Definite=Cons|Gender=Masc|Number=Plur', 'head': 5, 'deprel': 'nmod', 'lemma': 'תנאי'}]","(20, 25)",,,,,,
9,גשם,,"(26, 29)",NOUN,NOUN,Gender=Masc|Number=Sing,8.0,compound:smixut,גשם
10,חומצי,,"(30, 35)",ADJ,ADJ,Gender=Masc|Number=Sing,9.0,amod,חומצי
"(11, 12)",וקרינת,"[{'id': 11, 'text': 'ו', 'upos': 'CCONJ', 'xpos': 'CCONJ', 'head': 12, 'deprel': 'cc', 'lemma': 'ו'}, {'id': 12, 'text': 'קרינת', 'upos': 'NOUN', 'xpos': 'NOUN', 'feats': 'Definite=Cons|Gender=Fem|Number=Sing', 'head': 9, 'deprel': 'conj', 'lemma': 'קרינה'}]","(36, 42)",,,,,,
13,UV,,"(43, 45)",PROPN,PROPN,,12.0,compound:smixut,UV
"(14, 15)",בישראל,"[{'id': 14, 'text': 'ב', 'upos': 'ADP', 'xpos': 'ADP', 'head': 15, 'deprel': 'case', 'lemma': 'ב'}, {'id': 15, 'text': 'ישראל', 'upos': 'PROPN', 'xpos': 'PROPN', 'head': 8, 'deprel': 'nmod', 'lemma': 'ישראל'}]","(46, 52)",,,,,,
16,תקציר,,"(53, 58)",NOUN,NOUN,Gender=Masc|Number=Sing,22.0,dep,תקציר
"(17, 19)",בשנים,"[{'id': 17, 'text': 'ב', 'upos': 'ADP', 'xpos': 'ADP', 'head': 19, 'deprel': 'case', 'lemma': 'ב'}, {'id': 18, 'text': 'ה_', 'upos': 'DET', 'xpos': 'DET', 'feats': 'PronType=Art', 'head': 19, 'deprel': 'det:def', 'lemma': 'ה'}, {'id': 19, 'text': 'שנים', 'upos': 'NOUN', 'xpos': 'NOUN', 'feats': 'Gender=Fem|Number=Plur', 'head': 22, 'deprel': 'obl', 'lemma': 'שנה'}]","(59, 64)",,,,,,
"(20, 21)",האחרונות,"[{'id': 20, 'text': 'ה', 'upos': 'DET', 'xpos': 'DET', 'feats': 'PronType=Art', 'head': 21, 'deprel': 'det:def', 'lemma': 'ה'}, {'id': 21, 'text': 'אחרונות', 'upos': 'ADJ', 'xpos': 'ADJ', 'feats': 'Gender=Fem|Number=Plur', 'head': 19, 'deprel': 'amod', 'lemma': 'אחרון'}]","(65, 73)",,,,,,
22,גברה,,"(74, 78)",VERB,VERB,Gender=Fem|HebBinyan=PAAL|Number=Sing|Person=3|Tense=Past|Voice=Act,0.0,root,גבר
"(23, 24)",המודעות,"[{'id': 23, 'text': 'ה', 'upos': 'DET', 'xpos': 'DET', 'feats': 'PronType=Art', 'head': 24, 'deprel': 'det:def', 'lemma': 'ה'}, {'id': 24, 'text': 'מודעות', 'upos': 'NOUN', 'xpos': 'NOUN', 'feats': 'Gender=Fem|Number=Sing', 'head': 22, 'deprel': 'nsubj', 'lemma': 'מודעה'}]","(79, 86)",,,,,,
"(25, 26)",לצורך,"[{'id': 25, 'text': 'ל', 'upos': 'ADP', 'xpos': 'ADP', 'head': 26, 'deprel': 'case', 'lemma': 'ל'}, {'id': 26, 'text': 'צורך', 'upos': 'NOUN', 'xpos': 'NOUN', 'feats': 'Gender=Masc|Number=Sing', 'head': 24, 'deprel': 'nmod', 'lemma': 'צורך'}]","(87, 92)",,,,,,
27,לתכנן,,"(93, 98)",VERB,VERB,HebBinyan=PIEL|VerbForm=Inf|Voice=Act,26.0,acl,לתכנן
"(28, 29)",ולבצע,"[{'id': 28, 'text': 'ו', 'upos': 'CCONJ', 'xpos': 'CCONJ', 'head': 29, 'deprel': 'cc', 'lemma': 'ו'}, {'id': 29, 'text': 'לבצע', 'upos': 'VERB', 'xpos': 'VERB', 'feats': 'HebBinyan=PIEL|HebSource=ConvUncertainHead|VerbForm=Inf|Voice=Act', 'head': 27, 'deprel': 'conj', 'lemma': 'ביצע'}]","(99, 104)",,,,,,
30,מבנים,,"(105, 110)",NOUN,NOUN,Gender=Masc|Number=Plur,27.0,obj,מבנה
"(31, 32)",מבטון,"[{'id': 31, 'text': 'מ', 'upos': 'ADP', 'xpos': 'ADP', 'head': 32, 'deprel': 'case', 'lemma': 'מ'}, {'id': 32, 'text': 'בטון', 'upos': 'NOUN', 'xpos': 'NOUN', 'feats': 'Gender=Masc|Number=Sing', 'head': 30, 'deprel': 'nmod', 'lemma': 'בטון'}]","(111, 116)",,,,,,
33,מזוין,,"(117, 122)",ADJ,ADJ,Gender=Masc|Number=Sing,32.0,amod,מזוין
34,תוך,,"(123, 126)",ADP,ADP,,36.0,case,תוך
"(35, 36)",שמבטיחים,"[{'id': 35, 'text': 'ש', 'upos': 'SCONJ', 'xpos': 'SCONJ', 'head': 36, 'deprel': 'mark', 'lemma': 'ש'}, {'id': 36, 'text': 'מבטיחים', 'upos': 'VERB', 'xpos': 'VERB', 'feats': 'Gender=Masc|HebBinyan=HIFIL|Number=Plur|Person=1,2,3|VerbForm=Part|Voice=Act', 'head': 26, 'deprel': 'advcl', 'lemma': 'הבטיח'}]","(127, 135)",,,,,,
37,גם,,"(136, 138)",ADV,ADV,,39.0,det,גם
38,את,,"(139, 141)",ADP,ADP,Case=Acc,39.0,case:acc,את
"(39, 41)",תפקודם,"[{'id': 39, 'text': 'תפקוד_', 'upos': 'NOUN', 'xpos': 'NOUN', 'feats': 'Definite=Def|Gender=Masc|Number=Sing', 'head': 36, 'deprel': 'obj', 'lemma': 'תפקוד'}, {'id': 40, 'text': '_של_', 'upos': 'ADP', 'xpos': 'ADP', 'head': 41, 'deprel': 'case:gen', 'lemma': 'של'}, {'id': 41, 'text': '_הם', 'upos': 'PRON', 'xpos': 'PRON', 'feats': 'Case=Gen|Gender=Masc|Number=Plur|Person=3|PronType=Prs', 'head': 39, 'deprel': 'nmod:poss', 'lemma': 'הוא'}]","(142, 148)",,,,,,
"(42, 43)",לזמן,"[{'id': 42, 'text': 'ל', 'upos': 'ADP', 'xpos': 'ADP', 'head': 43, 'deprel': 'case', 'lemma': 'ל'}, {'id': 43, 'text': 'זמן', 'upos': 'NOUN', 'xpos': 'NOUN', 'feats': 'Gender=Masc|Number=Sing', 'head': 39, 'deprel': 'nmod', 'lemma': 'זמן'}]","(149, 153)",,,,,,
44,ארוך,,"(154, 158)",ADJ,ADJ,Gender=Masc|Number=Sing,43.0,amod,ארוך
45,",",,"(158, 159)",PUNCT,PUNCT,,36.0,punct,","
46,בעיקר,,"(160, 165)",ADV,ADV,,47.0,advmod,בעיקר
"(47, 49)",בהיבטים,"[{'id': 47, 'text': 'ב', 'upos': 'ADP', 'xpos': 'ADP', 'head': 49, 'deprel': 'case', 'lemma': 'ב'}, {'id': 48, 'text': 'ה_', 'upos': 'DET', 'xpos': 'DET', 'feats': 'PronType=Art', 'head': 49, 'deprel': 'det:def', 'lemma': 'ה'}, {'id': 49, 'text': 'היבטים', 'upos': 'NOUN', 'xpos': 'NOUN', 'feats': 'Gender=Masc|Number=Plur', 'head': 36, 'deprel': 'obl', 'lemma': 'היבט'}]","(166, 173)",,,,,,
"(50, 51)",הקשורים,"[{'id': 50, 'text': 'ה', 'upos': 'SCONJ', 'xpos': 'SCONJ', 'head': 51, 'deprel': 'mark', 'lemma': 'ה'}, {'id': 51, 'text': 'קשורים', 'upos': 'VERB', 'xpos': 'VERB', 'feats': 'Gender=Masc|HebBinyan=PAAL|Number=Plur|Person=1,2,3|VerbForm=Part|Voice=Act', 'head': 49, 'deprel': 'acl:relcl', 'lemma': 'קשר'}]","(174, 181)",,,,,,
"(52, 53)",לקורוזיה,"[{'id': 52, 'text': 'ל', 'upos': 'ADP', 'xpos': 'ADP', 'head': 53, 'deprel': 'case', 'lemma': 'ל'}, {'id': 53, 'text': 'קורוזיה', 'upos': 'NOUN', 'xpos': 'NOUN', 'feats': 'Gender=Fem|Number=Sing', 'head': 51, 'deprel': 'obl', 'lemma': 'קורוזיה'}]","(182, 190)",,,,,,
54,של,,"(191, 193)",ADP,ADP,Case=Gen,56.0,case:gen,של
"(55, 56)",הפלדה,"[{'id': 55, 'text': 'ה', 'upos': 'DET', 'xpos': 'DET', 'feats': 'PronType=Art', 'head': 56, 'deprel': 'det:def', 'lemma': 'ה'}, {'id': 56, 'text': 'פלדה', 'upos': 'NOUN', 'xpos': 'NOUN', 'feats': 'Gender=Fem|Number=Sing', 'head': 53, 'deprel': 'nmod:poss', 'lemma': 'פלדה'}]","(194, 199)",,,,,,
"(57, 58)",בבטון,"[{'id': 57, 'text': 'ב', 'upos': 'ADP', 'xpos': 'ADP', 'head': 58, 'deprel': 'case', 'lemma': 'ב'}, {'id': 58, 'text': 'בטון', 'upos': 'NOUN', 'xpos': 'NOUN', 'feats': 'Gender=Masc|Number=Sing', 'head': 56, 'deprel': 'nmod', 'lemma': 'בטון'}]","(200, 205)",,,,,,
59,אשר,,"(206, 209)",SCONJ,SCONJ,,60.0,mark,אשר
60,נחשבת,,"(210, 215)",VERB,VERB,"Gender=Fem|HebBinyan=NIFAL|Number=Sing|Person=1,2,3|VerbForm=Part|Voice=Mid",56.0,acl:relcl,נחשב
61,כיום,,"(216, 220)",ADV,ADV,,60.0,advmod,כיום
"(62, 64)","כ""בעיה","[{'id': 62, 'text': 'כ', 'upos': 'ADP', 'xpos': 'ADP', 'head': 64, 'deprel': 'case', 'lemma': 'כ'}, {'id': 63, 'text': '""', 'upos': 'PUNCT', 'xpos': 'PUNCT', 'head': 64, 'deprel': 'punct', 'lemma': '""'}, {'id': 64, 'text': 'בעיה', 'upos': 'NOUN', 'xpos': 'NOUN', 'feats': 'Gender=Fem|Number=Sing', 'head': 60, 'deprel': 'obl', 'lemma': 'בעיה'}]","(221, 227)",,,,,,
65,מס',,"(228, 231)",NUM,NUM,HebSource=ConvUncertainLabel,64.0,amod,מס'
66,1,,"(232, 233)",NUM,NUM,,65.0,compound:smixut,1
67,"""",,"(233, 234)",PUNCT,PUNCT,,64.0,punct,""""
"(68, 69)",בקיים,"[{'id': 68, 'text': 'ב', 'upos': 'ADP', 'xpos': 'ADP', 'head': 69, 'deprel': 'case', 'lemma': 'ב'}, {'id': 69, 'text': 'קיים', 'upos': 'NOUN', 'xpos': 'NOUN', 'feats': 'Gender=Masc|Number=Sing', 'head': 64, 'deprel': 'nmod', 'lemma': 'קיים'}]","(235, 240)",,,,,,
70,של,,"(241, 243)",ADP,ADP,Case=Gen,71.0,case:gen,של
71,מערכות,,"(244, 250)",NOUN,NOUN,Definite=Cons|Gender=Fem|Number=Plur,69.0,nmod:poss,מערכת
72,בטון,,"(251, 255)",NOUN,NOUN,Gender=Masc|Number=Sing,71.0,compound:smixut,בטון
73,מזוין,,"(256, 261)",ADJ,ADJ,"Gender=Masc|HebBinyan=PUAL|Number=Sing|Person=1,2,3|VerbForm=Part|Voice=Pass",72.0,amod,מזוין
"(74, 76)",בעולם,"[{'id': 74, 'text': 'ב', 'upos': 'ADP', 'xpos': 'ADP', 'head': 76, 'deprel': 'case', 'lemma': 'ב'}, {'id': 75, 'text': 'ה_', 'upos': 'DET', 'xpos': 'DET', 'feats': 'PronType=Art', 'head': 76, 'deprel': 'det:def', 'lemma': 'ה'}, {'id': 76, 'text': 'עולם', 'upos': 'NOUN', 'xpos': 'NOUN', 'feats': 'Gender=Masc|Number=Sing', 'head': 71, 'deprel': 'nmod', 'lemma': 'עולם'}]","(262, 267)",,,,,,
"(1, 2)",הגורמים,"[{'id': 1, 'text': 'ה', 'upos': 'DET', 'xpos': 'DET', 'feats': 'PronType=Art', 'head': 2, 'deprel': 'det:def', 'lemma': 'ה'}, {'id': 2, 'text': 'גורמים', 'upos': 'NOUN', 'xpos': 'NOUN', 'feats': 'Gender=Masc|Number=Plur', 'head': 10, 'deprel': 'nsubj:cop', 'lemma': 'גורם'}]","(1, 8)",,,,,,
"(3, 4)",העיקריים,"[{'id': 3, 'text': 'ה', 'upos': 'DET', 'xpos': 'DET', 'feats': 'PronType=Art', 'head': 4, 'deprel': 'det:def', 'lemma': 'ה'}, {'id': 4, 'text': 'עיקריים', 'upos': 'ADJ', 'xpos': 'ADJ', 'feats': 'Gender=Masc|Number=Plur', 'head': 2, 'deprel': 'amod', 'lemma': 'עיקרי'}]","(9, 17)",,,,,,
"(5, 7)",לבעיות,"[{'id': 5, 'text': 'ל', 'upos': 'ADP', 'xpos': 'ADP', 'head': 7, 'deprel': 'case', 'lemma': 'ל'}, {'id': 6, 'text': 'ה_', 'upos': 'DET', 'xpos': 'DET', 'feats': 'PronType=Art', 'head': 7, 'deprel': 'det:def', 'lemma': 'ה'}, {'id': 7, 'text': 'בעיות', 'upos': 'NOUN', 'xpos': 'NOUN', 'feats': 'Gender=Fem|Number=Plur', 'head': 2, 'deprel': 'nmod', 'lemma': 'בעיה'}]","(18, 24)",,,,,,
8,אלה,,"(25, 28)",PRON,PRON,Gender=Masc|Number=Plur|Person=3|PronType=Dem,7.0,det,אלה
9,הן,,"(29, 31)",AUX,AUX,Gender=Fem|Number=Plur|Person=3|Polarity=Pos|VerbForm=Part|VerbType=Cop,10.0,cop,הוא
10,חדירת,,"(32, 37)",NOUN,NOUN,Gender=Fem|Number=Sing,0.0,root,חדירה
"(11, 12)",כלורידים,"[{'id': 11, 'text': 'כ', 'upos': 'ADP', 'xpos': 'ADP', 'head': 12, 'deprel': 'case', 'lemma': 'כ'}, {'id': 12, 'text': 'לורידים', 'upos': 'NOUN', 'xpos': 'NOUN', 'feats': 'Gender=Masc|Number=Plur', 'head': 10, 'deprel': 'nmod', 'lemma': 'לוריד'}]","(38, 46)",,,,,,
"(13, 14)",וקרבונציה,"[{'id': 13, 'text': 'ו', 'upos': 'CCONJ', 'xpos': 'CCONJ', 'head': 14, 'deprel': 'cc', 'lemma': 'ו'}, {'id': 14, 'text': 'קרבונציה', 'upos': 'NOUN', 'xpos': 'NOUN', 'feats': 'Gender=Fem|Number=Sing', 'head': 10, 'deprel': 'conj', 'lemma': 'קרבונציה'}]","(47, 56)",,,,,,
"(1, 2)",המחקרים,"[{'id': 1, 'text': 'ה', 'upos': 'DET', 'xpos': 'DET', 'feats': 'PronType=Art', 'head': 2, 'deprel': 'det:def', 'lemma': 'ה'}, {'id': 2, 'text': 'מחקרים', 'upos': 'NOUN', 'xpos': 'NOUN', 'feats': 'Gender=Masc|Number=Plur', 'head': 32, 'deprel': 'nsubj', 'lemma': 'מחקר'}]","(1, 8)",,,,,,
"(3, 4)",שבוצעו,"[{'id': 3, 'text': 'ש', 'upos': 'SCONJ', 'xpos': 'SCONJ', 'head': 4, 'deprel': 'mark', 'lemma': 'ש'}, {'id': 4, 'text': 'בוצעו', 'upos': 'VERB', 'xpos': 'VERB', 'feats': 'Gender=Fem,Masc|HebBinyan=PUAL|Number=Plur|Person=3|Tense=Past|Voice=Pass', 'head': 2, 'deprel': 'acl:relcl', 'lemma': 'בוצע'}]","(9, 15)",,,,,,
"(5, 7)",בעבר,"[{'id': 5, 'text': 'ב', 'upos': 'ADP', 'xpos': 'ADP', 'head': 7, 'deprel': 'case', 'lemma': 'ב'}, {'id': 6, 'text': 'ה_', 'upos': 'DET', 'xpos': 'DET', 'feats': 'PronType=Art', 'head': 7, 'deprel': 'det:def', 'lemma': 'ה'}, {'id': 7, 'text': 'עבר', 'upos': 'NOUN', 'xpos': 'NOUN', 'feats': 'Gender=Masc|Number=Sing', 'head': 4, 'deprel': 'obl', 'lemma': 'עבר'}]","(16, 20)",,,,,,
"(8, 9)",בנושא,"[{'id': 8, 'text': 'ב', 'upos': 'ADP', 'xpos': 'ADP', 'head': 9, 'deprel': 'case', 'lemma': 'ב'}, {'id': 9, 'text': 'נושא', 'upos': 'NOUN', 'xpos': 'NOUN', 'feats': 'Gender=Masc|Number=Sing', 'head': 4, 'deprel': 'obl', 'lemma': 'נושא'}]","(21, 26)",,,,,,
10,קיים,,"(27, 31)",VERB,VERB,Definite=Cons|Gender=Masc|Number=Sing,9.0,compound:smixut,קיים
"(11, 12)",הבטונים,"[{'id': 11, 'text': 'ה', 'upos': 'DET', 'xpos': 'DET', 'feats': 'PronType=Art', 'head': 12, 'deprel': 'det:def', 'lemma': 'ה'}, {'id': 12, 'text': 'בטונים', 'upos': 'NOUN', 'xpos': 'NOUN', 'feats': 'Gender=Masc|Number=Plur', 'head': 10, 'deprel': 'nsubj', 'lemma': 'ביטון'}]","(32, 39)",,,,,,
"(13, 14)",בהשפעת,"[{'id': 13, 'text': 'ב', 'upos': 'ADP', 'xpos': 'ADP', 'head': 14, 'deprel': 'case', 'lemma': 'ב'}, {'id': 14, 'text': 'השפעת', 'upos': 'NOUN', 'xpos': 'NOUN', 'feats': 'Definite=Cons|Gender=Fem|Number=Sing', 'head': 4, 'deprel': 'obl', 'lemma': 'השפעה'}]","(40, 46)",,,,,,
15,שינוי,,"(47, 52)",NOUN,NOUN,Definite=Cons|Gender=Masc|Number=Sing,14.0,compound:smixut,שינוי
"(16, 17)",הרטיבות,"[{'id': 16, 'text': 'ה', 'upos': 'DET', 'xpos': 'DET', 'feats': 'PronType=Art', 'head': 17, 'deprel': 'det:def', 'lemma': 'ה'}, {'id': 17, 'text': 'רטיבות', 'upos': 'NOUN', 'xpos': 'NOUN', 'feats': 'Gender=Fem|Number=Plur', 'head': 15, 'deprel': 'compound:smixut', 'lemma': 'רטיבות'}]","(53, 60)",,,,,,
"(18, 19)",כתוצאה,"[{'id': 18, 'text': 'כ', 'upos': 'ADP', 'xpos': 'ADP', 'head': 19, 'deprel': 'case', 'lemma': 'כ'}, {'id': 19, 'text': 'תוצאה', 'upos': 'NOUN', 'xpos': 'NOUN', 'feats': 'Gender=Fem|Number=Sing', 'head': 15, 'deprel': 'nmod', 'lemma': 'תוצאה'}]","(61, 67)",,,,,,
"(20, 21)",מהרטבת,"[{'id': 20, 'text': 'מ', 'upos': 'ADP', 'xpos': 'ADP', 'head': 21, 'deprel': 'case', 'lemma': 'מ'}, {'id': 21, 'text': 'הרטבת', 'upos': 'NOUN', 'xpos': 'NOUN', 'feats': 'Definite=Cons|Gender=Fem|Number=Sing', 'head': 19, 'deprel': 'nmod', 'lemma': 'הרטבה'}]","(68, 74)",,,,,,
"(22, 23)",הבטון,"[{'id': 22, 'text': 'ה', 'upos': 'DET', 'xpos': 'DET', 'feats': 'PronType=Art', 'head': 23, 'deprel': 'det:def', 'lemma': 'ה'}, {'id': 23, 'text': 'בטון', 'upos': 'NOUN', 'xpos': 'NOUN', 'feats': 'Gender=Masc|Number=Sing', 'head': 21, 'deprel': 'compound:smixut', 'lemma': 'בטון'}]","(75, 80)",,,,,,
"(24, 26)",בגשם,"[{'id': 24, 'text': 'ב', 'upos': 'ADP', 'xpos': 'ADP', 'head': 26, 'deprel': 'case', 'lemma': 'ב'}, {'id': 25, 'text': 'ה_', 'upos': 'DET', 'xpos': 'DET', 'feats': 'PronType=Art', 'head': 26, 'deprel': 'det:def', 'lemma': 'ה'}, {'id': 26, 'text': 'גשם', 'upos': 'NOUN', 'xpos': 'NOUN', 'feats': 'Gender=Masc|Number=Sing', 'head': 21, 'deprel': 'nmod', 'lemma': 'גשם'}]","(81, 85)",,,,,,
"(27, 28)",וייבוש,"[{'id': 27, 'text': 'ו', 'upos': 'CCONJ', 'xpos': 'CCONJ', 'head': 28, 'deprel': 'cc', 'lemma': 'ו'}, {'id': 28, 'text': 'ייבוש', 'upos': 'NOUN', 'xpos': 'NOUN', 'feats': 'Gender=Masc|Number=Sing', 'head': 21, 'deprel': 'conj', 'lemma': 'ייבוש'}]","(86, 92)",,,,,,
"(29, 30)",בשמש,"[{'id': 29, 'text': 'ב', 'upos': 'ADP', 'xpos': 'ADP', 'head': 30, 'deprel': 'case', 'lemma': 'ב'}, {'id': 30, 'text': 'שמש', 'upos': 'NOUN', 'xpos': 'NOUN', 'feats': 'Gender=Fem|Number=Sing', 'head': 28, 'deprel': 'nmod', 'lemma': 'שמש'}]","(93, 97)",,,,,,
31,",",,"(97, 98)",PUNCT,PUNCT,,32.0,punct,","
32,יצאו,,"(99, 103)",VERB,VERB,"Gender=Fem,Masc|Number=Plur|Person=3|Tense=Past",0.0,root,יצא
"(33, 35)",מההנחה,"[{'id': 33, 'text': 'מ', 'upos': 'ADP', 'xpos': 'ADP', 'head': 35, 'deprel': 'case', 'lemma': 'מ'}, {'id': 34, 'text': 'ה', 'upos': 'DET', 'xpos': 'DET', 'feats': 'PronType=Art', 'head': 35, 'deprel': 'det:def', 'lemma': 'ה'}, {'id': 35, 'text': 'הנחה', 'upos': 'NOUN', 'xpos': 'NOUN', 'feats': 'Gender=Fem|Number=Sing', 'head': 32, 'deprel': 'obl', 'lemma': 'הנחה'}]","(104, 110)",,,,,,
"(36, 37)",שמי,"[{'id': 36, 'text': 'ש', 'upos': 'SCONJ', 'xpos': 'SCONJ', 'head': 39, 'deprel': 'mark', 'lemma': 'ש'}, {'id': 37, 'text': 'מי', 'upos': 'ADV', 'xpos': 'ADV', 'feats': 'Definite=Cons|Gender=Masc|Number=Plur', 'head': 39, 'deprel': 'nsubj', 'lemma': 'מי'}]","(111, 114)",,,,,,
38,גשמים,,"(115, 120)",NOUN,NOUN,Gender=Masc|Number=Plur,37.0,compound:smixut,גשם
39,מאופיינים,,"(121, 130)",VERB,VERB,"Gender=Masc|HebBinyan=PUAL|Number=Plur|Person=1,2,3|VerbForm=Part|Voice=Pass",35.0,acl:relcl,אופיין
"(40, 41)",בערך,"[{'id': 40, 'text': 'ב', 'upos': 'ADP', 'xpos': 'ADP', 'head': 41, 'deprel': 'case', 'lemma': 'ב'}, {'id': 41, 'text': 'ערך', 'upos': 'NOUN', 'xpos': 'NOUN', 'feats': 'Definite=Cons|Gender=Masc|Number=Sing', 'head': 39, 'deprel': 'obl', 'lemma': 'ערך'}]","(131, 135)",,,,,,
"(42, 43)",הגבה,"[{'id': 42, 'text': 'ה', 'upos': 'DET', 'xpos': 'DET', 'feats': 'PronType=Art', 'head': 43, 'deprel': 'det:def', 'lemma': 'ה'}, {'id': 43, 'text': 'גבה', 'upos': 'NOUN', 'xpos': 'NOUN', 'feats': 'Gender=Masc|Number=Sing', 'head': 41, 'deprel': 'compound:smixut', 'lemma': 'גבה'}]","(136, 140)",,,,,,
44,",",,"(140, 141)",PUNCT,PUNCT,,41.0,punct,","
45,pH,,"(142, 144)",NOUN,NOUN,HebSource=ConvUncertainHead,41.0,appos,pH
46,",",,"(144, 145)",PUNCT,PUNCT,,41.0,punct,","
47,אחיד,,"(146, 150)",ADJ,ADJ,Gender=Masc|Number=Sing,41.0,amod,אחיד
"(48, 49)",בכל,"[{'id': 48, 'text': 'ב', 'upos': 'ADP', 'xpos': 'ADP', 'head': 51, 'deprel': 'case', 'lemma': 'ב'}, {'id': 49, 'text': 'כל', 'upos': 'DET', 'xpos': 'DET', 'feats': 'Definite=Cons', 'head': 51, 'deprel': 'det', 'lemma': 'כול'}]","(151, 154)",,,,,,
"(50, 51)",העולם,"[{'id': 50, 'text': 'ה', 'upos': 'DET', 'xpos': 'DET', 'feats': 'PronType=Art', 'head': 51, 'deprel': 'det:def', 'lemma': 'ה'}, {'id': 51, 'text': 'עולם', 'upos': 'NOUN', 'xpos': 'NOUN', 'feats': 'Gender=Masc|Number=Sing', 'head': 47, 'deprel': 'advmod', 'lemma': 'עולם'}]","(155, 160)",,,,,,
52,",",,"(160, 161)",PUNCT,PUNCT,,41.0,punct,","
53,של,,"(162, 164)",ADP,ADP,Case=Gen,54.0,case:gen,של
54,7,,"(165, 166)",NUM,NUM,,41.0,nmod,7
1,0,,"(0, 1)",NUM,NUM,,0.0,root,0
2,=,,"(2, 3)",PUNCT,PUNCT,,1.0,punct,=
3,pH,,"(4, 6)",NOUN,NOUN,Definite=Cons|Gender=Masc|HebSource=ConvUncertainHead|Number=Sing,1.0,dep,pH
1,לעומת,,"(1, 6)",ADP,ADP,,2.0,case,לעומת
2,זאת,,"(7, 10)",PRON,PRON,Gender=Fem|Number=Sing|Person=3|PronType=Dem,10.0,obl,זאת
3,",",,"(10, 11)",PUNCT,PUNCT,,10.0,punct,","
4,מחקרים,,"(12, 18)",NOUN,NOUN,Gender=Masc|Number=Plur,10.0,nsubj,מחקר
5,רבים,,"(19, 23)",ADJ,ADJ,Gender=Masc|Number=Plur,4.0,amod,רב
"(6, 7)",בתחום,"[{'id': 6, 'text': 'ב', 'upos': 'ADP', 'xpos': 'ADP', 'head': 7, 'deprel': 'case', 'lemma': 'ב'}, {'id': 7, 'text': 'תחום', 'upos': 'NOUN', 'xpos': 'NOUN', 'feats': 'Definite=Cons|Gender=Masc|Number=Sing', 'head': 4, 'deprel': 'nmod', 'lemma': 'תחום'}]","(24, 29)",,,,,,
"(8, 9)",האקולוגיה,"[{'id': 8, 'text': 'ה', 'upos': 'DET', 'xpos': 'DET', 'feats': 'PronType=Art', 'head': 9, 'deprel': 'det:def', 'lemma': 'ה'}, {'id': 9, 'text': 'אקולוגיה', 'upos': 'NOUN', 'xpos': 'NOUN', 'feats': 'Gender=Fem|Number=Sing', 'head': 7, 'deprel': 'compound:smixut', 'lemma': 'אקולוגיה'}]","(30, 39)",,,,,,
10,הוכיחו,,"(40, 46)",VERB,VERB,"Gender=Fem,Masc|HebBinyan=HIFIL|Number=Plur|Person=3|Tense=Past|Voice=Act",0.0,root,הוכיח
"(11, 13)",שלמי,"[{'id': 11, 'text': 'ש', 'upos': 'SCONJ', 'xpos': 'SCONJ', 'head': 13, 'deprel': 'mark', 'lemma': 'ש'}, {'id': 12, 'text': 'ל', 'upos': 'ADP', 'xpos': 'ADP', 'head': 13, 'deprel': 'case', 'lemma': 'ל'}, {'id': 13, 'text': 'מי', 'upos': 'NOUN', 'xpos': 'NOUN', 'feats': 'Definite=Cons|Gender=Masc|Number=Plur', 'head': 10, 'deprel': 'ccomp', 'lemma': 'מים'}]","(47, 51)",,,,,,
"(14, 15)",הגשמים,"[{'id': 14, 'text': 'ה', 'upos': 'DET', 'xpos': 'DET', 'feats': 'PronType=Art', 'head': 15, 'deprel': 'det:def', 'lemma': 'ה'}, {'id': 15, 'text': 'גשמים', 'upos': 'NOUN', 'xpos': 'NOUN', 'feats': 'Gender=Masc|Number=Plur', 'head': 13, 'deprel': 'compound:smixut', 'lemma': 'גשם'}]","(52, 58)",,,,,,
16,חומציות,,"(59, 66)",NOUN,NOUN,Gender=Fem|Number=Plur,13.0,nsubj,חומציה
17,טבעית,,"(67, 72)",ADJ,ADJ,Gender=Fem|Number=Sing,16.0,amod,טבעי
18,אשר,,"(73, 76)",SCONJ,SCONJ,,20.0,mark,אשר
19,אינה,,"(77, 81)",AUX,AUX,Gender=Fem|Number=Sing|Person=3|Polarity=Neg|VerbForm=Part|VerbType=Cop,20.0,advmod,אינו
20,זהה,,"(82, 85)",ADJ,ADJ,Gender=Fem|Number=Sing,16.0,acl:relcl,זהה
"(21, 22)",בכל,"[{'id': 21, 'text': 'ב', 'upos': 'ADP', 'xpos': 'ADP', 'head': 23, 'deprel': 'case', 'lemma': 'ב'}, {'id': 22, 'text': 'כל', 'upos': 'DET', 'xpos': 'DET', 'feats': 'Definite=Cons', 'head': 23, 'deprel': 'det', 'lemma': 'כול'}]","(86, 89)",,,,,,
23,מקום,,"(90, 94)",NOUN,NOUN,Gender=Masc|Number=Sing,20.0,obl,מקום
"(24, 26)",בעולם,"[{'id': 24, 'text': 'ב', 'upos': 'ADP', 'xpos': 'ADP', 'head': 26, 'deprel': 'case', 'lemma': 'ב'}, {'id': 25, 'text': 'ה_', 'upos': 'DET', 'xpos': 'DET', 'feats': 'PronType=Art', 'head': 26, 'deprel': 'det:def', 'lemma': 'ה'}, {'id': 26, 'text': 'עולם', 'upos': 'NOUN', 'xpos': 'NOUN', 'feats': 'Gender=Masc|Number=Sing', 'head': 23, 'deprel': 'nmod', 'lemma': 'עולם'}]","(95, 100)",,,,,,
1,מקור,,"(1, 5)",NOUN,NOUN,Definite=Cons|Gender=Masc|Number=Sing,7.0,nsubj:cop,מקור
"(2, 3)",החומציות,"[{'id': 2, 'text': 'ה', 'upos': 'DET', 'xpos': 'DET', 'feats': 'PronType=Art', 'head': 3, 'deprel': 'det:def', 'lemma': 'ה'}, {'id': 3, 'text': 'חומציות', 'upos': 'NOUN', 'xpos': 'NOUN', 'feats': 'Gender=Fem|Number=Plur', 'head': 1, 'deprel': 'compound:smixut', 'lemma': 'חומציה'}]","(6, 14)",,,,,,
4,הוא,,"(15, 18)",AUX,AUX,Gender=Masc|Number=Sing|Person=3|Polarity=Pos|VerbForm=Part|VerbType=Cop,7.0,cop,הוא
"(5, 6)",בשני,"[{'id': 5, 'text': 'ב', 'upos': 'ADP', 'xpos': 'ADP', 'head': 7, 'deprel': 'case', 'lemma': 'ב'}, {'id': 6, 'text': 'שני', 'upos': 'NUM', 'xpos': 'NUM', 'feats': 'Definite=Cons|Gender=Masc|Number=Plur', 'head': 7, 'deprel': 'nummod', 'lemma': 'שני'}]","(19, 23)",,,,,,
7,גורמים,,"(24, 30)",NOUN,NOUN,Gender=Masc|Number=Plur,0.0,root,גורם
8,עיקריים,,"(31, 38)",ADJ,ADJ,Gender=Masc|Number=Plur,7.0,amod,עיקרי
9,",",,"(38, 39)",PUNCT,PUNCT,,7.0,punct,","
10,אשר,,"(40, 43)",SCONJ,SCONJ,,11.0,mark,אשר
11,יש,,"(44, 46)",VERB,VERB,HebExistential=True,7.0,acl:relcl,יש
12,צורך,,"(47, 51)",NOUN,NOUN,Gender=Masc|Number=Sing,11.0,nsubj,צורך
13,לעשות,,"(52, 57)",VERB,VERB,HebBinyan=PAAL|VerbForm=Inf|Voice=Act,12.0,acl,עשה
14,הפרדה,,"(58, 63)",NOUN,NOUN,Gender=Fem|Number=Sing,13.0,obj,הפרדה
"(15, 16)",ביניהם,"[{'id': 15, 'text': 'בין_', 'upos': 'ADP', 'xpos': 'ADP', 'head': 16, 'deprel': 'case', 'lemma': 'בין'}, {'id': 16, 'text': '_הם', 'upos': 'PRON', 'xpos': 'PRON', 'feats': 'Gender=Masc|Number=Plur|Person=3|PronType=Prs', 'head': 14, 'deprel': 'nmod', 'lemma': 'הוא'}]","(64, 70)",,,,,,
17,:,,"(70, 71)",PUNCT,PUNCT,,7.0,punct,:
18,(,,"(72, 73)",PUNCT,PUNCT,,19.0,punct,(
19,א,,"(73, 74)",PROPN,PROPN,,7.0,appos,א
20,),,"(74, 75)",PUNCT,PUNCT,,19.0,punct,)
21,התמוססות,,"(76, 84)",NOUN,NOUN,Gender=Fem|HebSource=ConvUncertainHead|Number=Sing,19.0,dep,התמוססות
22,של,,"(85, 87)",ADP,ADP,Case=Gen,25.0,case:gen,של
23,דו,,"(88, 90)",ADV,ADV,HebSource=ConvUncertainHead|Prefix=Yes,25.0,compound:affix,דו
24,-,,"(90, 91)",PUNCT,PUNCT,,25.0,punct,-
25,תחמוצת,,"(91, 97)",NOUN,NOUN,Definite=Cons|Gender=Fem|Number=Sing,21.0,nmod,תחמוצת
26,פחמן,,"(98, 102)",NOUN,NOUN,Gender=Masc|Number=Sing,25.0,compound:smixut,פחמן
27,",",,"(102, 103)",PUNCT,PUNCT,,25.0,punct,","
28,CO2,,"(104, 107)",PROPN,PROPN,,25.0,appos,CO2
29,",",,"(107, 108)",PUNCT,PUNCT,,21.0,punct,","
"(30, 32)",במים,"[{'id': 30, 'text': 'ב', 'upos': 'ADP', 'xpos': 'ADP', 'head': 32, 'deprel': 'case', 'lemma': 'ב'}, {'id': 31, 'text': 'ה_', 'upos': 'DET', 'xpos': 'DET', 'feats': 'PronType=Art', 'head': 32, 'deprel': 'det:def', 'lemma': 'ה'}, {'id': 32, 'text': 'מים', 'upos': 'NOUN', 'xpos': 'NOUN', 'feats': 'Gender=Masc|Number=Plur', 'head': 21, 'deprel': 'nmod', 'lemma': 'מים'}]","(109, 113)",,,,,,
33,",",,"(113, 114)",PUNCT,PUNCT,,21.0,punct,","
34,תהליך,,"(115, 120)",NOUN,NOUN,Gender=Masc|Number=Sing,21.0,appos,תהליך
"(35, 36)",שגורם,"[{'id': 35, 'text': 'ש', 'upos': 'SCONJ', 'xpos': 'SCONJ', 'head': 36, 'deprel': 'mark', 'lemma': 'ש'}, {'id': 36, 'text': 'גורם', 'upos': 'VERB', 'xpos': 'VERB', 'feats': 'Gender=Masc|HebBinyan=PAAL|Number=Sing|Person=1,2,3|VerbForm=Part|Voice=Act', 'head': 34, 'deprel': 'acl:relcl', 'lemma': 'גרם'}]","(121, 126)",,,,,,
"(37, 39)",להיווצרות,"[{'id': 37, 'text': 'ל', 'upos': 'ADP', 'xpos': 'ADP', 'head': 39, 'deprel': 'case', 'lemma': 'ל'}, {'id': 38, 'text': 'ה_', 'upos': 'DET', 'xpos': 'DET', 'feats': 'PronType=Art', 'head': 39, 'deprel': 'det:def', 'lemma': 'ה'}, {'id': 39, 'text': 'היווצרות', 'upos': 'NOUN', 'xpos': 'NOUN', 'feats': 'Gender=Fem|Number=Sing', 'head': 36, 'deprel': 'obl', 'lemma': 'היווצרות'}]","(127, 136)",,,,,,
40,חומצה,,"(137, 142)",NOUN,NOUN,Gender=Fem|Number=Sing,39.0,compound:smixut,חומצה
41,פחמתית,,"(143, 149)",ADJ,ADJ,Gender=Fem|Number=Sing,40.0,amod,פחמתי
42,החלשה,,"(150, 155)",ADJ,ADJ,Gender=Fem|Number=Sing,40.0,amod,החלש
43,;,,"(155, 156)",PUNCT,PUNCT,,47.0,cc,;
44,(,,"(157, 158)",PUNCT,PUNCT,,45.0,punct,(
45,ב,,"(158, 159)",PROPN,PROPN,,47.0,appos,ב
46,),,"(159, 160)",PUNCT,PUNCT,,45.0,punct,)
47,הימצאות,,"(161, 168)",NOUN,NOUN,Definite=Cons|Gender=Fem|Number=Sing,21.0,conj,הימצאות
48,חומצות,,"(169, 175)",NOUN,NOUN,Gender=Fem|Number=Plur,47.0,compound:smixut,חומצה
49,אורגניות,,"(176, 184)",ADJ,ADJ,Gender=Fem|Number=Plur,48.0,amod,אורגני
50,",",,"(184, 185)",PUNCT,PUNCT,,48.0,punct,","
51,כמו,,"(186, 189)",ADP,ADP,,53.0,case,כמו
52,:,,"(189, 190)",PUNCT,PUNCT,,53.0,punct,:
53,חומצה,,"(191, 196)",NOUN,NOUN,Gender=Fem|Number=Sing,48.0,nmod,חומצה
54,אצטית,,"(197, 202)",ADJ,ADJ,Gender=Fem|Number=Sing,53.0,amod,אצטי
55,",",,"(202, 203)",PUNCT,PUNCT,,53.0,punct,","
56,אוקסלית,,"(204, 211)",NOUN,NOUN,Gender=Fem|Number=Sing,53.0,conj,אוקסל
"(57, 58)",וחומצת,"[{'id': 57, 'text': 'ו', 'upos': 'CCONJ', 'xpos': 'CCONJ', 'head': 58, 'deprel': 'cc', 'lemma': 'ו'}, {'id': 58, 'text': 'חומצת', 'upos': 'NOUN', 'xpos': 'NOUN', 'feats': 'Definite=Cons|Gender=Fem|Number=Sing', 'head': 53, 'deprel': 'conj', 'lemma': 'חומצה'}]","(212, 218)",,,,,,
59,נמלית,,"(219, 224)",NOUN,NOUN,Gender=Fem|Number=Sing,58.0,compound:smixut,נמלית
1,חומצות,,"(1, 7)",NOUN,NOUN,Gender=Fem|Number=Plur,3.0,nsubj,חומצה
2,הללו,,"(8, 12)",PRON,PRON,Gender=Masc|Number=Plur|Person=3|PronType=Dem,1.0,det,הללו
3,נמצאות,,"(13, 19)",VERB,VERB,"Gender=Fem|HebBinyan=NIFAL|Number=Plur|Person=1,2,3|VerbForm=Part|Voice=Mid",0.0,root,נמצא
"(4, 6)",במים,"[{'id': 4, 'text': 'ב', 'upos': 'ADP', 'xpos': 'ADP', 'head': 6, 'deprel': 'case', 'lemma': 'ב'}, {'id': 5, 'text': 'ה_', 'upos': 'DET', 'xpos': 'DET', 'feats': 'PronType=Art', 'head': 6, 'deprel': 'det:def', 'lemma': 'ה'}, {'id': 6, 'text': 'מים', 'upos': 'NOUN', 'xpos': 'NOUN', 'feats': 'Gender=Masc|Number=Plur', 'head': 3, 'deprel': 'obl', 'lemma': 'מים'}]","(20, 24)",,,,,,
"(7, 8)",כתוצאה,"[{'id': 7, 'text': 'כ', 'upos': 'ADP', 'xpos': 'ADP', 'head': 8, 'deprel': 'case', 'lemma': 'כ'}, {'id': 8, 'text': 'תוצאה', 'upos': 'NOUN', 'xpos': 'NOUN', 'feats': 'Gender=Fem|Number=Sing', 'head': 3, 'deprel': 'obl', 'lemma': 'תוצאה'}]","(25, 31)",,,,,,
"(9, 10)",מפעילות,"[{'id': 9, 'text': 'מ', 'upos': 'ADP', 'xpos': 'ADP', 'head': 10, 'deprel': 'case', 'lemma': 'מ'}, {'id': 10, 'text': 'פעילות', 'upos': 'NOUN', 'xpos': 'NOUN', 'feats': 'Definite=Cons|Gender=Fem|Number=Sing', 'head': 8, 'deprel': 'nmod', 'lemma': 'פעילות'}]","(32, 39)",,,,,,
11,טבע,,"(40, 43)",NOUN,NOUN,Gender=Masc|Number=Sing,10.0,compound:smixut,טבע
12,חי,,"(44, 46)",ADJ,ADJ,Gender=Masc|Number=Sing,11.0,amod,חי
13,(,,"(47, 48)",PUNCT,PUNCT,,14.0,punct,(
14,מיקרואורגניזמים,,"(48, 63)",NOUN,NOUN,Gender=Masc|Number=Plur,10.0,appos,מיקרואורגנם
15,),,"(63, 64)",PUNCT,PUNCT,,14.0,punct,)
1,התמוססות,,"(1, 9)",NOUN,NOUN,Gender=Fem|Number=Sing,5.0,nsubj,התמוססות
2,חזקה,,"(10, 14)",ADJ,ADJ,Gender=Fem|Number=Sing,1.0,amod,חזק
3,של,,"(15, 17)",ADP,ADP,Case=Gen,4.0,case:gen,של
4,CO2,,"(18, 21)",NUM,NUM,,1.0,nmod,CO2
5,גורמת,,"(22, 27)",VERB,VERB,"Gender=Fem|HebBinyan=PAAL|Number=Sing|Person=1,2,3|VerbForm=Part|Voice=Act",0.0,root,גרם
"(6, 8)",להיווצרות,"[{'id': 6, 'text': 'ל', 'upos': 'ADP', 'xpos': 'ADP', 'head': 8, 'deprel': 'case', 'lemma': 'ל'}, {'id': 7, 'text': 'ה_', 'upos': 'DET', 'xpos': 'DET', 'feats': 'PronType=Art', 'head': 8, 'deprel': 'det:def', 'lemma': 'ה'}, {'id': 8, 'text': 'היווצרות', 'upos': 'NOUN', 'xpos': 'NOUN', 'feats': 'Gender=Fem|Number=Sing', 'head': 5, 'deprel': 'obl', 'lemma': 'היווצרות'}]","(28, 37)",,,,,,
9,"""",,"(38, 39)",PUNCT,PUNCT,,10.0,punct,""""
10,גשם,,"(39, 42)",NOUN,NOUN,Gender=Masc|Number=Sing,8.0,compound:smixut,גשם
11,חומצי,,"(43, 48)",ADJ,ADJ,Gender=Masc|Number=Sing,10.0,amod,חומצי
12,"""",,"(48, 49)",PUNCT,PUNCT,,10.0,punct,""""
13,במקום,,"(50, 55)",ADP,ADP,,15.0,case,במקום
14,"""",,"(56, 57)",PUNCT,PUNCT,,15.0,punct,""""
15,גשם,,"(57, 60)",NOUN,NOUN,Gender=Masc|Number=Sing,10.0,nmod,גשם
16,טבעי,,"(61, 65)",ADJ,ADJ,Gender=Masc|Number=Sing,15.0,amod,טבעי
17,"""",,"(65, 66)",PUNCT,PUNCT,,15.0,punct,""""
"(1, 3)","ל""גשם","[{'id': 1, 'text': 'ל', 'upos': 'ADP', 'xpos': 'ADP', 'head': 3, 'deprel': 'case', 'lemma': 'ל'}, {'id': 2, 'text': '""', 'upos': 'PUNCT', 'xpos': 'PUNCT', 'head': 3, 'deprel': 'punct', 'lemma': '""'}, {'id': 3, 'text': 'גשם', 'upos': 'NOUN', 'xpos': 'NOUN', 'feats': 'Gender=Masc|Number=Sing', 'head': 6, 'deprel': 'nmod', 'lemma': 'גשם'}]","(1, 6)",,,,,,
4,חומצי,,"(7, 12)",ADJ,ADJ,Gender=Masc|Number=Sing,3.0,amod,חומצי
5,"""",,"(12, 13)",PUNCT,PUNCT,,3.0,punct,""""
6,ערך,,"(14, 17)",NOUN,NOUN,Gender=Masc|HebBinyan=PAAL|Number=Sing|Person=3|Tense=Past|Voice=Act,0.0,root,ערך
7,הגבה,,"(18, 22)",NOUN,NOUN,Gender=Fem|Number=Sing,6.0,compound:smixut,הגבה
8,של,,"(23, 25)",ADP,ADP,Case=Gen,9.0,case:gen,של
9,4,,"(26, 27)",NUM,NUM,,7.0,nmod:poss,4
1,35,,"(0, 2)",NUM,NUM,,0.0,root,35
2,–,,"(3, 4)",PUNCT,PUNCT,,1.0,punct,–
3,4,,"(5, 6)",NUM,NUM,HebSource=ConvUncertainHead,1.0,dep,4
1,3,,"(0, 1)",NUM,NUM,,0.0,root,3
2,=,,"(2, 3)",PUNCT,PUNCT,,1.0,punct,=
3,pH,,"(4, 6)",NOUN,NOUN,Definite=Cons|Gender=Masc|HebSource=ConvUncertainHead|Number=Sing,1.0,obl,pH
1,לעומת,,"(1, 6)",ADP,ADP,,2.0,case,לעומת
2,זאת,,"(7, 10)",PRON,PRON,Gender=Fem|Number=Sing|Person=3|PronType=Dem,8.0,obl,זאת
3,",",,"(10, 11)",PUNCT,PUNCT,,8.0,punct,","
4,לגשם,,"(12, 16)",VERB,VERB,Gender=Masc|Number=Sing,8.0,nsubj,גישם
5,בעל,,"(17, 20)",NOUN,NOUN,Definite=Cons|Gender=Masc|Number=Sing,4.0,acl,בעל
6,חומציות,,"(21, 28)",NOUN,NOUN,Gender=Fem|Number=Plur,5.0,compound:smixut,חומציה
7,טבעית,,"(29, 34)",ADJ,ADJ,Gender=Fem|Number=Sing,6.0,amod,טבעי
8,אופייני,,"(35, 42)",ADJ,ADJ,Definite=Cons|Gender=Masc|Number=Plur,0.0,root,אופייני
9,ערך,,"(43, 46)",NOUN,NOUN,Definite=Cons|Gender=Masc|Number=Sing,8.0,compound:smixut,ערך
10,הגבה,,"(47, 51)",NOUN,NOUN,Gender=Fem|Number=Sing,9.0,compound:smixut,הגבה
11,של,,"(52, 54)",ADP,ADP,Case=Gen,12.0,case:gen,של
12,6,,"(55, 56)",NUM,NUM,,9.0,nmod:poss,6
1,0,,"(0, 1)",NUM,NUM,,0.0,root,0
2,–,,"(2, 3)",PUNCT,PUNCT,,1.0,punct,–
3,4,,"(4, 5)",NUM,NUM,HebSource=ConvUncertainHead,1.0,dep,4
1,5,,"(0, 1)",NUM,NUM,,0.0,root,5
2,=,,"(2, 3)",PUNCT,PUNCT,,1.0,punct,=
3,pH,,"(4, 6)",NOUN,NOUN,HebSource=ConvUncertainHead,1.0,obl,pH
4,",",,"(6, 7)",PUNCT,PUNCT,,1.0,punct,","
"(5, 6)",בהתאם,"[{'id': 5, 'text': 'ב', 'upos': 'ADP', 'xpos': 'ADP', 'head': 8, 'deprel': 'case', 'lemma': 'ב'}, {'id': 6, 'text': 'התאם', 'upos': 'NOUN', 'xpos': 'NOUN', 'feats': 'Gender=Masc|Number=Sing', 'head': 5, 'deprel': 'fixed', 'lemma': 'התאם'}]","(8, 13)",,,,,,
"(7, 8)",למיקום,"[{'id': 7, 'text': 'ל', 'upos': 'ADP', 'xpos': 'ADP', 'head': 5, 'deprel': 'fixed', 'lemma': 'ל'}, {'id': 8, 'text': 'מיקום', 'upos': 'NOUN', 'xpos': 'NOUN', 'feats': 'Gender=Masc|Number=Sing', 'head': 1, 'deprel': 'obl', 'lemma': 'מיקום'}]","(14, 20)",,,,,,
"(9, 10)",הגיאוגרפי,"[{'id': 9, 'text': 'ה', 'upos': 'DET', 'xpos': 'DET', 'feats': 'PronType=Art', 'head': 10, 'deprel': 'det:def', 'lemma': 'ה'}, {'id': 10, 'text': 'גיאוגרפי', 'upos': 'ADJ', 'xpos': 'ADJ', 'feats': 'Gender=Masc|Number=Sing', 'head': 8, 'deprel': 'amod', 'lemma': 'גיאוגרפי'}]","(21, 30)",,,,,,
11,של,,"(31, 33)",ADP,ADP,Case=Gen,12.0,case:gen,של
12,אזור,,"(34, 38)",NOUN,NOUN,Gender=Masc|Number=Sing,8.0,nmod,אזור
"(1, 2)",באזור,"[{'id': 1, 'text': 'ב', 'upos': 'ADP', 'xpos': 'ADP', 'head': 2, 'deprel': 'case', 'lemma': 'ב'}, {'id': 2, 'text': 'אזור', 'upos': 'NOUN', 'xpos': 'NOUN', 'feats': 'Definite=Cons|Gender=Masc|Number=Sing', 'head': 23, 'deprel': 'obl', 'lemma': 'אזור'}]","(1, 6)",,,,,,
"(3, 4)",הים,"[{'id': 3, 'text': 'ה', 'upos': 'DET', 'xpos': 'DET', 'feats': 'PronType=Art', 'head': 4, 'deprel': 'det:def', 'lemma': 'ה'}, {'id': 4, 'text': 'ים', 'upos': 'NOUN', 'xpos': 'NOUN', 'feats': 'Gender=Masc|Number=Sing', 'head': 2, 'deprel': 'compound:smixut', 'lemma': 'ים'}]","(7, 10)",,,,,,
"(5, 6)",התיכון,"[{'id': 5, 'text': 'ה', 'upos': 'DET', 'xpos': 'DET', 'feats': 'PronType=Art', 'head': 6, 'deprel': 'det:def', 'lemma': 'ה'}, {'id': 6, 'text': 'תיכון', 'upos': 'ADJ', 'xpos': 'ADJ', 'feats': 'Gender=Masc|Number=Sing', 'head': 4, 'deprel': 'amod', 'lemma': 'תיכון'}]","(11, 17)",,,,,,
"(7, 9)",והשבר,"[{'id': 7, 'text': 'ו', 'upos': 'CCONJ', 'xpos': 'CCONJ', 'head': 9, 'deprel': 'cc', 'lemma': 'ו'}, {'id': 8, 'text': 'ה', 'upos': 'DET', 'xpos': 'DET', 'feats': 'PronType=Art', 'head': 9, 'deprel': 'det:def', 'lemma': 'ה'}, {'id': 9, 'text': 'שבר', 'upos': 'NOUN', 'xpos': 'NOUN', 'feats': 'Gender=Masc|Number=Sing', 'head': 2, 'deprel': 'conj', 'lemma': 'שבר'}]","(18, 23)",,,,,,
"(10, 11)",הסורי,"[{'id': 10, 'text': 'ה', 'upos': 'DET', 'xpos': 'DET', 'feats': 'PronType=Art', 'head': 11, 'deprel': 'det:def', 'lemma': 'ה'}, {'id': 11, 'text': 'סורי', 'upos': 'ADJ', 'xpos': 'ADJ', 'feats': 'Gender=Masc|Number=Sing', 'head': 9, 'deprel': 'amod', 'lemma': 'סורי'}]","(24, 29)",,,,,,
12,-,,"(29, 30)",PUNCT,PUNCT,,11.0,punct,-
13,אפריקאי,,"(30, 37)",ADJ,ADJ,Gender=Masc|Number=Sing,11.0,dep,אפריקני
14,ערך,,"(38, 41)",NOUN,NOUN,Definite=Cons|Gender=Masc|Number=Sing,23.0,nsubj:cop,ערך
"(15, 16)",ההגבה,"[{'id': 15, 'text': 'ה', 'upos': 'DET', 'xpos': 'DET', 'feats': 'PronType=Art', 'head': 16, 'deprel': 'det:def', 'lemma': 'ה'}, {'id': 16, 'text': 'הגבה', 'upos': 'NOUN', 'xpos': 'NOUN', 'feats': 'Gender=Fem|Number=Sing', 'head': 14, 'deprel': 'compound:smixut', 'lemma': 'הגבה'}]","(42, 47)",,,,,,
17,של,,"(48, 50)",ADP,ADP,Case=Gen,18.0,case:gen,של
18,מי,,"(51, 53)",NOUN,NOUN,Definite=Cons|Gender=Masc|Number=Plur,16.0,nmod:poss,מים
19,"""גשם",,"(54, 58)",PUNCT,PUNCT,,18.0,compound:smixut,"""גשם"
20,טבעי,,"(59, 63)",ADJ,ADJ,Gender=Masc|Number=Sing,19.0,amod,טבעי
21,"""",,"(63, 64)",PUNCT,PUNCT,,19.0,punct,""""
22,הוא,,"(65, 68)",AUX,AUX,Gender=Masc|Number=Sing|Person=3|Polarity=Pos|VerbForm=Part|VerbType=Cop,23.0,cop,הוא
23,5,,"(69, 70)",NUM,NUM,,0.0,root,5
1,5,,"(0, 1)",NUM,NUM,,0.0,root,5
2,=,,"(2, 3)",PUNCT,PUNCT,,1.0,punct,=
3,pH,,"(4, 6)",NOUN,NOUN,Definite=Cons|Gender=Masc|HebSource=ConvUncertainHead|Number=Sing,1.0,dep,pH
1,למרות,,"(1, 6)",ADP,ADP,,4.0,case,למרות
2,ה,,"(7, 8)",DET,DET,PronType=Art,4.0,det:def,ה
3,-,,"(8, 9)",PUNCT,PUNCT,,4.0,punct,-
4,pH,,"(9, 11)",NOUN,NOUN,Gender=Masc|Number=Sing,0.0,root,pH
"(5, 6)",החומצי,"[{'id': 5, 'text': 'ה', 'upos': 'DET', 'xpos': 'DET', 'feats': 'PronType=Art', 'head': 6, 'deprel': 'det:def', 'lemma': 'ה'}, {'id': 6, 'text': 'חומצי', 'upos': 'ADJ', 'xpos': 'ADJ', 'feats': 'Gender=Masc|Number=Sing', 'head': 4, 'deprel': 'amod', 'lemma': 'חומצי'}]","(12, 18)",,,,,,
7,של,,"(19, 21)",ADP,ADP,Case=Gen,9.0,case:gen,של
"(8, 9)",הגשם,"[{'id': 8, 'text': 'ה', 'upos': 'DET', 'xpos': 'DET', 'feats': 'PronType=Art', 'head': 9, 'deprel': 'det:def', 'lemma': 'ה'}, {'id': 9, 'text': 'גשם', 'upos': 'NOUN', 'xpos': 'NOUN', 'feats': 'Gender=Masc|Number=Sing', 'head': 4, 'deprel': 'nmod', 'lemma': 'גשם'}]","(22, 26)",,,,,,
10,בעל,,"(27, 30)",NOUN,NOUN,Definite=Cons|Gender=Masc|Number=Sing,9.0,acl,בעל
11,חומציות,,"(31, 38)",NOUN,NOUN,Gender=Fem|Number=Plur,10.0,compound:smixut,חומציה
12,טבעית,,"(39, 44)",ADJ,ADJ,Gender=Fem|Number=Sing,11.0,amod,טבעי
13,",",,"(44, 45)",PUNCT,PUNCT,,4.0,punct,","
"(14, 15)",החומצות,"[{'id': 14, 'text': 'ה', 'upos': 'DET', 'xpos': 'DET', 'feats': 'PronType=Art', 'head': 15, 'deprel': 'det:def', 'lemma': 'ה'}, {'id': 15, 'text': 'חומצות', 'upos': 'NOUN', 'xpos': 'NOUN', 'feats': 'Gender=Fem|Number=Plur', 'head': 11, 'deprel': 'appos', 'lemma': 'חומצה'}]","(46, 53)",,,,,,
"(16, 17)",האוקסלית,"[{'id': 16, 'text': 'ה', 'upos': 'DET', 'xpos': 'DET', 'feats': 'PronType=Art', 'head': 17, 'deprel': 'det:def', 'lemma': 'ה'}, {'id': 17, 'text': 'אוקסלית', 'upos': 'ADJ', 'xpos': 'ADJ', 'feats': 'Gender=Fem|Number=Sing', 'head': 15, 'deprel': 'amod', 'lemma': 'אוקסלי'}]","(54, 62)",,,,,,
"(18, 20)",והאצטית,"[{'id': 18, 'text': 'ו', 'upos': 'CCONJ', 'xpos': 'CCONJ', 'head': 20, 'deprel': 'cc', 'lemma': 'ו'}, {'id': 19, 'text': 'ה', 'upos': 'DET', 'xpos': 'DET', 'feats': 'PronType=Art', 'head': 20, 'deprel': 'det:def', 'lemma': 'ה'}, {'id': 20, 'text': 'אצטית', 'upos': 'ADJ', 'xpos': 'ADJ', 'feats': 'Gender=Fem|Number=Sing', 'head': 17, 'deprel': 'conj', 'lemma': 'אצטי'}]","(63, 70)",,,,,,
"(21, 23)",שבו,"[{'id': 21, 'text': 'ש', 'upos': 'SCONJ', 'xpos': 'SCONJ', 'head': 24, 'deprel': 'mark', 'lemma': 'ש'}, {'id': 22, 'text': 'ב_', 'upos': 'ADP', 'xpos': 'ADP', 'head': 23, 'deprel': 'case', 'lemma': 'ב'}, {'id': 23, 'text': '_הוא', 'upos': 'PRON', 'xpos': 'PRON', 'feats': 'Gender=Masc|Number=Sing|Person=3|PronType=Prs', 'head': 24, 'deprel': 'obl', 'lemma': 'הוא'}]","(71, 74)",,,,,,
24,מהוות,,"(75, 80)",VERB,VERB,"Gender=Fem|HebBinyan=PAAL|Number=Plur|Person=1,2,3|VerbForm=Part|Voice=Act",15.0,acl:relcl,היוות
25,את,,"(81, 83)",ADP,ADP,Case=Acc,27.0,case:acc,את
"(26, 27)",המעכבים,"[{'id': 26, 'text': 'ה', 'upos': 'DET', 'xpos': 'DET', 'feats': 'PronType=Art', 'head': 27, 'deprel': 'det:def', 'lemma': 'ה'}, {'id': 27, 'text': 'מעכבים', 'upos': 'VERB', 'xpos': 'VERB', 'feats': 'Gender=Masc|Number=Plur', 'head': 24, 'deprel': 'obj', 'lemma': 'עיכב'}]","(84, 91)",,,,,,
28,של,,"(92, 94)",ADP,ADP,Case=Gen,29.0,case:gen,של
29,קורוזית,,"(95, 102)",NOUN,NOUN,Definite=Cons|Gender=Fem|Number=Sing,27.0,nmod:poss,קורוזית
30,פלדה,,"(103, 107)",NOUN,NOUN,Gender=Fem|Number=Sing,29.0,compound:smixut,פלדה
1,לעומתם,,"(1, 7)",ADV,ADV,,8.0,advmod,לעומתם
2,חומצה,,"(8, 13)",NOUN,NOUN,Gender=Fem|Number=Sing,8.0,nsubj,חומצה
3,פורמית,,"(14, 20)",ADJ,ADJ,Gender=Fem|Number=Sing,2.0,amod,פורמי
4,(,,"(21, 22)",PUNCT,PUNCT,,5.0,punct,(
5,חומצת,,"(22, 27)",NOUN,NOUN,Definite=Cons|Gender=Fem|Number=Sing,2.0,appos,חומצה
6,נמל,,"(28, 31)",NOUN,NOUN,Gender=Masc|Number=Sing,5.0,compound:smixut,נמל
7,),,"(31, 32)",PUNCT,PUNCT,,5.0,punct,)
8,עלולה,,"(33, 38)",AUX,AUX,"Gender=Fem|Number=Sing|Person=1,2,3|VerbType=Mod",9.0,aux,עלול
9,לגרום,,"(39, 44)",VERB,VERB,HebBinyan=PAAL|VerbForm=Inf|Voice=Act,0.0,root,גרם
"(10, 11)",לתחילת,"[{'id': 10, 'text': 'ל', 'upos': 'ADP', 'xpos': 'ADP', 'head': 11, 'deprel': 'case', 'lemma': 'ל'}, {'id': 11, 'text': 'תחילת', 'upos': 'NOUN', 'xpos': 'NOUN', 'feats': 'Definite=Cons|Gender=Fem|Number=Sing', 'head': 9, 'deprel': 'obl', 'lemma': 'תחילה'}]","(45, 51)",,,,,,
12,קורוזית,,"(52, 59)",NOUN,NOUN,Definite=Cons|Gender=Fem|Number=Sing,11.0,compound:smixut,קורוזית
13,פלדה,,"(60, 64)",NOUN,NOUN,Gender=Fem|Number=Sing,12.0,compound:smixut,פלדה
14,כבר,,"(65, 68)",ADV,ADV,,15.0,advmod,כבר
"(15, 16)",בריכוזים,"[{'id': 15, 'text': 'ב', 'upos': 'ADP', 'xpos': 'ADP', 'head': 16, 'deprel': 'case', 'lemma': 'ב'}, {'id': 16, 'text': 'ריכוזים', 'upos': 'NOUN', 'xpos': 'NOUN', 'feats': 'Gender=Masc|Number=Plur', 'head': 9, 'deprel': 'obl', 'lemma': 'ריכוז'}]","(69, 77)",,,,,,
17,קטנים,,"(78, 83)",ADJ,ADJ,Gender=Masc|Number=Plur,16.0,amod,קטן
1,חובה,,"(1, 5)",NOUN,NOUN,Gender=Fem|Number=Sing,2.0,aux,חובה
2,לציין,,"(6, 11)",VERB,VERB,HebBinyan=PIEL|VerbForm=Inf|Voice=Act,0.0,root,ציין
"(3, 4)",שחומצות,"[{'id': 3, 'text': 'ש', 'upos': 'SCONJ', 'xpos': 'SCONJ', 'head': 8, 'deprel': 'mark', 'lemma': 'ש'}, {'id': 4, 'text': 'חומצות', 'upos': 'NOUN', 'xpos': 'NOUN', 'feats': 'Gender=Fem|Number=Plur', 'head': 8, 'deprel': 'nsubj', 'lemma': 'חומצה'}]","(12, 19)",,,,,,
5,אצטית,,"(20, 25)",ADJ,ADJ,Gender=Fem|Number=Sing,4.0,amod,אצטי
"(6, 7)",ואוקסלית,"[{'id': 6, 'text': 'ו', 'upos': 'CCONJ', 'xpos': 'CCONJ', 'head': 7, 'deprel': 'cc', 'lemma': 'ו'}, {'id': 7, 'text': 'אוקסלית', 'upos': 'ADJ', 'xpos': 'ADJ', 'feats': 'Gender=Fem|Number=Sing', 'head': 5, 'deprel': 'conj', 'lemma': 'אוקסלי'}]","(26, 34)",,,,,,
8,עשויות,,"(35, 41)",AUX,AUX,"Gender=Fem|Number=Plur|Person=1,2,3|VerbType=Mod",9.0,aux,עשוי
9,למנוע,,"(42, 47)",VERB,VERB,HebBinyan=PAAL|VerbForm=Inf|Voice=Act,2.0,advcl,מנע
10,את,,"(48, 50)",ADP,ADP,Case=Acc,11.0,case:acc,את
11,קורוזית,,"(51, 58)",NOUN,NOUN,Definite=Cons|Gender=Fem|Number=Sing,9.0,obj,קורוזית
12,פלדה,,"(59, 63)",NOUN,NOUN,Gender=Fem|Number=Sing,11.0,compound:smixut,פלדה
13,רק,,"(64, 66)",ADV,ADV,,14.0,advmod,רק
"(14, 15)",בהעדר,"[{'id': 14, 'text': 'ב', 'upos': 'ADP', 'xpos': 'ADP', 'head': 15, 'deprel': 'case', 'lemma': 'ב'}, {'id': 15, 'text': 'העדר', 'upos': 'NOUN', 'xpos': 'NOUN', 'feats': 'Definite=Cons|Gender=Masc|Number=Sing', 'head': 8, 'deprel': 'obl', 'lemma': 'העדר'}]","(67, 72)",,,,,,
16,אניונים,,"(73, 80)",NOUN,NOUN,Gender=Masc|Number=Plur,15.0,compound:smixut,אניון
17,אנאורגאניים,,"(81, 92)",ADJ,ADJ,Gender=Masc|Number=Plur,16.0,amod,אנאורגאני
18,(,,"(93, 94)",PUNCT,PUNCT,,19.0,punct,(
19,כלורידים,,"(94, 102)",NOUN,NOUN,Gender=Masc|Number=Plur,16.0,appos,כלוריד
20,",",,"(102, 103)",PUNCT,PUNCT,,19.0,punct,","
21,סולפטים,,"(104, 111)",NOUN,NOUN,Gender=Masc|Number=Plur,19.0,conj,סולףט
22,",",,"(111, 112)",PUNCT,PUNCT,,19.0,punct,","
23,ניטרטים,,"(113, 120)",NOUN,NOUN,Gender=Masc|HebSource=ConvUncertainHead|Number=Plur,19.0,conj,ניטרט
24,),,"(120, 121)",PUNCT,PUNCT,,19.0,punct,)
25,או,,"(122, 124)",CCONJ,CCONJ,,31.0,cc,או
26,כאשר,,"(125, 129)",SCONJ,SCONJ,,31.0,mark,כאשר
"(27, 29)",תכולתם,"[{'id': 27, 'text': 'תכולה_', 'upos': 'NOUN', 'xpos': 'NOUN', 'feats': 'Definite=Def|Gender=Fem|Number=Sing', 'head': 31, 'deprel': 'nsubj:cop', 'lemma': 'תכולה'}, {'id': 28, 'text': '_של_', 'upos': 'ADP', 'xpos': 'ADP', 'head': 29, 'deprel': 'case:gen', 'lemma': 'של'}, {'id': 29, 'text': '_הם', 'upos': 'PRON', 'xpos': 'PRON', 'feats': 'Case=Gen|Gender=Masc|Number=Plur|Person=3|PronType=Prs', 'head': 27, 'deprel': 'nmod:poss', 'lemma': 'הוא'}]","(130, 136)",,,,,,
30,הינה,,"(137, 141)",AUX,AUX,Gender=Fem|Number=Sing|Person=3|Polarity=Pos|VerbForm=Part|VerbType=Cop,31.0,cop,הינה
31,קטנה,,"(142, 146)",ADJ,ADJ,Gender=Fem|Number=Sing,8.0,conj,קטן
"(1, 2)",במחקר,"[{'id': 1, 'text': 'ב', 'upos': 'ADP', 'xpos': 'ADP', 'head': 2, 'deprel': 'case', 'lemma': 'ב'}, {'id': 2, 'text': 'מחקר', 'upos': 'NOUN', 'xpos': 'NOUN', 'feats': 'Gender=Masc|Number=Sing', 'head': 22, 'deprel': 'obl', 'lemma': 'מחקר'}]","(1, 6)",,,,,,
3,"""",,"(7, 8)",PUNCT,PUNCT,,4.0,punct,""""
4,קיים,,"(8, 12)",VERB,VERB,Gender=Masc|Number=Sing,2.0,appos,קיים
"(5, 6)",בטונים,"[{'id': 5, 'text': 'ב', 'upos': 'ADP', 'xpos': 'ADP', 'head': 6, 'deprel': 'case', 'lemma': 'ב'}, {'id': 6, 'text': 'טונים', 'upos': 'NOUN', 'xpos': 'NOUN', 'feats': 'Gender=Masc|Number=Plur', 'head': 4, 'deprel': 'obl', 'lemma': 'טון'}]","(13, 19)",,,,,,
7,יבשים,,"(20, 25)",ADJ,ADJ,Gender=Masc|Number=Plur,6.0,amod,יבש
8,"""",,"(25, 26)",PUNCT,PUNCT,,4.0,punct,""""
9,אשר,,"(27, 30)",SCONJ,SCONJ,,10.0,mark,אשר
10,בוצע,,"(31, 35)",VERB,VERB,Gender=Masc|HebBinyan=NIFAL|Number=Sing|Person=3|Tense=Past|Voice=Mid,2.0,acl:relcl,בוצע
"(11, 12)",במכון,"[{'id': 11, 'text': 'ב', 'upos': 'ADP', 'xpos': 'ADP', 'head': 12, 'deprel': 'case', 'lemma': 'ב'}, {'id': 12, 'text': 'מכון', 'upos': 'NOUN', 'xpos': 'NOUN', 'feats': 'Gender=Masc|Number=Sing', 'head': 10, 'deprel': 'obl', 'lemma': 'מכון'}]","(36, 41)",,,,,,
"(13, 14)",הלאומי,"[{'id': 13, 'text': 'ה', 'upos': 'DET', 'xpos': 'DET', 'feats': 'PronType=Art', 'head': 14, 'deprel': 'det:def', 'lemma': 'ה'}, {'id': 14, 'text': 'לאומי', 'upos': 'ADJ', 'xpos': 'ADJ', 'feats': 'Gender=Masc|HebSource=ConvUncertainLabel|Number=Sing', 'head': 12, 'deprel': 'nmod', 'lemma': 'לאומי'}]","(42, 48)",,,,,,
"(15, 16)",לחקר,"[{'id': 15, 'text': 'ל', 'upos': 'ADP', 'xpos': 'ADP', 'head': 16, 'deprel': 'case', 'lemma': 'ל'}, {'id': 16, 'text': 'חקר', 'upos': 'NOUN', 'xpos': 'NOUN', 'feats': 'Definite=Cons|Gender=Masc|Number=Sing', 'head': 12, 'deprel': 'nmod', 'lemma': 'חקר'}]","(49, 53)",,,,,,
"(17, 18)",הבנייה,"[{'id': 17, 'text': 'ה', 'upos': 'DET', 'xpos': 'DET', 'feats': 'PronType=Art', 'head': 18, 'deprel': 'det:def', 'lemma': 'ה'}, {'id': 18, 'text': 'בנייה', 'upos': 'NOUN', 'xpos': 'NOUN', 'feats': 'Gender=Fem|Number=Sing', 'head': 16, 'deprel': 'compound:smixut', 'lemma': 'בנייה'}]","(54, 60)",,,,,,
"(19, 20)",בשנת,"[{'id': 19, 'text': 'ב', 'upos': 'ADP', 'xpos': 'ADP', 'head': 20, 'deprel': 'case', 'lemma': 'ב'}, {'id': 20, 'text': 'שנת', 'upos': 'NOUN', 'xpos': 'NOUN', 'feats': 'Definite=Cons|Gender=Fem|Number=Sing', 'head': 10, 'deprel': 'obl', 'lemma': 'שנה'}]","(61, 65)",,,,,,
21,2005,,"(66, 70)",NUM,NUM,,20.0,compound:smixut,2005
22,הוכח,,"(71, 75)",VERB,VERB,Gender=Masc|HebBinyan=HUFAL|Number=Sing|Person=3|Tense=Past|Voice=Pass,0.0,root,הוכח
"(23, 24)",שלקרינת,"[{'id': 23, 'text': 'ש', 'upos': 'SCONJ', 'xpos': 'SCONJ', 'head': 35, 'deprel': 'mark', 'lemma': 'ש'}, {'id': 24, 'text': 'לקרינת', 'upos': 'NOUN', 'xpos': 'NOUN', 'feats': 'Definite=Cons|Gender=Fem|Number=Sing', 'head': 35, 'deprel': 'obl', 'lemma': 'לקרינה'}]","(76, 83)",,,,,,
25,UV,,"(84, 86)",PROPN,PROPN,,24.0,compound:smixut,UV
"(26, 27)",ברמות,"[{'id': 26, 'text': 'ב', 'upos': 'ADP', 'xpos': 'ADP', 'head': 27, 'deprel': 'case', 'lemma': 'ב'}, {'id': 27, 'text': 'רמות', 'upos': 'NOUN', 'xpos': 'NOUN', 'feats': 'Gender=Fem|Number=Plur', 'head': 24, 'deprel': 'nmod', 'lemma': 'רמה'}]","(87, 92)",,,,,,
28,כפי,,"(93, 96)",SCONJ,SCONJ,,31.0,mark,כפי
"(29, 30)",שהיא,"[{'id': 29, 'text': 'ש', 'upos': 'SCONJ', 'xpos': 'SCONJ', 'head': 28, 'deprel': 'fixed', 'lemma': 'ש'}, {'id': 30, 'text': 'היא', 'upos': 'PRON', 'xpos': 'PRON', 'feats': 'Gender=Fem|Number=Sing|Person=3|PronType=Prs', 'head': 31, 'deprel': 'nsubj', 'lemma': 'הוא'}]","(97, 101)",,,,,,
31,קיימת,,"(102, 107)",ADJ,ADJ,Gender=Fem|Number=Sing,24.0,advcl,קיים
"(32, 34)",בארץ,"[{'id': 32, 'text': 'ב', 'upos': 'ADP', 'xpos': 'ADP', 'head': 34, 'deprel': 'case', 'lemma': 'ב'}, {'id': 33, 'text': 'ה_', 'upos': 'DET', 'xpos': 'DET', 'feats': 'PronType=Art', 'head': 34, 'deprel': 'det:def', 'lemma': 'ה'}, {'id': 34, 'text': 'ארץ', 'upos': 'NOUN', 'xpos': 'NOUN', 'feats': 'Gender=Fem|Number=Sing', 'head': 31, 'deprel': 'obl', 'lemma': 'ארץ'}]","(108, 112)",,,,,,
35,יש,,"(113, 115)",VERB,VERB,HebExistential=True,22.0,ccomp,יש
36,השפעה,,"(116, 121)",NOUN,NOUN,Gender=Fem|Number=Sing,35.0,nsubj,השפעה
37,שלילית,,"(122, 128)",ADJ,ADJ,Gender=Fem|Number=Sing,36.0,amod,שלילי
38,על,,"(129, 131)",ADP,ADP,,39.0,case,על
39,חדירות,,"(132, 138)",NOUN,NOUN,Gender=Fem|Number=Plur,36.0,nmod,חדירה
"(40, 41)",וקיים,"[{'id': 40, 'text': 'ו', 'upos': 'CCONJ', 'xpos': 'CCONJ', 'head': 41, 'deprel': 'cc', 'lemma': 'ו'}, {'id': 41, 'text': 'קיים', 'upos': 'ADJ', 'xpos': 'ADJ', 'feats': 'Gender=Masc|Number=Sing', 'head': 35, 'deprel': 'conj', 'lemma': 'קיים'}]","(139, 144)",,,,,,
"(42, 43)",בטונים,"[{'id': 42, 'text': 'ב', 'upos': 'ADP', 'xpos': 'ADP', 'head': 43, 'deprel': 'case', 'lemma': 'ב'}, {'id': 43, 'text': 'טונים', 'upos': 'NOUN', 'xpos': 'NOUN', 'feats': 'Gender=Masc|Number=Plur', 'head': 41, 'deprel': 'obl', 'lemma': 'טון'}]","(145, 151)",,,,,,
44,יצוקים,,"(152, 158)",ADJ,ADJ,Gender=Masc|Number=Plur,43.0,amod,יצוק
"(45, 46)",ביבש,"[{'id': 45, 'text': 'ב', 'upos': 'ADP', 'xpos': 'ADP', 'head': 46, 'deprel': 'case', 'lemma': 'ב'}, {'id': 46, 'text': 'יבש', 'upos': 'NOUN', 'xpos': 'NOUN', 'feats': 'Gender=Masc|Number=Sing', 'head': 44, 'deprel': 'obl', 'lemma': 'יבש'}]","(159, 163)",,,,,,
"(1, 2)",המחקר,"[{'id': 1, 'text': 'ה', 'upos': 'DET', 'xpos': 'DET', 'feats': 'PronType=Art', 'head': 2, 'deprel': 'det:def', 'lemma': 'ה'}, {'id': 2, 'text': 'מחקר', 'upos': 'NOUN', 'xpos': 'NOUN', 'feats': 'Gender=Masc|Number=Sing', 'head': 5, 'deprel': 'nsubj', 'lemma': 'מחקר'}]","(1, 6)",,,,,,
"(3, 4)",הנוכחי,"[{'id': 3, 'text': 'ה', 'upos': 'DET', 'xpos': 'DET', 'feats': 'PronType=Art', 'head': 4, 'deprel': 'det:def', 'lemma': 'ה'}, {'id': 4, 'text': 'נוכחי', 'upos': 'ADJ', 'xpos': 'ADJ', 'feats': 'Gender=Masc|Number=Sing', 'head': 2, 'deprel': 'amod', 'lemma': 'נוכחי'}]","(7, 13)",,,,,,
5,נועד,,"(14, 18)",VERB,VERB,Gender=Masc|HebBinyan=NIFAL|Number=Sing|Person=3|Tense=Past|Voice=Mid,0.0,root,נועד
6,לאפיין,,"(19, 25)",VERB,VERB,HebBinyan=PIEL|VerbForm=Inf|Voice=Act,5.0,xcomp,אפיין
7,את,,"(26, 28)",ADP,ADP,Case=Acc,9.0,case:acc,את
"(8, 9)",המנגנונים,"[{'id': 8, 'text': 'ה', 'upos': 'DET', 'xpos': 'DET', 'feats': 'PronType=Art', 'head': 9, 'deprel': 'det:def', 'lemma': 'ה'}, {'id': 9, 'text': 'מנגנונים', 'upos': 'NOUN', 'xpos': 'NOUN', 'feats': 'Gender=Masc|Number=Plur', 'head': 6, 'deprel': 'obj', 'lemma': 'מנגנון'}]","(29, 38)",,,,,,
10,של,,"(39, 41)",ADP,ADP,Case=Gen,11.0,case:gen,של
11,בלייה,,"(42, 47)",NOUN,NOUN,Gender=Fem|Number=Sing,9.0,nmod:poss,בלייה
12,של,,"(48, 50)",ADP,ADP,Case=Gen,14.0,case:gen,של
"(13, 14)",בטונים,"[{'id': 13, 'text': 'ב', 'upos': 'ADP', 'xpos': 'ADP', 'head': 14, 'deprel': 'case', 'lemma': 'ב'}, {'id': 14, 'text': 'טונים', 'upos': 'NOUN', 'xpos': 'NOUN', 'feats': 'Gender=Masc|Number=Plur', 'head': 11, 'deprel': 'nmod:poss', 'lemma': 'טון'}]","(51, 57)",,,,,,
15,יצוקים,,"(58, 64)",ADJ,ADJ,Gender=Masc|Number=Plur,14.0,amod,יצוק
16,בר,,"(65, 67)",NOUN,NOUN,Gender=Masc|Number=Sing,14.0,nmod,בר
17,טוב,,"(67, 70)",ADJ,ADJ,Gender=Masc|Number=Sing,16.0,flat:name,טוב
"(18, 19)",בהשפעת,"[{'id': 18, 'text': 'ב', 'upos': 'ADP', 'xpos': 'ADP', 'head': 19, 'deprel': 'case', 'lemma': 'ב'}, {'id': 19, 'text': 'השפעת', 'upos': 'NOUN', 'xpos': 'NOUN', 'feats': 'Definite=Cons|Gender=Fem|Number=Sing', 'head': 6, 'deprel': 'obl', 'lemma': 'השפעה'}]","(71, 77)",,,,,,
20,גשם,,"(78, 81)",NOUN,NOUN,Gender=Masc|Number=Sing,19.0,compound:smixut,גשם
21,בעל,,"(82, 85)",NOUN,NOUN,Definite=Cons|Gender=Masc|Number=Sing,20.0,acl,בעל
22,חומציות,,"(86, 93)",NOUN,NOUN,Gender=Fem|Number=Plur,21.0,compound:smixut,חומציה
23,אורגנית,,"(94, 101)",ADJ,ADJ,Gender=Fem|Number=Sing,22.0,amod,אורגני
24,טבעית,,"(102, 107)",ADJ,ADJ,Gender=Fem|Number=Sing,22.0,amod,טבעי
"(25, 26)",וקרינת,"[{'id': 25, 'text': 'ו', 'upos': 'CCONJ', 'xpos': 'CCONJ', 'head': 26, 'deprel': 'cc', 'lemma': 'ו'}, {'id': 26, 'text': 'קרינת', 'upos': 'NOUN', 'xpos': 'NOUN', 'feats': 'Definite=Cons|Gender=Fem|Number=Sing', 'head': 20, 'deprel': 'conj', 'lemma': 'קרינה'}]","(108, 114)",,,,,,
27,UV,,"(115, 117)",PROPN,PROPN,,26.0,compound:smixut,UV
"(28, 29)",ולכמת,"[{'id': 28, 'text': 'ו', 'upos': 'CCONJ', 'xpos': 'CCONJ', 'head': 29, 'deprel': 'cc', 'lemma': 'ו'}, {'id': 29, 'text': 'לכמת', 'upos': 'VERB', 'xpos': 'VERB', 'feats': 'HebBinyan=PIEL|VerbForm=Inf|Voice=Act', 'head': 6, 'deprel': 'conj', 'lemma': 'כימת'}]","(118, 123)",,,,,,
30,את,,"(124, 126)",ADP,ADP,Case=Acc,31.0,case:acc,את
"(31, 33)",השפעתם,"[{'id': 31, 'text': 'השפעה_', 'upos': 'NOUN', 'xpos': 'NOUN', 'feats': 'Definite=Def|Gender=Fem|Number=Sing', 'head': 29, 'deprel': 'obj', 'lemma': 'השפעה'}, {'id': 32, 'text': '_של_', 'upos': 'ADP', 'xpos': 'ADP', 'head': 33, 'deprel': 'case:gen', 'lemma': 'של'}, {'id': 33, 'text': '_הם', 'upos': 'PRON', 'xpos': 'PRON', 'feats': 'Case=Gen|Gender=Masc|Number=Plur|Person=3|PronType=Prs', 'head': 31, 'deprel': 'nmod:poss', 'lemma': 'הוא'}]","(127, 133)",,,,,,
34,על,,"(134, 136)",ADP,ADP,,35.0,case,על
35,קיים,,"(137, 141)",NOUN,NOUN,Definite=Cons|Gender=Masc|Number=Sing,31.0,nmod,קיים
"(36, 37)",הבטון,"[{'id': 36, 'text': 'ה', 'upos': 'DET', 'xpos': 'DET', 'feats': 'PronType=Art', 'head': 37, 'deprel': 'det:def', 'lemma': 'ה'}, {'id': 37, 'text': 'בטון', 'upos': 'NOUN', 'xpos': 'NOUN', 'feats': 'Gender=Masc|Number=Sing', 'head': 35, 'deprel': 'compound:smixut', 'lemma': 'בטון'}]","(142, 147)",,,,,,
"(38, 39)",המזוין,"[{'id': 38, 'text': 'ה', 'upos': 'DET', 'xpos': 'DET', 'feats': 'PronType=Art', 'head': 39, 'deprel': 'det:def', 'lemma': 'ה'}, {'id': 39, 'text': 'מזוין', 'upos': 'VERB', 'xpos': 'VERB', 'feats': 'Gender=Masc|HebBinyan=PUAL|Number=Sing|Person=1,2,3|VerbForm=Part|Voice=Pass', 'head': 37, 'deprel': 'amod', 'lemma': 'מזוין'}]","(148, 154)",,,,,,
"(1, 2)",התנאים,"[{'id': 1, 'text': 'ה', 'upos': 'DET', 'xpos': 'DET', 'feats': 'PronType=Art', 'head': 2, 'deprel': 'det:def', 'lemma': 'ה'}, {'id': 2, 'text': 'תנאים', 'upos': 'NOUN', 'xpos': 'NOUN', 'feats': 'Gender=Masc|Number=Plur', 'head': 10, 'deprel': 'nsubj', 'lemma': 'תנאי'}]","(1, 7)",,,,,,
3,אשר,,"(8, 11)",SCONJ,SCONJ,,6.0,mark,אשר
"(4, 5)",בהם,"[{'id': 4, 'text': 'ב_', 'upos': 'ADP', 'xpos': 'ADP', 'head': 5, 'deprel': 'case', 'lemma': 'ב'}, {'id': 5, 'text': '_הם', 'upos': 'PRON', 'xpos': 'PRON', 'feats': 'Gender=Masc|Number=Plur|Person=3|PronType=Prs', 'head': 6, 'deprel': 'obl', 'lemma': 'הוא'}]","(12, 15)",,,,,,
6,מתקיימים,,"(16, 24)",VERB,VERB,"Gender=Masc|HebBinyan=HITPAEL|Number=Plur|Person=1,2,3|VerbForm=Part",2.0,acl:relcl,התקיים
7,מנגנונים,,"(25, 33)",NOUN,NOUN,Gender=Masc|Number=Plur,6.0,nsubj,מנגנון
8,אלה,,"(34, 37)",PRON,PRON,Gender=Masc|Number=Plur|Person=3|PronType=Dem,7.0,det,אלה
9,הנם,,"(38, 41)",AUX,AUX,Gender=Masc|Number=Plur|Person=3|Polarity=Pos|VerbForm=Part|VerbType=Cop,10.0,cop,הנו
10,נפוצים,,"(42, 48)",ADJ,ADJ,Gender=Masc|Number=Plur,0.0,root,נפוץ
"(11, 12)",בישראל,"[{'id': 11, 'text': 'ב', 'upos': 'ADP', 'xpos': 'ADP', 'head': 12, 'deprel': 'case', 'lemma': 'ב'}, {'id': 12, 'text': 'ישראל', 'upos': 'PROPN', 'xpos': 'PROPN', 'head': 10, 'deprel': 'advmod', 'lemma': 'ישראל'}]","(49, 55)",,,,,,
13,",",,"(55, 56)",PUNCT,PUNCT,,10.0,punct,","
"(14, 15)",ומתקיימים,"[{'id': 14, 'text': 'ו', 'upos': 'CCONJ', 'xpos': 'CCONJ', 'head': 15, 'deprel': 'cc', 'lemma': 'ו'}, {'id': 15, 'text': 'מתקיימים', 'upos': 'VERB', 'xpos': 'VERB', 'feats': 'Gender=Masc|HebBinyan=HITPAEL|Number=Plur|Person=1,2,3|VerbForm=Part', 'head': 10, 'deprel': 'conj', 'lemma': 'התקיים'}]","(57, 66)",,,,,,
16,גם,,"(67, 69)",ADV,ADV,,17.0,advmod,גם
"(17, 18)",באזורים,"[{'id': 17, 'text': 'ב', 'upos': 'ADP', 'xpos': 'ADP', 'head': 18, 'deprel': 'case', 'lemma': 'ב'}, {'id': 18, 'text': 'אזורים', 'upos': 'NOUN', 'xpos': 'NOUN', 'feats': 'Gender=Masc|Number=Plur', 'head': 15, 'deprel': 'obl', 'lemma': 'אזור'}]","(70, 77)",,,,,,
19,רחוקים,,"(78, 84)",ADJ,ADJ,Gender=Masc|Number=Plur,18.0,amod,רחוק
"(20, 21)",מהים,"[{'id': 20, 'text': 'מ', 'upos': 'ADP', 'xpos': 'ADP', 'head': 21, 'deprel': 'case', 'lemma': 'מ'}, {'id': 21, 'text': 'הים', 'upos': 'DET', 'xpos': 'DET', 'feats': 'PronType=Art', 'head': 19, 'deprel': 'det:def', 'lemma': 'הוא'}]","(85, 89)",,,,,,
"(1, 2)",המחקר,"[{'id': 1, 'text': 'ה', 'upos': 'DET', 'xpos': 'DET', 'feats': 'PronType=Art', 'head': 2, 'deprel': 'det:def', 'lemma': 'ה'}, {'id': 2, 'text': 'מחקר', 'upos': 'NOUN', 'xpos': 'NOUN', 'feats': 'Gender=Masc|Number=Sing', 'head': 3, 'deprel': 'nsubj', 'lemma': 'מחקר'}]","(1, 6)",,,,,,
3,איפשר,,"(7, 12)",VERB,VERB,Gender=Masc|HebBinyan=PIEL|Number=Sing|Person=3|Tense=Past|Voice=Act,0.0,root,אפשר
4,לקבוע,,"(13, 18)",VERB,VERB,HebBinyan=PAAL|VerbForm=Inf|Voice=Act,3.0,xcomp,קבע
"(5, 6)",באיזה,"[{'id': 5, 'text': 'ב', 'upos': 'ADP', 'xpos': 'ADP', 'head': 7, 'deprel': 'case', 'lemma': 'ב'}, {'id': 6, 'text': 'איזה', 'upos': 'DET', 'xpos': 'DET', 'feats': 'Definite=Cons', 'head': 7, 'deprel': 'det', 'lemma': 'איזה'}]","(19, 24)",,,,,,
7,מידה,,"(25, 29)",NOUN,NOUN,Gender=Fem|Number=Sing,4.0,obl,מידה
8,גורמי,,"(30, 35)",NOUN,NOUN,Definite=Cons|Gender=Masc|Number=Plur,4.0,nsubj,גורם
"(9, 10)",הבלייה,"[{'id': 9, 'text': 'ה', 'upos': 'DET', 'xpos': 'DET', 'feats': 'PronType=Art', 'head': 10, 'deprel': 'det:def', 'lemma': 'ה'}, {'id': 10, 'text': 'בלייה', 'upos': 'NOUN', 'xpos': 'NOUN', 'feats': 'Gender=Fem|Number=Sing', 'head': 8, 'deprel': 'compound:smixut', 'lemma': 'בלייה'}]","(36, 42)",,,,,,
11,הללו,,"(43, 47)",PRON,PRON,Gender=Masc|Number=Plur|Person=3|PronType=Dem,8.0,det,הללו
12,",",,"(47, 48)",PUNCT,PUNCT,,8.0,punct,","
13,אשר,,"(49, 52)",SCONJ,SCONJ,,15.0,mark,אשר
14,הינם,,"(53, 57)",AUX,AUX,Gender=Masc|Number=Plur|Person=3|Polarity=Pos|VerbForm=Part|VerbType=Cop,15.0,cop,הוא
15,אופייניים,,"(58, 67)",ADJ,ADJ,Gender=Masc|Number=Plur,8.0,acl:relcl,אופייני
16,ביותר,,"(68, 73)",ADV,ADV,,15.0,advmod,ביותר
"(17, 18)",לאקלים,"[{'id': 17, 'text': 'ל', 'upos': 'ADP', 'xpos': 'ADP', 'head': 18, 'deprel': 'case', 'lemma': 'ל'}, {'id': 18, 'text': 'אקלים', 'upos': 'NOUN', 'xpos': 'NOUN', 'feats': 'Gender=Masc|Number=Sing', 'head': 15, 'deprel': 'advmod', 'lemma': 'אקלים'}]","(74, 80)",,,,,,
19,ישראלי,,"(81, 87)",ADJ,ADJ,Gender=Masc|Number=Sing,18.0,amod,ישראלי
20,",",,"(87, 88)",PUNCT,PUNCT,,15.0,punct,","
21,אך,,"(89, 91)",CCONJ,CCONJ,,23.0,cc,אך
22,לא,,"(92, 94)",ADV,ADV,Polarity=Neg,23.0,advmod,לא
23,נלקחו,,"(95, 100)",VERB,VERB,"Gender=Fem,Masc|HebBinyan=NIFAL|Number=Plur|Person=3|Tense=Past|Voice=Mid",15.0,conj,נלקח
"(24, 25)",בחשבון,"[{'id': 24, 'text': 'ב', 'upos': 'ADP', 'xpos': 'ADP', 'head': 25, 'deprel': 'case', 'lemma': 'ב'}, {'id': 25, 'text': 'חשבון', 'upos': 'NOUN', 'xpos': 'NOUN', 'feats': 'Gender=Masc|Number=Sing', 'head': 23, 'deprel': 'obl', 'lemma': 'חשבון'}]","(101, 107)",,,,,,
"(26, 28)",בעבר,"[{'id': 26, 'text': 'ב', 'upos': 'ADP', 'xpos': 'ADP', 'head': 28, 'deprel': 'case', 'lemma': 'ב'}, {'id': 27, 'text': 'ה_', 'upos': 'DET', 'xpos': 'DET', 'feats': 'PronType=Art', 'head': 28, 'deprel': 'det:def', 'lemma': 'ה'}, {'id': 28, 'text': 'עבר', 'upos': 'NOUN', 'xpos': 'NOUN', 'feats': 'Gender=Masc|Number=Sing', 'head': 23, 'deprel': 'obl', 'lemma': 'עבר'}]","(108, 112)",,,,,,
29,",",,"(112, 113)",PUNCT,PUNCT,,30.0,punct,","
30,משנים,,"(114, 119)",VERB,VERB,"Gender=Masc|HebBinyan=PIEL|Number=Plur|Person=1,2,3|VerbForm=Part|Voice=Act",15.0,conj,שינה
31,את,,"(120, 122)",ADP,ADP,Case=Acc,32.0,case:acc,את
32,קיים,,"(123, 127)",NOUN,NOUN,Definite=Cons|Gender=Masc|Number=Sing,30.0,obj,קיים
"(33, 34)",הבטונים,"[{'id': 33, 'text': 'ה', 'upos': 'DET', 'xpos': 'DET', 'feats': 'PronType=Art', 'head': 34, 'deprel': 'det:def', 'lemma': 'ה'}, {'id': 34, 'text': 'בטונים', 'upos': 'NOUN', 'xpos': 'NOUN', 'feats': 'Gender=Masc|Number=Plur', 'head': 32, 'deprel': 'compound:smixut', 'lemma': 'ביטון'}]","(128, 135)",,,,,,
"(35, 36)",בהרכבים,"[{'id': 35, 'text': 'ב', 'upos': 'ADP', 'xpos': 'ADP', 'head': 36, 'deprel': 'case', 'lemma': 'ב'}, {'id': 36, 'text': 'הרכבים', 'upos': 'NOUN', 'xpos': 'NOUN', 'feats': 'Gender=Masc|Number=Plur', 'head': 30, 'deprel': 'obl', 'lemma': 'הרכב'}]","(136, 143)",,,,,,
37,שונים,,"(144, 149)",ADJ,ADJ,Gender=Masc|Number=Plur,36.0,amod,שונה
"(38, 40)",ובתנאי,"[{'id': 38, 'text': 'ו', 'upos': 'CCONJ', 'xpos': 'CCONJ', 'head': 40, 'deprel': 'cc', 'lemma': 'ו'}, {'id': 39, 'text': 'ב', 'upos': 'ADP', 'xpos': 'ADP', 'head': 40, 'deprel': 'case', 'lemma': 'ב'}, {'id': 40, 'text': 'תנאי', 'upos': 'NOUN', 'xpos': 'NOUN', 'feats': 'Definite=Cons|Gender=Masc|Number=Plur', 'head': 36, 'deprel': 'conj', 'lemma': 'תנאי'}]","(150, 156)",,,,,,
41,פריזה,,"(157, 162)",NOUN,NOUN,Gender=Fem|Number=Sing,40.0,compound:smixut,פריזה
42,שונים,,"(163, 168)",ADJ,ADJ,Gender=Masc|Number=Plur,40.0,amod,שונה
43,",",,"(168, 169)",PUNCT,PUNCT,,30.0,punct,","
"(44, 45)",ומהם,"[{'id': 44, 'text': 'ו', 'upos': 'CCONJ', 'xpos': 'CCONJ', 'head': 45, 'deprel': 'cc', 'lemma': 'ו'}, {'id': 45, 'text': 'מהם', 'upos': 'PRON', 'xpos': 'PRON', 'feats': 'Gender=Masc|Number=Plur|PronType=Int', 'head': 30, 'deprel': 'conj', 'lemma': 'מהם'}]","(170, 174)",,,,,,
"(46, 47)",הפרמטרים,"[{'id': 46, 'text': 'ה', 'upos': 'DET', 'xpos': 'DET', 'feats': 'PronType=Art', 'head': 47, 'deprel': 'det:def', 'lemma': 'ה'}, {'id': 47, 'text': 'פרמטרים', 'upos': 'NOUN', 'xpos': 'NOUN', 'feats': 'Gender=Masc|Number=Plur', 'head': 30, 'deprel': 'conj', 'lemma': 'פרמטר'}]","(175, 183)",,,,,,
"(48, 49)",בתכן,"[{'id': 48, 'text': 'ב', 'upos': 'ADP', 'xpos': 'ADP', 'head': 49, 'deprel': 'case', 'lemma': 'ב'}, {'id': 49, 'text': 'תכן', 'upos': 'NOUN', 'xpos': 'NOUN', 'feats': 'Definite=Cons|Gender=Masc|Number=Sing', 'head': 47, 'deprel': 'nmod', 'lemma': 'תכן'}]","(184, 188)",,,,,,
"(50, 51)",הבטון,"[{'id': 50, 'text': 'ה', 'upos': 'DET', 'xpos': 'DET', 'feats': 'PronType=Art', 'head': 51, 'deprel': 'det:def', 'lemma': 'ה'}, {'id': 51, 'text': 'בטון', 'upos': 'NOUN', 'xpos': 'NOUN', 'feats': 'Gender=Masc|Number=Sing', 'head': 49, 'deprel': 'compound:smixut', 'lemma': 'בטון'}]","(189, 194)",,,,,,
"(52, 53)",הנדרשים,"[{'id': 52, 'text': 'ה', 'upos': 'SCONJ', 'xpos': 'SCONJ', 'head': 53, 'deprel': 'mark', 'lemma': 'ה'}, {'id': 53, 'text': 'נדרשים', 'upos': 'VERB', 'xpos': 'VERB', 'feats': 'Gender=Masc|HebBinyan=NIFAL|Number=Plur|Person=1,2,3|VerbForm=Part|Voice=Mid', 'head': 47, 'deprel': 'acl:relcl', 'lemma': 'נדרש'}]","(195, 202)",,,,,,
54,כדי,,"(203, 206)",ADP,ADP,,55.0,case,כדי
55,למתן,,"(207, 211)",VERB,VERB,HebBinyan=PIEL|VerbForm=Inf|Voice=Act,53.0,advcl,מיתן
56,אפקטים,,"(212, 218)",NOUN,NOUN,Gender=Masc|Number=Plur,55.0,obj,אפקט
57,שליליים,,"(219, 226)",ADJ,ADJ,Gender=Masc|Number=Plur,56.0,amod,שלילי
58,אלה,,"(227, 230)",PRON,PRON,Gender=Masc|Number=Plur|Person=3|PronType=Dem,56.0,det,אלה
1,תוצאות,,"(1, 7)",NOUN,NOUN,Definite=Cons|Gender=Fem|Number=Plur,4.0,nsubj,תוצאה
"(2, 3)",המחקר,"[{'id': 2, 'text': 'ה', 'upos': 'DET', 'xpos': 'DET', 'feats': 'PronType=Art', 'head': 3, 'deprel': 'det:def', 'lemma': 'ה'}, {'id': 3, 'text': 'מחקר', 'upos': 'NOUN', 'xpos': 'NOUN', 'feats': 'Gender=Masc|Number=Sing', 'head': 1, 'deprel': 'compound:smixut', 'lemma': 'מחקר'}]","(8, 13)",,,,,,
4,הראו,,"(14, 18)",VERB,VERB,"Gender=Fem,Masc|HebBinyan=HIFIL|Number=Plur|Person=3|Tense=Past|Voice=Act",0.0,root,הראה
"(5, 7)",שמאפייני,"[{'id': 5, 'text': 'ש', 'upos': 'SCONJ', 'xpos': 'SCONJ', 'head': 20, 'deprel': 'mark', 'lemma': 'ש'}, {'id': 6, 'text': 'מ', 'upos': 'NOUN', 'xpos': 'NOUN', 'feats': 'Definite=Cons|Gender=Masc|Number=Plur', 'head': 20, 'deprel': 'nsubj', 'lemma': 'מ'}, {'id': 7, 'text': 'אפייני', 'upos': 'NOUN', 'xpos': 'NOUN', 'feats': 'Definite=Cons|Gender=Masc|Number=Plur', 'head': 20, 'deprel': 'nsubj', 'lemma': 'אפיין'}]","(19, 27)",,,,,,
8,חדירות,,"(28, 34)",NOUN,NOUN,Definite=Cons|Gender=Fem|Number=Sing,7.0,compound:smixut,חדירה
"(9, 10)",הבטונים,"[{'id': 9, 'text': 'ה', 'upos': 'DET', 'xpos': 'DET', 'feats': 'PronType=Art', 'head': 10, 'deprel': 'det:def', 'lemma': 'ה'}, {'id': 10, 'text': 'בטונים', 'upos': 'NOUN', 'xpos': 'NOUN', 'feats': 'Gender=Masc|Number=Plur', 'head': 8, 'deprel': 'compound:smixut', 'lemma': 'ביטון'}]","(35, 42)",,,,,,
11,אשר,,"(43, 46)",SCONJ,SCONJ,,12.0,mark,אשר
12,מקובלים,,"(47, 54)",ADJ,ADJ,Gender=Masc|Number=Plur,7.0,acl:relcl,מקובל
"(13, 15)",בארץ,"[{'id': 13, 'text': 'ב', 'upos': 'ADP', 'xpos': 'ADP', 'head': 15, 'deprel': 'case', 'lemma': 'ב'}, {'id': 14, 'text': 'ה_', 'upos': 'DET', 'xpos': 'DET', 'feats': 'PronType=Art', 'head': 15, 'deprel': 'det:def', 'lemma': 'ה'}, {'id': 15, 'text': 'ארץ', 'upos': 'NOUN', 'xpos': 'NOUN', 'feats': 'Gender=Fem|Number=Sing', 'head': 12, 'deprel': 'obl', 'lemma': 'ארץ'}]","(55, 59)",,,,,,
"(16, 19)",ובעולם,"[{'id': 16, 'text': 'ו', 'upos': 'CCONJ', 'xpos': 'CCONJ', 'head': 19, 'deprel': 'cc', 'lemma': 'ו'}, {'id': 17, 'text': 'ב', 'upos': 'ADP', 'xpos': 'ADP', 'head': 19, 'deprel': 'case', 'lemma': 'ב'}, {'id': 18, 'text': 'ה_', 'upos': 'DET', 'xpos': 'DET', 'feats': 'PronType=Art', 'head': 19, 'deprel': 'det:def', 'lemma': 'ה'}, {'id': 19, 'text': 'עולם', 'upos': 'NOUN', 'xpos': 'NOUN', 'feats': 'Gender=Masc|Number=Sing', 'head': 15, 'deprel': 'conj', 'lemma': 'עולם'}]","(60, 66)",,,,,,
20,השתפרו,,"(67, 73)",VERB,VERB,"Gender=Fem,Masc|HebBinyan=HITPAEL|Number=Plur|Person=3|Tense=Past",4.0,ccomp,השתפר
"(21, 22)",בהשפעת,"[{'id': 21, 'text': 'ב', 'upos': 'ADP', 'xpos': 'ADP', 'head': 22, 'deprel': 'case', 'lemma': 'ב'}, {'id': 22, 'text': 'השפעת', 'upos': 'NOUN', 'xpos': 'NOUN', 'feats': 'Definite=Cons|Gender=Fem|Number=Sing', 'head': 20, 'deprel': 'obl', 'lemma': 'השפעה'}]","(74, 80)",,,,,,
"(23, 24)",הבלייה,"[{'id': 23, 'text': 'ה', 'upos': 'DET', 'xpos': 'DET', 'feats': 'PronType=Art', 'head': 24, 'deprel': 'det:def', 'lemma': 'ה'}, {'id': 24, 'text': 'בלייה', 'upos': 'NOUN', 'xpos': 'NOUN', 'feats': 'Gender=Fem|Number=Sing', 'head': 22, 'deprel': 'compound:smixut', 'lemma': 'בלייה'}]","(81, 87)",,,,,,
"(25, 26)",המשולבת,"[{'id': 25, 'text': 'ה', 'upos': 'DET', 'xpos': 'DET', 'feats': 'PronType=Art', 'head': 26, 'deprel': 'det:def', 'lemma': 'ה'}, {'id': 26, 'text': 'משולבת', 'upos': 'ADJ', 'xpos': 'ADJ', 'feats': 'Gender=Fem|Number=Sing', 'head': 24, 'deprel': 'amod', 'lemma': 'משולב'}]","(88, 95)",,,,,,
"(27, 28)",בקרינה,"[{'id': 27, 'text': 'ב', 'upos': 'ADP', 'xpos': 'ADP', 'head': 28, 'deprel': 'case', 'lemma': 'ב'}, {'id': 28, 'text': 'קרינה', 'upos': 'NOUN', 'xpos': 'NOUN', 'feats': 'Gender=Fem|Number=Sing', 'head': 24, 'deprel': 'nmod', 'lemma': 'קרינה'}]","(96, 102)",,,,,,
"(29, 31)",ובגשם,"[{'id': 29, 'text': 'ו', 'upos': 'CCONJ', 'xpos': 'CCONJ', 'head': 31, 'deprel': 'cc', 'lemma': 'ו'}, {'id': 30, 'text': 'ב', 'upos': 'ADP', 'xpos': 'ADP', 'head': 31, 'deprel': 'case', 'lemma': 'ב'}, {'id': 31, 'text': 'גשם', 'upos': 'NOUN', 'xpos': 'NOUN', 'feats': 'Gender=Masc|Number=Sing', 'head': 28, 'deprel': 'conj', 'lemma': 'גשם'}]","(103, 108)",,,,,,
32,בעל,,"(109, 112)",NOUN,NOUN,Definite=Cons|Gender=Masc|Number=Sing,31.0,acl,בעל
33,חומציות,,"(113, 120)",NOUN,NOUN,Gender=Fem|Number=Plur,32.0,compound:smixut,חומציה
34,טבעית,,"(121, 126)",ADJ,ADJ,Gender=Fem|Number=Sing,33.0,amod,טבעי
1,יחד,,"(1, 4)",ADV,ADV,,3.0,case,יחד
2,עם,,"(5, 7)",ADP,ADP,,3.0,case,עם
3,זאת,,"(8, 11)",PRON,PRON,Gender=Fem|Number=Sing|Person=3|PronType=Dem,8.0,obl,זאת
4,רמת,,"(12, 15)",NOUN,NOUN,Definite=Cons|Gender=Fem|Number=Sing,8.0,nsubj,רמה
5,חומציות,,"(16, 23)",NOUN,NOUN,Definite=Cons|Gender=Fem|Number=Plur,4.0,compound:smixut,חומציה
"(6, 7)",הבטון,"[{'id': 6, 'text': 'ה', 'upos': 'DET', 'xpos': 'DET', 'feats': 'PronType=Art', 'head': 7, 'deprel': 'det:def', 'lemma': 'ה'}, {'id': 7, 'text': 'בטון', 'upos': 'NOUN', 'xpos': 'NOUN', 'feats': 'Gender=Masc|Number=Sing', 'head': 5, 'deprel': 'compound:smixut', 'lemma': 'בטון'}]","(24, 29)",,,,,,
8,עלתה,,"(30, 34)",VERB,VERB,Gender=Fem|HebBinyan=PAAL|Number=Sing|Person=3|Tense=Past|Voice=Act,0.0,root,עלה
"(9, 10)",במידה,"[{'id': 9, 'text': 'ב', 'upos': 'ADP', 'xpos': 'ADP', 'head': 10, 'deprel': 'case', 'lemma': 'ב'}, {'id': 10, 'text': 'מידה', 'upos': 'NOUN', 'xpos': 'NOUN', 'feats': 'Gender=Fem|Number=Sing', 'head': 8, 'deprel': 'obl', 'lemma': 'מידה'}]","(35, 40)",,,,,,
11,ניכרת,,"(41, 46)",ADJ,ADJ,Gender=Fem|Number=Sing,10.0,amod,ניכר
12,",",,"(46, 47)",PUNCT,PUNCT,,8.0,punct,","
"(13, 14)",וערך,"[{'id': 13, 'text': 'ו', 'upos': 'CCONJ', 'xpos': 'CCONJ', 'head': 19, 'deprel': 'cc', 'lemma': 'ו'}, {'id': 14, 'text': 'ערך', 'upos': 'NOUN', 'xpos': 'NOUN', 'feats': 'Definite=Cons|Gender=Masc|Number=Sing', 'head': 19, 'deprel': 'nsubj', 'lemma': 'ערך'}]","(48, 52)",,,,,,
"(15, 16)",ההגבה,"[{'id': 15, 'text': 'ה', 'upos': 'DET', 'xpos': 'DET', 'feats': 'PronType=Art', 'head': 16, 'deprel': 'det:def', 'lemma': 'ה'}, {'id': 16, 'text': 'הגבה', 'upos': 'NOUN', 'xpos': 'NOUN', 'feats': 'Gender=Fem|Number=Sing', 'head': 14, 'deprel': 'compound:smixut', 'lemma': 'הגבה'}]","(53, 58)",,,,,,
17,",",,"(58, 59)",PUNCT,PUNCT,,14.0,punct,","
18,pH,,"(60, 62)",PROPN,PROPN,,14.0,appos,pH
19,ירד,,"(63, 66)",VERB,VERB,Gender=Masc|HebBinyan=PAAL|Number=Sing|Person=3|Tense=Past|Voice=Act,8.0,conj,ירד
"(20, 21)",לערכים,"[{'id': 20, 'text': 'ל', 'upos': 'ADP', 'xpos': 'ADP', 'head': 21, 'deprel': 'case', 'lemma': 'ל'}, {'id': 21, 'text': 'ערכים', 'upos': 'NOUN', 'xpos': 'NOUN', 'feats': 'Gender=Masc|Number=Plur', 'head': 19, 'deprel': 'obl', 'lemma': 'ערך'}]","(67, 73)",,,,,,
22,נמוכים,,"(74, 80)",ADJ,ADJ,Gender=Masc|Number=Plur,21.0,amod,נמוך
23,מ,,"(81, 82)",ADP,ADP,,25.0,case,מ
24,-,,"(82, 83)",PUNCT,PUNCT,,25.0,punct,-
25,10,,"(83, 85)",NUM,NUM,,22.0,advmod,10
1,0,,"(0, 1)",NUM,NUM,,0.0,root,0
1,לכן,,"(1, 4)",ADV,ADV,,10.0,advmod,לכן
2,סכנת,,"(5, 9)",NOUN,NOUN,Definite=Cons|Gender=Fem|Number=Sing,10.0,nsubj:cop,סכנה
3,קורוזית,,"(10, 17)",NOUN,NOUN,Definite=Cons|Gender=Fem|Number=Sing,2.0,compound:smixut,קורוזית
"(4, 5)",הפלדה,"[{'id': 4, 'text': 'ה', 'upos': 'DET', 'xpos': 'DET', 'feats': 'PronType=Art', 'head': 5, 'deprel': 'det:def', 'lemma': 'ה'}, {'id': 5, 'text': 'פלדה', 'upos': 'NOUN', 'xpos': 'NOUN', 'feats': 'Gender=Fem|Number=Sing', 'head': 3, 'deprel': 'compound:smixut', 'lemma': 'פלדה'}]","(18, 23)",,,,,,
"(6, 7)",בבטונים,"[{'id': 6, 'text': 'ב', 'upos': 'ADP', 'xpos': 'ADP', 'head': 7, 'deprel': 'case', 'lemma': 'ב'}, {'id': 7, 'text': 'בטונים', 'upos': 'NOUN', 'xpos': 'NOUN', 'feats': 'Gender=Masc|Number=Plur', 'head': 2, 'deprel': 'nmod', 'lemma': 'ביטון'}]","(24, 31)",,,,,,
8,אלה,,"(32, 35)",PRON,PRON,Gender=Masc|Number=Plur|Person=3|PronType=Dem,7.0,det,אלה
9,הינה,,"(36, 40)",AUX,AUX,Gender=Fem|Number=Sing|Person=3|Polarity=Pos|VerbForm=Part|VerbType=Cop,10.0,cop,הינה
10,גבוהה,,"(41, 46)",ADJ,ADJ,Gender=Fem|Number=Sing,0.0,root,גבוה
11,יותר,,"(47, 51)",ADV,ADV,,10.0,advmod,יותר
1,ייתכן,,"(1, 6)",AUX,AUX,VerbType=Mod,0.0,root,ייתכן
"(2, 4)",שבתנאי,"[{'id': 2, 'text': 'ש', 'upos': 'SCONJ', 'xpos': 'SCONJ', 'head': 10, 'deprel': 'mark', 'lemma': 'ש'}, {'id': 3, 'text': 'ב', 'upos': 'ADP', 'xpos': 'ADP', 'head': 4, 'deprel': 'case', 'lemma': 'ב'}, {'id': 4, 'text': 'תנאי', 'upos': 'NOUN', 'xpos': 'NOUN', 'feats': 'Definite=Cons|Gender=Masc|Number=Plur', 'head': 10, 'deprel': 'obl', 'lemma': 'תנאי'}]","(7, 13)",,,,,,
5,ערך,,"(14, 17)",NOUN,NOUN,Gender=Masc|Number=Sing,4.0,compound:smixut,ערך
6,הגבה,,"(18, 22)",NOUN,NOUN,Definite=Cons|Gender=Fem|Number=Sing,10.0,nsubj,הגבה
7,10,,"(23, 25)",NUM,NUM,,6.0,compound:smixut,10
8,>,,"(26, 27)",PUNCT,PUNCT,,9.0,punct,>
9,pH,,"(28, 30)",PROPN,PROPN,,7.0,dep,pH
10,עלולה,,"(31, 36)",AUX,AUX,"Gender=Fem|Number=Sing|Person=1,2,3|VerbType=Mod",11.0,aux,עלול
11,להתחיל,,"(37, 43)",VERB,VERB,VerbForm=Inf,1.0,advcl,להתחיל
"(12, 13)",בבטון,"[{'id': 12, 'text': 'ב', 'upos': 'ADP', 'xpos': 'ADP', 'head': 13, 'deprel': 'case', 'lemma': 'ב'}, {'id': 13, 'text': 'בטון', 'upos': 'NOUN', 'xpos': 'NOUN', 'feats': 'Definite=Cons|Gender=Masc|Number=Sing', 'head': 11, 'deprel': 'obl', 'lemma': 'בטון'}]","(44, 49)",,,,,,
14,קורוזית,,"(50, 57)",NOUN,NOUN,Definite=Cons|Gender=Fem|Number=Sing,13.0,compound:smixut,קורוזית
15,הפלדה,,"(58, 63)",NOUN,NOUN,Gender=Fem|Number=Sing,14.0,compound:smixut,הפלדה
16,גם,,"(64, 66)",ADV,ADV,,17.0,advmod,גם
"(17, 18)",בגילים,"[{'id': 17, 'text': 'ב', 'upos': 'ADP', 'xpos': 'ADP', 'head': 18, 'deprel': 'case', 'lemma': 'ב'}, {'id': 18, 'text': 'גילים', 'upos': 'NOUN', 'xpos': 'NOUN', 'feats': 'Gender=Masc|Number=Plur', 'head': 11, 'deprel': 'obl', 'lemma': 'גיל'}]","(67, 73)",,,,,,
19,צעירים,,"(74, 80)",ADJ,ADJ,Gender=Masc|Number=Plur,18.0,amod,צעיר
1,קורוזיה,,"(1, 8)",NOUN,NOUN,Gender=Fem|Number=Sing,3.0,nsubj,קורוזיה
2,זו,,"(9, 11)",PRON,PRON,Gender=Fem|Number=Sing|Person=3|PronType=Dem,1.0,det,זו
3,עלולה,,"(12, 17)",AUX,AUX,"Gender=Fem|Number=Sing|Person=1,2,3|VerbType=Mod",4.0,aux,עלול
4,להתפתח,,"(18, 24)",VERB,VERB,HebBinyan=HITPAEL|VerbForm=Inf,0.0,root,התפתח
"(5, 6)",בקצב,"[{'id': 5, 'text': 'ב', 'upos': 'ADP', 'xpos': 'ADP', 'head': 6, 'deprel': 'case', 'lemma': 'ב'}, {'id': 6, 'text': 'קצב', 'upos': 'NOUN', 'xpos': 'NOUN', 'feats': 'Gender=Masc|Number=Sing', 'head': 4, 'deprel': 'obl', 'lemma': 'קצב'}]","(25, 29)",,,,,,
7,מואץ,,"(30, 34)",ADJ,ADJ,Gender=Masc|Number=Sing,6.0,amod,מואץ
"(8, 9)",בבטונים,"[{'id': 8, 'text': 'ב', 'upos': 'ADP', 'xpos': 'ADP', 'head': 9, 'deprel': 'case', 'lemma': 'ב'}, {'id': 9, 'text': 'בטונים', 'upos': 'NOUN', 'xpos': 'NOUN', 'feats': 'Gender=Masc|Number=Plur', 'head': 4, 'deprel': 'obl', 'lemma': 'ביטון'}]","(35, 42)",,,,,,
10,עם,,"(43, 45)",ADP,ADP,,11.0,case,עם
11,ריכוזים,,"(46, 53)",NOUN,NOUN,Gender=Masc|Number=Plur,9.0,nmod,ריכוז
12,נמוכים,,"(54, 60)",ADJ,ADJ,Gender=Masc|Number=Plur,11.0,amod,נמוך
13,של,,"(61, 63)",ADP,ADP,Case=Gen,14.0,case:gen,של
14,אניונים,,"(64, 71)",NOUN,NOUN,Gender=Masc|Number=Plur,11.0,nmod,אניון
15,אנאורגאניים,,"(72, 83)",ADJ,ADJ,Gender=Masc|Number=Plur,14.0,amod,אנאורגאני
16,(,,"(84, 85)",PUNCT,PUNCT,,17.0,punct,(
17,כלורידים,,"(85, 93)",NOUN,NOUN,Gender=Masc|Number=Plur,14.0,appos,כלוריד
18,",",,"(93, 94)",PUNCT,PUNCT,,17.0,punct,","
19,סולפטים,,"(95, 102)",NOUN,NOUN,,17.0,conj,סולףט
"(20, 21)",וניטרטים,"[{'id': 20, 'text': 'ו', 'upos': 'CCONJ', 'xpos': 'CCONJ', 'head': 21, 'deprel': 'cc', 'lemma': 'ו'}, {'id': 21, 'text': 'ניטרטים', 'upos': 'NOUN', 'xpos': 'NOUN', 'feats': 'Gender=Masc|Number=Plur', 'head': 17, 'deprel': 'conj', 'lemma': 'ניטרט'}]","(103, 111)",,,,,,
22,),,"(111, 112)",PUNCT,PUNCT,,17.0,punct,)
23,",",,"(112, 113)",PUNCT,PUNCT,,9.0,punct,","
24,הן,,"(114, 116)",ADV,ADV,,25.0,advmod,הן
"(25, 26)",ממרכיבי,"[{'id': 25, 'text': 'מ', 'upos': 'ADP', 'xpos': 'ADP', 'head': 26, 'deprel': 'case', 'lemma': 'מ'}, {'id': 26, 'text': 'מרכיבי', 'upos': 'NOUN', 'xpos': 'NOUN', 'feats': 'Definite=Cons|Gender=Masc|Number=Plur', 'head': 11, 'deprel': 'nmod', 'lemma': 'מרכיב'}]","(117, 124)",,,,,,
"(27, 28)",הבטון,"[{'id': 27, 'text': 'ה', 'upos': 'DET', 'xpos': 'DET', 'feats': 'PronType=Art', 'head': 28, 'deprel': 'det:def', 'lemma': 'ה'}, {'id': 28, 'text': 'בטון', 'upos': 'NOUN', 'xpos': 'NOUN', 'feats': 'Gender=Masc|Number=Sing', 'head': 26, 'deprel': 'compound:smixut', 'lemma': 'בטון'}]","(125, 130)",,,,,,
29,",",,"(130, 131)",PUNCT,PUNCT,,26.0,punct,","
"(30, 31)",והן,"[{'id': 30, 'text': 'ו', 'upos': 'CCONJ', 'xpos': 'CCONJ', 'head': 34, 'deprel': 'cc', 'lemma': 'ו'}, {'id': 31, 'text': 'הן', 'upos': 'ADV', 'xpos': 'ADV', 'head': 32, 'deprel': 'advmod', 'lemma': 'הן'}]","(132, 135)",,,,,,
"(32, 34)",מהסביבה,"[{'id': 32, 'text': 'מ', 'upos': 'ADP', 'xpos': 'ADP', 'head': 34, 'deprel': 'case', 'lemma': 'מ'}, {'id': 33, 'text': 'ה', 'upos': 'DET', 'xpos': 'DET', 'feats': 'PronType=Art', 'head': 34, 'deprel': 'det:def', 'lemma': 'ה'}, {'id': 34, 'text': 'סביבה', 'upos': 'NOUN', 'xpos': 'NOUN', 'feats': 'Gender=Fem|Number=Sing', 'head': 26, 'deprel': 'conj', 'lemma': 'סביבה'}]","(136, 143)",,,,,,
1,על,,"(1, 3)",ADP,ADP,,13.0,advmod,על
2,כן,,"(4, 6)",PRON,PRON,Person=3|PronType=Dem,13.0,obl,כן
3,",",,"(6, 7)",PUNCT,PUNCT,,13.0,punct,","
"(4, 5)",הגשם,"[{'id': 4, 'text': 'ה', 'upos': 'DET', 'xpos': 'DET', 'feats': 'PronType=Art', 'head': 5, 'deprel': 'det:def', 'lemma': 'ה'}, {'id': 5, 'text': 'גשם', 'upos': 'NOUN', 'xpos': 'NOUN', 'feats': 'Gender=Masc|Number=Sing', 'head': 13, 'deprel': 'nsubj', 'lemma': 'גשם'}]","(8, 12)",,,,,,
6,בעל,,"(13, 16)",NOUN,NOUN,Definite=Cons|Gender=Masc|Number=Sing,5.0,acl,בעל
7,חומציות,,"(17, 24)",NOUN,NOUN,Gender=Fem|Number=Plur,6.0,compound:smixut,חומציה
8,טבעית,,"(25, 30)",ADJ,ADJ,Gender=Fem|Number=Sing,7.0,amod,טבעי
"(9, 10)",בשילוב,"[{'id': 9, 'text': 'ב', 'upos': 'ADP', 'xpos': 'ADP', 'head': 10, 'deprel': 'case', 'lemma': 'ב'}, {'id': 10, 'text': 'שילוב', 'upos': 'NOUN', 'xpos': 'NOUN', 'feats': 'Gender=Masc|Number=Sing', 'head': 13, 'deprel': 'obl', 'lemma': 'שילוב'}]","(31, 37)",,,,,,
11,עם,,"(38, 40)",ADP,ADP,,12.0,case,עם
12,UV,,"(41, 43)",PROPN,PROPN,,10.0,nmod,UV
13,מעורר,,"(44, 49)",VERB,VERB,"Gender=Masc|HebBinyan=PIEL|Number=Sing|Person=1,2,3|VerbForm=Part|Voice=Act",0.0,root,עורר
14,שני,,"(50, 53)",NUM,NUM,Definite=Cons|Gender=Masc|Number=Plur,15.0,nummod,שני
15,תהליכים,,"(54, 61)",NOUN,NOUN,Gender=Masc|Number=Plur,13.0,obj,תהליך
16,בעלי,,"(62, 66)",NOUN,NOUN,Definite=Cons|Gender=Masc|Number=Plur,15.0,acl,בעל
17,השפעה,,"(67, 72)",NOUN,NOUN,Gender=Fem|Number=Sing,16.0,compound:smixut,השפעה
18,מנוגדת,,"(73, 79)",ADJ,ADJ,Gender=Fem|Number=Sing,17.0,amod,מנוגד
"(19, 21)",בהקשר,"[{'id': 19, 'text': 'ב', 'upos': 'ADP', 'xpos': 'ADP', 'head': 21, 'deprel': 'case', 'lemma': 'ב'}, {'id': 20, 'text': 'ה_', 'upos': 'DET', 'xpos': 'DET', 'feats': 'PronType=Art', 'head': 21, 'deprel': 'det:def', 'lemma': 'ה'}, {'id': 21, 'text': 'הקשר', 'upos': 'NOUN', 'xpos': 'NOUN', 'feats': 'Gender=Masc|Number=Sing', 'head': 17, 'deprel': 'nmod', 'lemma': 'הקשר'}]","(80, 85)",,,,,,
22,של,,"(86, 88)",ADP,ADP,Case=Gen,23.0,case:gen,של
23,עמידות,,"(89, 95)",NOUN,NOUN,Definite=Cons|Gender=Fem|Number=Sing,21.0,nmod:poss,עמידות
"(24, 25)",הפלדה,"[{'id': 24, 'text': 'ה', 'upos': 'DET', 'xpos': 'DET', 'feats': 'PronType=Art', 'head': 25, 'deprel': 'det:def', 'lemma': 'ה'}, {'id': 25, 'text': 'פלדה', 'upos': 'NOUN', 'xpos': 'NOUN', 'feats': 'Gender=Fem|Number=Sing', 'head': 23, 'deprel': 'compound:smixut', 'lemma': 'פלדה'}]","(96, 101)",,,,,,
"(26, 27)",בקורוזיה,"[{'id': 26, 'text': 'ב', 'upos': 'ADP', 'xpos': 'ADP', 'head': 27, 'deprel': 'case', 'lemma': 'ב'}, {'id': 27, 'text': 'קורוזיה', 'upos': 'NOUN', 'xpos': 'NOUN', 'feats': 'Gender=Fem|Number=Sing', 'head': 23, 'deprel': 'nmod', 'lemma': 'קורוזיה'}]","(102, 110)",,,,,,
28,:,,"(110, 111)",PUNCT,PUNCT,,15.0,punct,:
29,הקטנת,,"(112, 117)",NOUN,NOUN,Definite=Cons|Gender=Fem|Number=Sing,15.0,appos,הקטנה
"(30, 31)",החדירות,"[{'id': 30, 'text': 'ה', 'upos': 'DET', 'xpos': 'DET', 'feats': 'PronType=Art', 'head': 31, 'deprel': 'det:def', 'lemma': 'ה'}, {'id': 31, 'text': 'חדירות', 'upos': 'NOUN', 'xpos': 'NOUN', 'feats': 'Gender=Fem|Number=Sing', 'head': 29, 'deprel': 'compound:smixut', 'lemma': 'חדירה'}]","(118, 125)",,,,,,
32,",",,"(125, 126)",PUNCT,PUNCT,,29.0,punct,","
33,מחד,,"(127, 130)",ADV,ADV,,29.0,advmod,מחד
34,",",,"(130, 131)",PUNCT,PUNCT,,29.0,punct,","
"(35, 36)",והקטנת,"[{'id': 35, 'text': 'ו', 'upos': 'CCONJ', 'xpos': 'CCONJ', 'head': 36, 'deprel': 'cc', 'lemma': 'ו'}, {'id': 36, 'text': 'הקטנת', 'upos': 'NOUN', 'xpos': 'NOUN', 'feats': 'Definite=Cons|Gender=Fem|Number=Sing', 'head': 29, 'deprel': 'conj', 'lemma': 'הקטנה'}]","(132, 138)",,,,,,
37,ה,,"(139, 140)",DET,DET,PronType=Art,39.0,dep,ה
38,-,,"(140, 141)",PUNCT,PUNCT,,39.0,punct,-
39,pH,,"(141, 143)",NOUN,NOUN,,36.0,compound:smixut,pH
40,",",,"(143, 144)",PUNCT,PUNCT,,29.0,punct,","
41,מאידך,,"(145, 150)",ADV,ADV,,36.0,advmod,מאידך
